log_timestamp,log_timestamp_gregorian,unparsed
1656908535.783719,2022-07-04T07:22:15,
1656908535.785429,2022-07-04T07:22:15,
1656908535.786979,2022-07-04T07:22:15,
1656909514.670887,2022-07-04T07:38:34,
1656909515.810948,2022-07-04T07:38:35,
1656909517.149658,2022-07-04T07:38:37,
1656909517.738162,2022-07-04T07:38:37,
1656909519.533822,2022-07-04T07:38:39,
1656909520.529814,2022-07-04T07:38:40,
1656909521.470917,2022-07-04T07:38:41,
1656909521.907539,2022-07-04T07:38:41,
1656909522.298072,2022-07-04T07:38:42,
1656909522.796842,2022-07-04T07:38:42,
1656909523.501638,2022-07-04T07:38:43,
1656909523.71907,2022-07-04T07:38:43,
1656909523.895995,2022-07-04T07:38:43,
1656909524.607097,2022-07-04T07:38:44,
1656909524.712439,2022-07-04T07:38:44,
1656909524.91153,2022-07-04T07:38:44,
1656909525.104024,2022-07-04T07:38:45,
1656909525.462029,2022-07-04T07:38:45,
1656909525.899825,2022-07-04T07:38:45,
1656909526.07265,2022-07-04T07:38:46,
1656909526.233016,2022-07-04T07:38:46,
1656909526.65585,2022-07-04T07:38:46,
1656909526.846252,2022-07-04T07:38:46,
1656909527.624515,2022-07-04T07:38:47,
1656909527.796033,2022-07-04T07:38:47,
1656909527.964081,2022-07-04T07:38:47,
1656909528.368344,2022-07-04T07:38:48,
1656909528.370371,2022-07-04T07:38:48,
1656909528.543652,2022-07-04T07:38:48,
1656909528.929721,2022-07-04T07:38:48,
1656909528.930954,2022-07-04T07:38:48,
1656909529.086713,2022-07-04T07:38:49,
1656909529.258581,2022-07-04T07:38:49,
1656909529.425563,2022-07-04T07:38:49,
1656909529.544731,2022-07-04T07:38:49,
1656909529.728474,2022-07-04T07:38:49,
1656909529.850443,2022-07-04T07:38:49,
1656909530.059515,2022-07-04T07:38:50,
1656909530.226918,2022-07-04T07:38:50,
1656909530.386362,2022-07-04T07:38:50,
1656909530.543194,2022-07-04T07:38:50,
1656909530.682352,2022-07-04T07:38:50,
1656909530.829955,2022-07-04T07:38:50,
1656909531.002246,2022-07-04T07:38:51,
1656909531.159738,2022-07-04T07:38:51,
1656909531.525675,2022-07-04T07:38:51,
1656909532.146838,2022-07-04T07:38:52,
1656909532.330489,2022-07-04T07:38:52,
1656909532.479648,2022-07-04T07:38:52,
1656909532.642918,2022-07-04T07:38:52,
1656909532.898667,2022-07-04T07:38:52,
1656909533.099306,2022-07-04T07:38:53,
1656909533.287108,2022-07-04T07:38:53,
1656909533.474469,2022-07-04T07:38:53,
1656909534.150873,2022-07-04T07:38:54,
1656909534.431058,2022-07-04T07:38:54,
1656909534.637903,2022-07-04T07:38:54,
1656909534.851389,2022-07-04T07:38:54,
1656909537.061978,2022-07-04T07:38:57,
1656909537.442115,2022-07-04T07:38:57,
1656909537.701344,2022-07-04T07:38:57,
1656909538.850041,2022-07-04T07:38:58,
1656909539.273376,2022-07-04T07:38:59,
1656909539.500536,2022-07-04T07:38:59,
1656909539.690266,2022-07-04T07:38:59,
1656909539.937765,2022-07-04T07:38:59,
1656909540.089888,2022-07-04T07:39:00,
1656909540.33252,2022-07-04T07:39:00,
1656909540.543186,2022-07-04T07:39:00,
1656909541.137794,2022-07-04T07:39:01,
1656909541.305744,2022-07-04T07:39:01,
1656909541.74661,2022-07-04T07:39:01,
1656909547.026879,2022-07-04T07:39:07,
1656909547.592079,2022-07-04T07:39:07,
1656909549.279952,2022-07-04T07:39:09,
1656909553.928349,2022-07-04T07:39:13,
1656909554.530892,2022-07-04T07:39:14,
1656909783.401859,2022-07-04T07:43:03,
1656909783.403194,2022-07-04T07:43:03,
1656909783.404492,2022-07-04T07:43:03,
1656909783.405968,2022-07-04T07:43:03,
1656909783.407121,2022-07-04T07:43:03,
1656909783.408324,2022-07-04T07:43:03,
1656909783.409593,2022-07-04T07:43:03,
1656909783.410816,2022-07-04T07:43:03,
1656909783.41218,2022-07-04T07:43:03,
1656909788.602975,2022-07-04T07:43:08,
1656909788.801134,2022-07-04T07:43:08,
1656909788.928349,2022-07-04T07:43:08,
1656909789.085517,2022-07-04T07:43:09,
1656909789.220826,2022-07-04T07:43:09,
1656909789.369541,2022-07-04T07:43:09,
1656909789.50452,2022-07-04T07:43:09,
1656909789.650659,2022-07-04T07:43:09,
1656909789.784117,2022-07-04T07:43:09,
1656909789.930196,2022-07-04T07:43:09,
1656909790.127456,2022-07-04T07:43:10,
1656909790.383516,2022-07-04T07:43:10,
1656909790.542223,2022-07-04T07:43:10,
1656909790.711956,2022-07-04T07:43:10,
1656909790.891037,2022-07-04T07:43:10,
1656909791.055698,2022-07-04T07:43:11,
1656909791.240287,2022-07-04T07:43:11,
1656909791.445342,2022-07-04T07:43:11,
1656909791.61961,2022-07-04T07:43:11,
1656909791.79118,2022-07-04T07:43:11,
1656909791.984176,2022-07-04T07:43:11,
1656909792.163932,2022-07-04T07:43:12,
1656909792.349449,2022-07-04T07:43:12,
1656909792.506133,2022-07-04T07:43:12,
1656909792.657577,2022-07-04T07:43:12,
1656909792.810266,2022-07-04T07:43:12,
1656909792.968538,2022-07-04T07:43:12,
1656909793.135245,2022-07-04T07:43:13,
1656909793.286966,2022-07-04T07:43:13,
1656909794.72746,2022-07-04T07:43:14,
1656909794.861829,2022-07-04T07:43:14,
1656909795.013455,2022-07-04T07:43:15,
1656909795.173855,2022-07-04T07:43:15,
1656909795.327174,2022-07-04T07:43:15,
1656909804.396464,2022-07-04T07:43:24,
1656909804.880689,2022-07-04T07:43:24,
1656909805.270859,2022-07-04T07:43:25,
1656909805.428786,2022-07-04T07:43:25,
1656909805.59647,2022-07-04T07:43:25,
1656909805.7853,2022-07-04T07:43:25,
1656909806.342214,2022-07-04T07:43:26,
1656909806.52361,2022-07-04T07:43:26,
1656909806.717638,2022-07-04T07:43:26,
1656909806.903369,2022-07-04T07:43:26,
1656909807.067724,2022-07-04T07:43:27,
1656909807.246582,2022-07-04T07:43:27,
1656909807.397999,2022-07-04T07:43:27,
1656909807.796068,2022-07-04T07:43:27,
1656909807.956532,2022-07-04T07:43:27,
1656909808.108272,2022-07-04T07:43:28,
1656909808.250962,2022-07-04T07:43:28,
1656909808.407196,2022-07-04T07:43:28,
1656909808.551307,2022-07-04T07:43:28,
1656909808.71992,2022-07-04T07:43:28,
1656909808.887703,2022-07-04T07:43:28,
1656909809.062126,2022-07-04T07:43:29,
1656909809.222626,2022-07-04T07:43:29,
1656909809.384946,2022-07-04T07:43:29,
1656909809.555233,2022-07-04T07:43:29,
1656909809.747143,2022-07-04T07:43:29,
1656909809.917415,2022-07-04T07:43:29,
1656909810.115525,2022-07-04T07:43:30,
1656909810.319537,2022-07-04T07:43:30,
1656909810.506702,2022-07-04T07:43:30,
1656909810.714969,2022-07-04T07:43:30,
1656909810.899633,2022-07-04T07:43:30,
1656909811.089135,2022-07-04T07:43:31,
1656909811.251846,2022-07-04T07:43:31,
1656909811.423931,2022-07-04T07:43:31,
1656909811.587614,2022-07-04T07:43:31,
1656909811.738344,2022-07-04T07:43:31,
1656909811.899919,2022-07-04T07:43:31,
1656909812.030492,2022-07-04T07:43:32,
1656909812.19109,2022-07-04T07:43:32,
1656909812.337242,2022-07-04T07:43:32,
1656909812.507296,2022-07-04T07:43:32,
1656909812.617752,2022-07-04T07:43:32,
1656909812.752027,2022-07-04T07:43:32,
1656909813.032394,2022-07-04T07:43:33,
1656909813.170952,2022-07-04T07:43:33,
1656909813.533992,2022-07-04T07:43:33,
1656909813.714175,2022-07-04T07:43:33,
1656909813.861855,2022-07-04T07:43:33,
1656909814.016547,2022-07-04T07:43:34,
1656909814.187147,2022-07-04T07:43:34,
1656909814.337592,2022-07-04T07:43:34,
1656909814.492434,2022-07-04T07:43:34,
1656909814.653485,2022-07-04T07:43:34,
1656909814.795009,2022-07-04T07:43:34,
1656909814.958168,2022-07-04T07:43:34,
1656909815.124201,2022-07-04T07:43:35,
1656909815.28192,2022-07-04T07:43:35,
1656909815.797549,2022-07-04T07:43:35,
1656909816.031126,2022-07-04T07:43:36,
1656909816.367669,2022-07-04T07:43:36,
1656909816.579082,2022-07-04T07:43:36,
1656909816.801074,2022-07-04T07:43:36,
1656909817.277524,2022-07-04T07:43:37,
1656909817.472914,2022-07-04T07:43:37,
1656909818.690897,2022-07-04T07:43:38,
1656909818.862403,2022-07-04T07:43:38,
1656909819.029396,2022-07-04T07:43:39,
1656909819.165614,2022-07-04T07:43:39,
1656909819.405535,2022-07-04T07:43:39,
1656909819.604058,2022-07-04T07:43:39,
1656909819.794536,2022-07-04T07:43:39,
1656909819.960565,2022-07-04T07:43:39,
1656909820.416975,2022-07-04T07:43:40,
1656910090.860685,2022-07-04T07:48:10,
1656910092.484157,2022-07-04T07:48:12,
1656910099.075923,2022-07-04T07:48:19,
1656910107.920066,2022-07-04T07:48:27,
1656910116.662354,2022-07-04T07:48:36,
1656910119.975523,2022-07-04T07:48:39,
1656910120.895209,2022-07-04T07:48:40,
1656910121.063351,2022-07-04T07:48:41,
1656910121.196957,2022-07-04T07:48:41,
1656910121.321324,2022-07-04T07:48:41,
1656910121.422116,2022-07-04T07:48:41,
1656910121.549691,2022-07-04T07:48:41,
1656910122.378785,2022-07-04T07:48:42,
1656910126.245735,2022-07-04T07:48:46,
1656910130.32349,2022-07-04T07:48:50,
1656910132.708378,2022-07-04T07:48:52,
1656910132.868952,2022-07-04T07:48:52,
1656910133.007142,2022-07-04T07:48:53,
1656910133.137759,2022-07-04T07:48:53,
1656910133.265059,2022-07-04T07:48:53,
1656910133.393332,2022-07-04T07:48:53,
1656910136.377859,2022-07-04T07:48:56,
1656910136.510268,2022-07-04T07:48:56,
1656910136.634412,2022-07-04T07:48:56,
1656910136.753693,2022-07-04T07:48:56,
1656910136.880657,2022-07-04T07:48:56,
1656910137.017281,2022-07-04T07:48:57,
1656910137.14453,2022-07-04T07:48:57,
1656910140.592486,2022-07-04T07:49:00,
1656910142.116716,2022-07-04T07:49:02,
1656910143.479964,2022-07-04T07:49:03,
1656910144.922313,2022-07-04T07:49:04,
1656910150.553859,2022-07-04T07:49:10,
1656910154.177894,2022-07-04T07:49:14,
1656910154.717307,2022-07-04T07:49:14,
1656910156.908889,2022-07-04T07:49:16,
1656910631.427124,2022-07-04T07:57:11,
1656910632.537044,2022-07-04T07:57:12,
1656910632.713273,2022-07-04T07:57:12,
1656910632.883731,2022-07-04T07:57:12,
1656910633.036902,2022-07-04T07:57:13,
1656910633.188363,2022-07-04T07:57:13,
1656910633.313743,2022-07-04T07:57:13,
1656910634.500632,2022-07-04T07:57:14,
1656910634.662286,2022-07-04T07:57:14,
1656910635.020255,2022-07-04T07:57:15,
1656910637.216081,2022-07-04T07:57:17,
1656910637.223792,2022-07-04T07:57:17,
1656910667.242208,2022-07-04T07:57:47,
1656910673.276308,2022-07-04T07:57:53,
1656910682.836409,2022-07-04T07:58:02,
1656910699.878167,2022-07-04T07:58:19,
1656910709.808231,2022-07-04T07:58:29,
1656910720.332582,2022-07-04T07:58:40,
1656910727.332057,2022-07-04T07:58:47,
1656910739.646538,2022-07-04T07:58:59,
1656910747.340859,2022-07-04T07:59:07,
1656910773.232674,2022-07-04T07:59:33,
1656910790.903186,2022-07-04T07:59:50,
1656910835.560687,2022-07-04T08:00:35,
1656910840.660671,2022-07-04T08:00:40,
1656910879.938092,2022-07-04T08:01:19,
1656910890.03965,2022-07-04T08:01:30,
1656911723.390354,2022-07-04T08:15:23,
1656911751.59213,2022-07-04T08:15:51,
1656911872.801461,2022-07-04T08:17:52,
1656911873.267061,2022-07-04T08:17:53,
1656911916.703235,2022-07-04T08:18:36,
1656911924.21464,2022-07-04T08:18:44,
1656911930.515364,2022-07-04T08:18:50,
1656911983.799098,2022-07-04T08:19:43,
1656911994.464578,2022-07-04T08:19:54,
1656912024.098418,2022-07-04T08:20:24,
1656912040.629107,2022-07-04T08:20:40,
1656912045.883368,2022-07-04T08:20:45,
1656912053.945659,2022-07-04T08:20:53,
1656912809.925449,2022-07-04T08:33:29,
1656912818.48426,2022-07-04T08:33:38,
1656912818.852488,2022-07-04T08:33:38,
1656912819.224185,2022-07-04T08:33:39,
1656912819.225841,2022-07-04T08:33:39,
1656912819.267126,2022-07-04T08:33:39,
1656912819.400347,2022-07-04T08:33:39,
1656912819.655581,2022-07-04T08:33:39,
1656912819.798084,2022-07-04T08:33:39,
1656912819.916137,2022-07-04T08:33:39,
1656912820.044127,2022-07-04T08:33:40,
1656912820.173015,2022-07-04T08:33:40,
1656912820.317099,2022-07-04T08:33:40,
1656912820.450006,2022-07-04T08:33:40,
1656912820.594642,2022-07-04T08:33:40,
1656912820.719531,2022-07-04T08:33:40,
1656912820.860536,2022-07-04T08:33:40,
1656912820.991615,2022-07-04T08:33:40,
1656912821.125891,2022-07-04T08:33:41,
1656912821.819906,2022-07-04T08:33:41,
1656912821.99752,2022-07-04T08:33:41,
1656912822.12704,2022-07-04T08:33:42,
1656912826.349461,2022-07-04T08:33:46,
1656912828.653868,2022-07-04T08:33:48,
1656912829.070423,2022-07-04T08:33:49,
1656912829.22388,2022-07-04T08:33:49,
1656912829.375609,2022-07-04T08:33:49,
1656912829.513658,2022-07-04T08:33:49,
1656912829.656215,2022-07-04T08:33:49,
1656912830.185629,2022-07-04T08:33:50,
1656912830.35282,2022-07-04T08:33:50,
1656912830.508059,2022-07-04T08:33:50,
1656912830.673852,2022-07-04T08:33:50,
1656912830.836666,2022-07-04T08:33:50,
1656912830.993105,2022-07-04T08:33:50,
1656912831.144582,2022-07-04T08:33:51,
1656912831.30014,2022-07-04T08:33:51,
1656912831.452615,2022-07-04T08:33:51,
1656912831.622889,2022-07-04T08:33:51,
1656912831.761162,2022-07-04T08:33:51,
1656912831.921045,2022-07-04T08:33:51,
1656912832.077609,2022-07-04T08:33:52,
1656912832.236301,2022-07-04T08:33:52,
1656912832.38934,2022-07-04T08:33:52,
1656912832.533566,2022-07-04T08:33:52,
1656912832.680646,2022-07-04T08:33:52,
1656912832.821225,2022-07-04T08:33:52,
1656912832.968764,2022-07-04T08:33:52,
1656912833.126144,2022-07-04T08:33:53,
1656912838.835939,2022-07-04T08:33:58,
1656912864.858453,2022-07-04T08:34:24,
1656912940.150112,2022-07-04T08:35:40,
1656914694.55079,2022-07-04T09:04:54,
1656914794.638527,2022-07-04T09:06:34,
1656915761.412706,2022-07-04T09:22:41,
1656915797.783681,2022-07-04T09:23:17,
1656915843.106468,2022-07-04T09:24:03,
1656915858.95178,2022-07-04T09:24:18,
1656915887.532506,2022-07-04T09:24:47,
