cookie,log_timestamp,log_timestamp_gregorian
1,1656911547.872095,2022-07-04T08:12:27
2,1656911711.112599,2022-07-04T08:15:11
3,1656911743.329633,2022-07-04T08:15:43
4,1656911761.729551,2022-07-04T08:16:01
5,1656911795.973216,2022-07-04T08:16:35
1,1656912138.330369,2022-07-04T08:22:18
2,1656912179.68847,2022-07-04T08:22:59
18,1656912314.399292,2022-07-04T08:25:14
21,1656912319.066101,2022-07-04T08:25:19
26,1656912325.54968,2022-07-04T08:25:25
28,1656912326.946552,2022-07-04T08:25:26
30,1656912329.81654,2022-07-04T08:25:29
41,1656912343.526048,2022-07-04T08:25:43
40,1656912343.54154,2022-07-04T08:25:43
39,1656912343.543329,2022-07-04T08:25:43
38,1656912343.571404,2022-07-04T08:25:43
37,1656912343.573159,2022-07-04T08:25:43
36,1656912343.576429,2022-07-04T08:25:43
35,1656912343.578073,2022-07-04T08:25:43
34,1656912343.597373,2022-07-04T08:25:43
33,1656912348.652391,2022-07-04T08:25:48
32,1656912357.130512,2022-07-04T08:25:57
31,1656912364.717699,2022-07-04T08:26:04
29,1656912374.134543,2022-07-04T08:26:14
27,1656912382.63179,2022-07-04T08:26:22
25,1656912393.42353,2022-07-04T08:26:33
24,1656912401.490187,2022-07-04T08:26:41
23,1656912408.497198,2022-07-04T08:26:48
22,1656912418.022247,2022-07-04T08:26:58
20,1656912426.327339,2022-07-04T08:27:06
19,1656912431.766926,2022-07-04T08:27:11
6,1656912450.951242,2022-07-04T08:27:30
7,1656912454.530771,2022-07-04T08:27:34
8,1656912466.480949,2022-07-04T08:27:46
