time_s,time_us,time_steady,last_report_time,last_good_report_time,reports_counter,bad_reports_counter,last_mistake,ignorance_depth,punishments_counter,last_punishment_time,seq,srcSystem,srcComponent,time_gregorian,time_s_from_launch,mins_from_launch,time_steady_from_launch,mins_steady_from_launch,baro_altitude,baro_pressure
1656909104,590400,2451051,2451051,2451051,65481,0,0,0,0,0,98,13,2,2022-07-04T07:31:44,-261,-4.34016,-259922,-4.332033333333333,96.28676272129421,100173.65516007869
1656909143,962900,2490298,2490298,2490298,66481,0,0,0,0,0,63,13,2,2022-07-04T07:32:23,-222,-3.6839516666666667,-220675,-3.677916666666667,97.19820950234474,100162.80539635281
1656909181,829800,2528165,2528165,2528165,67481,0,0,0,0,0,29,13,2,2022-07-04T07:33:01,-184,-3.0528366666666664,-182808,-3.0467999999999997,96.04749591270189,100176.50337078652
1656909222,91700,2567470,2567470,2567470,68481,0,0,0,0,0,11,13,2,2022-07-04T07:33:42,-143,-2.381805,-143503,-2.3917166666666665,96.11426345215078,100175.7085834375
1656909259,230900,2604564,2604564,2604564,69481,0,0,0,0,0,253,13,2,2022-07-04T07:34:19,-106,-1.7628183333333332,-106409,-1.7734833333333335,97.90414287363123,100154.40201816347
1656909337,558200,2682890,2682890,2682890,71481,0,0,0,0,0,185,13,2,2022-07-04T07:35:37,-28,-0.45736333333333334,-28083,-0.46804999999999997,98.46178423775382,100147.7638913234
1656909376,806600,2722138,2722138,2722138,72481,0,0,0,0,0,150,13,2,2022-07-04T07:36:16,11,0.19677666666666666,11165,0.18608333333333332,161.25412403229743,99402.84677419355
1656909452,373000,2797702,2797702,2797702,74481,0,0,0,0,0,82,13,2,2022-07-04T07:37:32,87,1.4562166666666667,86729,1.4454833333333332,621.3459605458612,94080.65098299095
1656909491,271700,2836600,2836600,2836600,75481,0,0,0,0,0,47,13,2,2022-07-04T07:38:11,126,2.104528333333333,125627,2.093783333333333,857.97603944947,91434.9601536929
1656909530,688300,2876016,2876016,2876016,76481,0,0,0,0,0,12,13,2,2022-07-04T07:38:50,165,2.7614716666666665,165043,2.750716666666667,1091.3899072042666,88884.78922374429
1656909567,776800,2913104,2913104,2913104,77481,0,0,0,0,0,235,13,2,2022-07-04T07:39:27,202,3.3796133333333334,202131,3.36885,1310.7687021564934,86540.89495875344
1656909606,545000,2952275,2952275,2952275,78481,0,0,0,0,0,200,13,2,2022-07-04T07:40:06,241,4.0257499999999995,241302,4.0217,1544.9941315197743,84094.06819476983
1656909644,442800,2990022,2990022,2990022,79481,0,0,0,0,0,165,13,2,2022-07-04T07:40:44,279,4.65738,279049,4.650816666666667,1777.4822606756125,81721.25317470926
1656909683,930400,3029255,3029255,3029255,80481,0,0,0,0,0,132,13,2,2022-07-04T07:41:23,318,5.315506666666667,318282,5.3046999999999995,2026.6622894138725,79238.75721231767
1656909722,630500,3068023,3068023,3068023,81481,0,0,0,0,0,97,13,2,2022-07-04T07:42:02,357,5.960508333333333,357050,5.950833333333334,2278.0570971875,76796.62784
1656909760,21100,3105413,3105413,3105413,82481,0,0,0,0,0,62,13,2,2022-07-04T07:42:40,395,6.583685,394440,6.574,2502.9332445684863,74664.25407882677
1656909799,727100,3145340,3145340,3145340,83481,0,0,0,0,0,29,13,2,2022-07-04T07:43:19,434,7.245451666666667,434367,7.239450000000001,2733.744131466687,72525.86477813433
1656909832,517600,3184093,3184093,3184093,84481,0,0,0,0,0,250,13,2,2022-07-04T07:43:52,467,7.79196,473120,7.8853333333333335,2944.9664850281674,70612.96003262642
1656909916,635600,3261956,3261956,3261956,86481,0,0,0,0,0,182,13,2,2022-07-04T07:45:16,551,9.193926666666666,550983,9.18305,3435.2106245255927,66330.20989917507
1656909956,215600,3301879,3301879,3301879,87481,0,0,0,0,0,147,13,2,2022-07-04T07:45:56,591,9.853593333333333,590906,9.848433333333332,3671.734297642458,64340.85945330296
1656909994,161800,3339481,3339481,3339481,88481,0,0,0,0,0,112,13,2,2022-07-04T07:46:34,629,10.48603,628508,10.475133333333334,3900.7116478329613,62461.409523809525
1656910032,579400,3377898,3377898,3377898,89481,0,0,0,0,0,79,13,2,2022-07-04T07:47:12,667,11.126323333333334,666925,11.115416666666667,4125.579278167249,60659.33143904675
1656910071,444400,3416907,3416907,3416907,90481,0,0,0,0,0,44,13,2,2022-07-04T07:47:51,706,11.774073333333332,705934,11.765566666666667,4353.982914686695,58872.38969072165
1656910108,877400,3454509,3454509,3454509,91481,0,0,0,0,0,9,13,2,2022-07-04T07:48:28,743,12.397956666666666,743536,12.392266666666666,4586.828457362823,57094.91333872272
1656910188,798900,3534115,3534115,3534115,93481,0,0,0,0,0,197,13,2,2022-07-04T07:49:48,823,13.729981666666667,823142,13.719033333333334,5073.095022222895,53523.30215331611
1656910225,796400,3571112,3571112,3571112,94481,0,0,0,0,0,162,13,2,2022-07-04T07:50:25,860,14.346606666666666,860139,14.33565,5303.851422174698,51893.10458851942
1656910264,265300,3610580,3610580,3610580,95481,0,0,0,0,0,129,13,2,2022-07-04T07:51:04,899,14.987755,899607,14.99345,5555.620028298611,50160.681244444444
1656910302,995700,3649310,3649310,3649310,96481,0,0,0,0,0,94,13,2,2022-07-04T07:51:42,937,15.633261666666668,938337,15.63895,5787.434625569821,48607.38772077376
1656910341,482100,3687796,3687796,3687796,97481,0,0,0,0,0,59,13,2,2022-07-04T07:52:21,976,16.274701666666665,976823,16.280383333333333,6034.50379209953,46995.11653261841
1656910381,28500,3727656,3727656,3727656,98481,0,0,0,0,0,26,13,2,2022-07-04T07:53:01,1016,16.933808333333335,1016683,16.944716666666668,6272.799039540392,45481.50709219858
1656910420,465700,3767113,3767113,3767113,99481,0,0,0,0,0,247,13,2,2022-07-04T07:53:40,1055,17.591095,1056140,17.602333333333334,6510.147794801096,44013.49653185986
1656910457,427400,3803740,3803740,3803740,100481,0,0,0,0,0,212,13,2,2022-07-04T07:54:17,1092,18.207123333333335,1092767,18.212783333333334,6743.132155700299,42610.14300314466
1656910497,166700,3843479,3843479,3843479,101481,0,0,0,0,0,179,13,2,2022-07-04T07:54:57,1132,18.869445,1132506,18.8751,6980.872662699744,41215.804457050246
1656910536,586200,3882898,3882898,3882898,102481,0,0,0,0,0,144,13,2,2022-07-04T07:55:36,1171,19.526436666666665,1171925,19.532083333333333,7216.336449594966,39871.579149590165
1656910613,503000,3959814,3959814,3959814,104481,0,0,0,0,0,76,13,2,2022-07-04T07:56:53,1248,20.80838333333333,1248841,20.814016666666664,7724.346209934979,37092.444362969756
1656910651,332300,3997987,3997987,3997987,105481,0,0,0,0,0,41,13,2,2022-07-04T07:57:31,1286,21.438871666666667,1287014,21.450233333333333,7956.62581332383,35875.266966824645
1656910689,720600,4036031,4036031,4036031,106481,0,0,0,0,0,6,13,2,2022-07-04T07:58:09,1324,22.07867666666667,1325058,22.0843,8214.269644773474,34563.30698587127
1656910730,438800,4075975,4075975,4075975,107481,0,0,0,0,0,229,13,2,2022-07-04T07:58:50,1365,22.757313333333332,1365002,22.75003333333333,8474.785800190479,33276.607699358385
1656910769,539200,4115075,4115075,4115075,108481,0,0,0,0,0,194,13,2,2022-07-04T07:59:29,1404,23.408986666666667,1404102,23.4017,8736.848185076255,32021.7880794702
1656910807,644400,4153038,4153038,4153038,109481,0,0,0,0,0,159,13,2,2022-07-04T08:00:07,1442,24.044073333333333,1442065,24.03441666666667,8971.56924375,30930.753600000004
1656910847,339700,4192650,4192650,4192650,110481,0,0,0,0,0,126,13,2,2022-07-04T08:00:47,1482,24.705661666666668,1481677,24.694616666666665,9230.467782065438,29762.548113625642
1656910923,892600,4269202,4269202,4269202,112481,0,0,0,0,0,56,13,2,2022-07-04T08:02:03,1558,25.98154333333333,1558229,25.970483333333334,9744.151244736766,27550.646379468377
1656910961,435600,4307009,4307009,4307009,113481,0,0,0,0,0,23,13,2,2022-07-04T08:02:41,1596,26.60726,1596036,26.6006,10015.343444671289,26437.918602288886
1656911038,600200,4383909,4383909,4383909,115481,0,0,0,0,0,209,13,2,2022-07-04T08:03:58,1673,27.893336666666666,1672936,27.882266666666666,10552.237646463172,24342.51663048198
1656911071,497200,4421806,4421806,4421806,116481,0,0,0,0,0,176,13,2,2022-07-04T08:04:31,1706,28.44162,1710833,28.513883333333336,10762.723264077093,23558.75961752279
1656911155,100500,4500693,4500693,4500693,118481,0,0,0,0,0,106,13,2,2022-07-04T08:05:55,1790,29.835008333333334,1789720,29.828666666666667,11262.658440561192,21782.092309873802
1656911192,153900,4537462,4537462,4537462,119481,0,0,0,0,0,73,13,2,2022-07-04T08:06:32,1827,30.452565,1826489,30.441483333333334,11457.492436697983,21125.364619615033
1656911231,618900,4576927,4576927,4576927,120481,0,0,0,0,0,38,13,2,2022-07-04T08:07:11,1866,31.110315,1865954,31.099233333333334,11690.618846952128,20365.58713255685
1656911269,998800,4615481,4615481,4615481,121481,0,0,0,0,0,3,13,2,2022-07-04T08:07:49,1904,31.74998,1904508,31.7418,11938.851006691555,19586.65115644402
1656911308,317500,4653969,4653969,4653969,122481,0,0,0,0,0,226,13,2,2022-07-04T08:08:28,1943,32.388625000000005,1942996,32.38326666666667,12167.513580215973,18895.563519706688
1656911346,181700,4691489,4691489,4691489,123481,0,0,0,0,0,191,13,2,2022-07-04T08:09:06,1981,33.019695,1980516,33.0086,12389.302286585365,18248.59512195122
1656911384,358400,4729666,4729666,4729666,124481,0,0,0,0,0,156,13,2,2022-07-04T08:09:44,2019,33.655973333333336,2018693,33.64488333333333,12631.832128752218,17566.513880126182
1656911422,53300,4767361,4767361,4767361,125481,0,0,0,0,0,123,13,2,2022-07-04T08:10:22,2057,34.28422166666667,2056388,34.273133333333334,12876.176477873792,16905.152852428095
1656911460,770700,4806078,4806078,4806078,126481,0,0,0,0,0,88,13,2,2022-07-04T08:11:00,2095,34.92951166666667,2095105,34.918416666666666,13113.63569965278,16286.330666666663
1656911499,204700,4844616,4844616,4844616,127481,0,0,0,0,0,53,13,2,2022-07-04T08:11:39,2134,35.57007833333333,2133643,35.560716666666664,13296.93548739278,15824.217424826527
1656911537,533900,4882841,4882841,4882841,128481,0,0,0,0,0,20,13,2,2022-07-04T08:12:17,2172,36.20889833333333,2171868,36.1978,13500.96266738514,15325.281759853347
1656911575,940400,4921462,4921462,4921462,129481,0,0,0,0,0,241,13,2,2022-07-04T08:12:55,2210,36.84900666666667,2210489,36.841483333333336,13670.26869367163,14923.248902821317
1656911652,390400,4998035,4998035,4998035,131481,0,0,0,0,0,173,13,2,2022-07-04T08:14:12,2287,38.123173333333334,2287062,38.1177,14119.701210550744,13906.532673267326
1656911690,378800,5035686,5035686,5035686,132481,0,0,0,0,0,138,13,2,2022-07-04T08:14:50,2325,38.75631333333333,2324713,38.74521666666667,14282.00564459623,13556.674240815462
1656911727,55500,5073627,5073627,5073627,133481,0,0,0,0,0,103,13,2,2022-07-04T08:15:27,2362,39.36759166666666,2362654,39.37756666666667,14460.729871447902,13181.618403247634
1656911765,974400,5112281,5112281,5112281,134481,0,0,0,0,0,70,13,2,2022-07-04T08:16:05,2400,40.01624,2401308,40.0218,14667.162943640587,12761.332966168371
1656911803,967300,5150407,5150407,5150407,135481,0,0,0,0,0,35,13,2,2022-07-04T08:16:43,2438,40.649454999999996,2439434,40.65723333333334,14868.763368265954,12363.849769159746
1656911841,608000,5187915,5187915,5187915,136481,0,0,0,0,0,0,13,2,2022-07-04T08:17:21,2476,41.2768,2476942,41.28236666666667,15122.90502799897,11880.40329972502
1656911880,499400,5226806,5226806,5226806,137481,0,0,0,0,0,223,13,2,2022-07-04T08:18:00,2515,41.92499,2515833,41.930550000000004,15330.890103344793,11498.884580703334
1656911918,501400,5265222,5265222,5265222,138481,0,0,0,0,0,188,13,2,2022-07-04T08:18:38,2553,42.55835666666667,2554249,42.570816666666666,15573.317293622884,11069.661306413303
1656911957,115700,5303526,5303526,5303526,139481,0,0,0,0,0,153,13,2,2022-07-04T08:19:17,2592,43.20192833333333,2592553,43.20921666666666,15753.49431383115,10761.066358562957
1656911996,82300,5342388,5342388,5342388,140481,0,0,0,0,0,120,13,2,2022-07-04T08:19:56,2631,43.851371666666665,2631415,43.85691666666666,15960.423923370558,10417.283947948641
1656912035,616700,5381146,5381146,5381146,141481,0,0,0,0,0,85,13,2,2022-07-04T08:20:35,2670,44.51027833333333,2670173,44.50288333333333,16136.902721485449,10132.8006416132
1656912075,54000,5420917,5420917,5420917,142481,0,0,0,0,0,50,13,2,2022-07-04T08:21:15,2710,45.167566666666666,2709944,45.165733333333336,16310.183290655377,9861.045064805583
1656912112,977400,5458558,5458558,5458558,143481,0,0,0,0,0,17,13,2,2022-07-04T08:21:52,2747,45.79962333333334,2747585,45.793083333333335,16490.856927393354,9585.473809523808
1656912151,805800,5497386,5497386,5497386,144481,0,0,0,0,0,238,13,2,2022-07-04T08:22:31,2786,46.44676333333334,2786413,46.440216666666664,16675.973057079227,9311.12089825848
1656912191,845000,5537425,5537425,5537425,145481,0,0,0,0,0,203,13,2,2022-07-04T08:23:11,2826,47.11408333333333,2826452,47.107533333333336,17022.026353038083,8819.184691677448
1656912229,483100,5575168,5575168,5575168,146481,0,0,0,0,0,170,13,2,2022-07-04T08:23:49,2864,47.741385,2864195,47.736583333333336,17348.425279357325,8379.074403369212
1656912269,370500,5614771,5614771,5614771,147481,0,0,0,0,0,135,13,2,2022-07-04T08:24:29,2904,48.406175,2903798,48.39663333333333,17544.098687575974,8125.84943273906
1656912308,762900,5654387,5654387,5654387,148481,0,0,0,0,0,100,13,2,2022-07-04T08:25:08,2943,49.062715000000004,2943414,49.056900000000006,17719.337685066068,7905.587174995388
1656912346,281100,5691855,5691855,5691855,149481,0,0,0,0,0,67,13,2,2022-07-04T08:25:46,2981,49.68801833333334,2980882,49.68136666666667,17884.122134381214,7703.92617627568
1656912424,71600,5769471,5769471,5769471,151481,0,0,0,0,0,253,13,2,2022-07-04T08:27:04,3059,50.98452666666667,3058498,50.97496666666667,18270.165330869902,7251.438556876912
1656912462,524800,5808241,5808241,5808241,152481,0,0,0,0,0,220,13,2,2022-07-04T08:27:42,3097,51.625413333333334,3097268,51.62113333333333,18458.31580899611,7040.65643776824
1656912500,96800,5845639,5845639,5845639,153481,0,0,0,0,0,185,13,2,2022-07-04T08:28:20,3135,52.25161333333333,3134666,52.24443333333333,18630.151140620354,6853.519928613921
1656912538,527900,5884414,5884414,5884414,154481,0,0,0,0,0,150,13,2,2022-07-04T08:28:58,3173,52.892131666666664,3173441,52.89068333333333,18816.75502327277,6655.941049798114
1656912577,186400,5922728,5922728,5922728,155481,0,0,0,0,0,117,13,2,2022-07-04T08:29:37,3212,53.53644,3211755,53.529250000000005,18989.976555697183,6477.640879926672
1656912615,529700,5961010,5961010,5961010,156481,0,0,0,0,0,82,13,2,2022-07-04T08:30:15,3250,54.175495,3250037,54.16728333333333,19171.059793107892,6296.364439211067
1656912651,753700,5998060,5998060,5998060,157481,0,0,0,0,0,47,13,2,2022-07-04T08:30:51,3286,54.779228333333336,3287087,54.78478333333333,19338.987530364837,6132.80117334311
1656912690,728600,6037309,6037309,6037309,158481,0,0,0,0,0,14,13,2,2022-07-04T08:31:30,3325,55.42881,3326336,55.43893333333333,19530.75229113723,5951.222109275731
1656912729,646400,6076256,6076256,6076256,159481,0,0,0,0,0,235,13,2,2022-07-04T08:32:09,3364,56.07744,3365283,56.088049999999996,19732.812122862193,5765.721652373745
1656912768,629800,6114935,6114935,6114935,160481,0,0,0,0,0,200,13,2,2022-07-04T08:32:48,3403,56.72716333333334,3403962,56.7327,19906.584907950513,5610.827129337538
1656912808,455100,6153934,6153934,6153934,161481,0,0,0,0,0,167,13,2,2022-07-04T08:33:28,3443,57.39091833333334,3442961,57.38268333333333,20088.168668958235,5453.428449905481
1656912886,470000,6231776,6231776,6231776,163481,0,0,0,0,0,97,13,2,2022-07-04T08:34:46,3521,58.69116666666666,3520803,58.68005,20455.43068587932,5148.751063829787
1656912925,189100,6270609,6270609,6270609,164481,0,0,0,0,0,64,13,2,2022-07-04T08:35:25,3560,59.336485,3559636,59.32726666666667,20660.574800746894,4986.261769270564
1656912963,592300,6309262,6309262,6309262,165481,0,0,0,0,0,29,13,2,2022-07-04T08:36:03,3598,59.97653833333333,3598289,59.97148333333334,20858.27400380027,4834.669518033835
1656913041,302600,6386757,6386757,6386757,167481,0,0,0,0,0,217,13,2,2022-07-04T08:37:21,3676,61.27171,3675784,61.26306666666667,21286.140325405606,4522.644247787611
1656913078,805300,6424135,6424135,6424135,168481,0,0,0,0,0,182,13,2,2022-07-04T08:37:58,3713,61.896755,3713162,61.88603333333333,21467.856379611596,4396.480659945005
1656913118,705300,6464035,6464035,6464035,169481,0,0,0,0,0,147,13,2,2022-07-04T08:38:38,3753,62.561755,3753062,62.55103333333333,21655.51171875,4270.0
1656913157,462800,6502792,6502792,6502792,170481,0,0,0,0,0,114,13,2,2022-07-04T08:39:17,3792,63.20771333333333,3791819,63.196983333333336,21851.52021306818,4141.89090909091
1656913235,419600,6580864,6580864,6580864,172481,0,0,0,0,0,44,13,2,2022-07-04T08:40:35,3870,64.50699333333334,3869891,64.49818333333333,22263.146612963094,3885.5932126696825
1656913273,655800,6619100,6619100,6619100,173481,0,0,0,0,0,11,13,2,2022-07-04T08:41:13,3908,65.14426333333333,3908127,65.13545,22492.422741216455,3749.9858757062148
1656913312,284400,6657728,6657728,6657728,174481,0,0,0,0,0,232,13,2,2022-07-04T08:41:52,3947,65.78807333333333,3946755,65.77925,22698.10991994157,3632.480659945004
1656913351,615300,6697059,6697059,6697059,175481,0,0,0,0,0,197,13,2,2022-07-04T08:42:31,3986,66.44358833333334,3986086,66.43476666666666,22902.587556077924,3519.4296951819083
1656913388,719400,6734297,6734297,6734297,176481,0,0,0,0,0,164,13,2,2022-07-04T08:43:08,4023,67.06199,4023324,67.0554,23083.125007910246,3422.6320966225508
1656913427,58500,6772522,6772522,6772522,177481,0,0,0,0,0,129,13,2,2022-07-04T08:43:47,4062,67.700975,4061549,67.69248333333333,23272.214081200134,3324.187765957447
1656913465,951700,6811789,6811789,6811789,178481,0,0,0,0,0,94,13,2,2022-07-04T08:44:25,4100,68.349195,4100816,68.34693333333333,23487.404627314412,3215.700320512823
1656913503,598100,6849145,6849145,6849145,179481,0,0,0,0,0,61,13,2,2022-07-04T08:45:03,4138,68.976635,4138172,68.96953333333333,23683.215561111112,3120.1553777777776
1656913543,567300,6889114,6889114,6889114,180481,0,0,0,0,0,26,13,2,2022-07-04T08:45:43,4178,69.64278833333333,4178141,69.63568333333333,23906.778258908107,3014.640879926675
1656913582,778700,6928083,6928083,6928083,181481,0,0,0,0,0,247,13,2,2022-07-04T08:46:22,4217,70.29631166666667,4217110,70.28516666666665,24129.40987443119,2913.2184225041383
1656913620,747800,6966052,6966052,6966052,182481,0,0,0,0,0,214,13,2,2022-07-04T08:47:00,4255,70.92913,4255079,70.91798333333332,24331.07074916732,2824.388087774294
1656913660,392900,7005697,7005697,7005697,183481,0,0,0,0,0,179,13,2,2022-07-04T08:47:40,4295,71.58988166666667,4294724,71.57873333333333,24528.79296875,2740.0
1656913698,253000,7043557,7043557,7043557,184481,0,0,0,0,0,144,13,2,2022-07-04T08:48:18,4333,72.22088333333333,4332584,72.20973333333333,24721.659996880735,2660.191463974301
1656913774,921300,7120599,7120599,7120599,186481,0,0,0,0,0,76,13,2,2022-07-04T08:49:34,4409,73.49868833333333,4409626,73.49376666666667,25079.14393244684,2518.538364215166
1656913813,581500,7158885,7158885,7158885,187481,0,0,0,0,0,41,13,2,2022-07-04T08:50:13,4448,74.14302500000001,4447912,74.13186666666667,25272.555893982095,2445.166312997347
1656913853,144700,7198448,7198448,7198448,188481,0,0,0,0,0,8,13,2,2022-07-04T08:50:53,4488,74.80241166666666,4487475,74.79125,25480.760768682685,2368.6405132905606
1656913892,499700,7237803,7237803,7237803,189481,0,0,0,0,0,229,13,2,2022-07-04T08:51:32,4527,75.45832833333334,4526830,75.44716666666666,25707.075284367693,2288.2553098207322
1656913930,457900,7275761,7275761,7275761,190481,0,0,0,0,0,194,13,2,2022-07-04T08:52:10,4565,76.09096500000001,4564788,76.07979999999999,25908.183201035212,2219.1850733619362
1656913969,852200,7315155,7315155,7315155,191481,0,0,0,0,0,161,13,2,2022-07-04T08:52:49,4604,76.74753666666668,4604182,76.73636666666667,26103.126699725235,2154.2831442463525
1656914008,207700,7353981,7353981,7353981,192481,0,0,0,0,0,126,13,2,2022-07-04T08:53:28,4643,77.38679499999999,4643008,77.38346666666666,26284.037008922864,2095.8065439672814
1656914045,882100,7391431,7391431,7391431,193481,0,0,0,0,0,91,13,2,2022-07-04T08:54:05,4680,78.01470166666667,4680458,78.00763333333333,26431.41350586638,2049.3762383345306
1656914084,475200,7430298,7430298,7430298,194481,0,0,0,0,0,58,13,2,2022-07-04T08:54:44,4719,78.65792,4719325,78.65541666666667,26268.555672439037,2100.752251608286
1656914123,31000,7468427,7468427,7468427,195481,0,0,0,0,0,23,13,2,2022-07-04T08:55:23,4758,79.30051666666667,4757454,79.2909,24702.909356333777,2667.849417249414
1656914200,671000,7545972,7545972,7545972,197481,0,0,0,0,0,211,13,2,2022-07-04T08:56:40,4835,80.59451666666668,4834999,80.58331666666666,21694.60266179289,4244.135718105648
1656914237,959100,7583261,7583261,7583261,198481,1,2,0,1,7578819,176,13,2,2022-07-04T08:57:17,4872,81.215985,4872288,81.20479999999999,20505.415768884068,5108.685207100586
1656914276,553400,7622069,7622069,7622069,199481,1,2,0,1,7578819,141,13,2,2022-07-04T08:57:56,4911,81.85922333333333,4911096,81.85159999999999,19396.605657338365,6077.681825460374
1656914314,125400,7659427,7659427,7659427,200481,1,2,0,1,7578819,108,13,2,2022-07-04T08:58:34,4949,82.48542333333333,4948454,82.47423333333333,18417.683902630786,7085.681469648566
1656914352,743800,7698045,7698045,7698045,201481,1,2,0,1,7578819,73,13,2,2022-07-04T08:59:12,4987,83.12906333333333,4987072,83.11786666666667,17481.47738859349,8206.051312902548
1656914390,642300,7736221,7736221,7736221,202481,1,2,0,1,7578819,38,13,2,2022-07-04T08:59:50,5025,83.760705,5025248,83.75413333333333,16614.54889364185,9401.309297411544
1656914428,827900,7774125,7774125,7774125,203481,1,2,0,1,7578819,5,13,2,2022-07-04T09:00:28,5063,84.39713166666667,5063152,84.38586666666667,15831.481581921631,10630.186564007108
1656914468,226900,7814018,7814018,7814018,204481,1,2,0,1,7578819,226,13,2,2022-07-04T09:01:08,5103,85.05378166666667,5103045,85.05075000000001,15131.320658220036,11864.733992583413
1656914506,419700,7851716,7851716,7851716,205481,1,2,0,1,7578819,191,13,2,2022-07-04T09:01:46,5141,85.69032833333334,5140743,85.67905,14497.184974366703,13106.412303980707
1656914544,873300,7890169,7890169,7890169,206481,1,2,0,1,7578819,158,13,2,2022-07-04T09:02:24,5179,86.33122166666666,5179196,86.31993333333334,13875.073456220774,14451.016197712288
1656914583,400200,7928696,7928696,7928696,207481,1,2,0,1,7578819,123,13,2,2022-07-04T09:03:03,5218,86.97333666666667,5217723,86.96205,13299.106523174829,15818.841498559086
1656914621,245500,7966653,7966653,7966653,208481,1,2,0,1,7578819,88,13,2,2022-07-04T09:03:41,5256,87.60409166666666,5255680,87.59466666666667,12756.186141942597,17226.751420714943
1656914660,238700,8005646,8005646,8005646,209481,1,2,0,1,7578819,55,13,2,2022-07-04T09:04:20,5295,88.25397833333334,5294673,88.24454999999999,12203.222242372995,18789.87493033106
1656914693,805900,8039213,8039213,8039213,210481,1,2,0,1,7578819,20,13,2,2022-07-04T09:04:53,5328,88.81343166666667,5328240,88.804,11752.424806477711,20168.790100824943
1656914721,853700,8067416,8067416,8067416,211481,1,2,0,1,7578819,241,13,2,2022-07-04T09:05:21,5356,89.280895,5356443,89.27405,11388.795517658693,21354.629880843237
1656914750,165600,8095728,8095728,8095728,212481,1,2,0,1,7578819,208,13,2,2022-07-04T09:05:50,5385,89.75276000000001,5384755,89.74591666666667,11028.541559374993,22598.348800000025
1656914778,369200,8123931,8123931,8123931,213481,1,2,0,1,7578819,173,13,2,2022-07-04T09:06:18,5413,90.22282,5412958,90.21596666666666,10682.961167184634,23853.309440879933
1656914806,986000,8152277,8152277,8152277,214481,1,2,0,1,7578819,138,13,2,2022-07-04T09:06:46,5441,90.69976666666666,5441304,90.6884,10343.705514035388,25139.728706624617
1656914835,155100,8180446,8180446,8180446,215481,1,2,0,1,7578819,105,13,2,2022-07-04T09:07:15,5470,91.16925166666667,5469473,91.15788333333333,10013.382351877577,26445.828780934928
1656914863,398000,8208789,8208789,8208789,216481,1,2,0,1,7578819,70,13,2,2022-07-04T09:07:43,5498,91.63996666666667,5497816,91.63026666666666,9685.549748291205,27796.023288749024
1656914891,661500,8236952,8236952,8236952,217481,1,2,0,1,7578819,35,13,2,2022-07-04T09:08:11,5526,92.111025,5525979,92.09965000000001,9363.658126324757,29175.66856095327
1656914920,7500,8265298,8265298,8265298,218481,1,2,0,1,7578819,2,13,2,2022-07-04T09:08:40,5555,92.58345833333333,5554325,92.57208333333332,9048.418713340407,30580.17728706621
1656914948,176500,8293467,8293467,8293467,219481,1,2,0,1,7578819,223,13,2,2022-07-04T09:09:08,5583,93.05294166666665,5582494,93.04156666666667,8743.16371054366,31992.02768102655
1656914976,342500,8321633,8321633,8321633,220481,1,2,0,1,7578819,188,13,2,2022-07-04T09:09:36,5611,93.522375,5610660,93.511,8440.83442010864,33442.06288492707
1656915004,685500,8349976,8349976,8349976,221481,1,2,0,1,7578819,155,13,2,2022-07-04T09:10:04,5639,93.99475833333332,5639003,93.98338333333332,8143.702719516219,34918.70724106321
1656915032,851500,8378142,8378142,8378142,222481,1,2,0,1,7578819,120,13,2,2022-07-04T09:10:32,5667,94.46419166666666,5667169,94.45281666666666,7856.919608497801,36393.70724106321
1656915061,197500,8406488,8406488,8406488,223481,1,2,0,1,7578819,85,13,2,2022-07-04T09:11:01,5696,94.936625,5695515,94.92525,7569.61515336775,37921.70724106326
1656915089,366500,8434657,8434657,8434657,224481,1,2,0,1,7578819,52,13,2,2022-07-04T09:11:29,5724,95.40610833333334,5723684,95.39473333333333,7292.2783016942585,39445.70724106325
1656915117,701900,8463000,8463000,8463000,225481,1,2,0,1,7578819,17,13,2,2022-07-04T09:11:57,5752,95.878365,5752027,95.86711666666666,7013.671880639177,41026.386801099914
1656915145,764700,8491163,8491163,8491163,226481,1,2,0,1,7578819,238,13,2,2022-07-04T09:12:25,5780,96.34607833333332,5780190,96.33649999999999,6748.698156078145,42577.06636113654
1656915174,211300,8519509,8519509,8519509,227481,1,2,0,1,7578819,205,13,2,2022-07-04T09:12:54,5809,96.82018833333333,5808536,96.80893333333333,6483.871058214223,44174.10504124657
1656915202,380500,8547678,8547678,8547678,228481,1,2,0,1,7578819,170,13,2,2022-07-04T09:13:22,5837,97.289675,5836705,97.27841666666667,6217.594416676212,45828.58570119159
1656915230,726500,8576024,8576024,8576024,229481,1,2,0,1,7578819,135,13,2,2022-07-04T09:13:50,5865,97.76210833333333,5865051,97.75085,5964.796943913459,47445.53262411344
1656915258,889500,8604187,8604187,8604187,230481,1,2,0,1,7578819,102,13,2,2022-07-04T09:14:18,5893,98.23149166666667,5893214,98.22023333333333,5720.391147474362,49052.54702108159
1656915287,232500,8632530,8632530,8632530,231481,1,2,0,1,7578819,67,13,2,2022-07-04T09:14:47,5922,98.703875,5921557,98.69261666666667,5476.0215256555575,50703.247318612004
1656915315,401500,8660699,8660699,8660699,232481,1,2,0,1,7578819,32,13,2,2022-07-04T09:15:15,5950,99.17335833333333,5949726,99.1621,5244.719662651809,52306.9448212649
1656915344,816500,8690333,8690333,8690333,233481,1,2,0,1,7578819,255,13,2,2022-07-04T09:15:44,5979,99.66360833333333,5979360,99.65599999999999,4999.497470694172,54051.90064161321
1656915383,126200,8728410,8728410,8728410,234481,1,2,0,1,7578819,220,13,2,2022-07-04T09:16:23,6018,100.30210333333333,6017437,100.29061666666666,4685.3181344331715,56356.33107704557
1656915423,2000,8768284,8768284,8768284,235481,1,2,0,1,7578819,185,13,2,2022-07-04T09:17:03,6058,100.9667,6057311,100.95518333333332,4351.801287258152,58889.23435980553
1656915460,807900,8806334,8806334,8806334,236481,1,2,0,1,7578819,152,13,2,2022-07-04T09:17:40,6095,101.59679833333333,6095361,101.58935,4041.733288182479,61326.276231678174
1656915498,652600,8843934,8843934,8843934,237481,1,2,0,1,7578819,117,13,2,2022-07-04T09:18:18,6133,102.22754333333334,6132961,102.21601666666668,3730.07852694811,63857.66306141157
1656915539,294100,8883576,8883576,8883576,238481,1,2,0,1,7578819,82,13,2,2022-07-04T09:18:59,6174,102.90490166666667,6172603,102.87671666666667,3420.221447772889,66457.94473820634
1656915572,412900,8922059,8922059,8922059,239481,1,2,0,1,7578819,49,13,2,2022-07-04T09:19:32,6207,103.45688166666667,6211086,103.5181,3121.766542706295,69043.21045594332
1656915651,4700,9000286,9000286,9000286,241481,1,2,0,1,7578819,235,13,2,2022-07-04T09:20:51,6286,104.766745,6289313,104.82188333333333,2520.7715168281165,74497.20280636109
1656915689,759600,9039041,9039041,9039041,242481,1,2,0,1,7578819,202,13,2,2022-07-04T09:21:29,6324,105.41266,6328068,105.4678,2238.0070345533813,77181.54376321354
1656915732,280900,9077895,9077895,9077895,243481,1,2,0,1,7578819,167,13,2,2022-07-04T09:22:12,6367,106.12134833333333,6366922,106.11536666666666,1959.9783223505126,79897.03218588635
1656915771,192900,9116954,9116954,9116954,244481,1,2,0,1,7578819,132,13,2,2022-07-04T09:22:51,6406,106.76988166666666,6405981,106.76635,1685.0967592929246,82657.56888297875
1656915810,621200,9156211,9156211,9156211,245481,1,2,0,1,7578819,99,13,2,2022-07-04T09:23:30,6445,107.42702,6445238,107.42063333333334,1421.4898988849952,85377.13844374685
1656915848,450400,9194230,9194230,9194230,246481,1,2,0,1,7578819,64,13,2,2022-07-04T09:24:08,6483,108.05750666666667,6483257,108.05428333333333,1151.5315983213263,88237.15036743919
1656915887,513600,9233083,9233083,9233083,247481,1,2,0,1,7578819,29,13,2,2022-07-04T09:24:47,6522,108.70856,6522110,108.70183333333333,862.2089583244366,91388.19562783961
1656915965,25700,9310407,9310407,9310407,249481,1,2,0,1,7578819,217,13,2,2022-07-04T09:26:05,6600,110.00042833333333,6599434,109.99056666666667,278.89909602070367,98019.25285460545
1656916002,845400,9348501,9348501,9348501,250481,1,2,0,1,7578819,182,13,2,2022-07-04T09:26:42,6637,110.63075666666667,6637528,110.62546666666667,174.2681427001953,99249.0
1656916042,218100,9387599,9387599,9387599,251481,1,2,0,1,7578819,149,13,2,2022-07-04T09:27:22,6677,111.28696833333333,6676626,111.2771,173.10998449701432,99262.67974335472
1656916081,601300,9426982,9426982,9426982,252481,1,2,0,1,7578819,114,13,2,2022-07-04T09:28:01,6716,111.94335500000001,6716009,111.93348333333333,172.8122657748805,99266.19641214352
1656916119,867400,9465436,9465436,9465436,253481,1,2,0,1,7578819,79,13,2,2022-07-04T09:28:39,6754,112.58112333333334,6754463,112.57438333333333,174.04601144845046,99251.62369048854
1656916158,374500,9503799,9503799,9503799,254481,1,2,0,1,7578819,46,13,2,2022-07-04T09:29:18,6793,113.22290833333334,6792826,113.21376666666667,172.2362518310547,99273.0
1656916198,174700,9543599,9543599,9543599,255481,1,2,0,1,7578819,11,13,2,2022-07-04T09:29:58,6833,113.88624499999999,6832626,113.8771,172.10252533739143,99274.57966917293
1656916235,828400,9581393,9581393,9581393,256481,1,2,0,1,7578819,232,13,2,2022-07-04T09:30:35,6870,114.51380666666667,6870420,114.507,172.40669780813946,99270.9868885527
1656916274,433600,9619998,9619998,9619998,257481,1,2,0,1,7578819,199,13,2,2022-07-04T09:31:14,6909,115.15722666666667,6909025,115.15041666666666,171.24661622314446,99284.68942222222
1656916312,716800,9658239,9658239,9658239,258481,1,2,0,1,7578819,164,13,2,2022-07-04T09:31:52,6947,115.79528,6947266,115.78776666666666,171.9528929610179,99276.34704840614
1656916351,885800,9697184,9697184,9697184,259481,1,2,0,1,7578819,129,13,2,2022-07-04T09:32:31,6986,116.44809666666667,6986211,116.43685,172.2378290526824,99272.98145610277
1656916389,900000,9735198,9735198,9735198,260481,1,2,0,1,7578819,96,13,2,2022-07-04T09:33:09,7024,117.08166666666666,7024225,117.07041666666667,170.96305669265342,99288.03868010998
1656916429,216400,9774708,9774708,9774708,261481,1,2,0,1,7578819,61,13,2,2022-07-04T09:33:49,7064,117.73694,7063735,117.72891666666666,172.40557861328125,99271.0
1656916466,709600,9812201,9812201,9812201,262481,1,2,0,1,7578819,26,13,2,2022-07-04T09:34:26,7101,118.36182666666667,7101228,118.3538,170.70034955239566,99291.14165316045
1656916504,731600,9850375,9850375,9850375,263481,1,2,0,1,7578819,249,13,2,2022-07-04T09:35:04,7139,118.99552666666666,7139402,118.99003333333333,171.86634503995788,99277.3693982808
1656916542,463800,9888760,9888760,9888760,264481,1,2,0,1,7578819,214,13,2,2022-07-04T09:35:42,7177,119.62439666666667,7177787,119.62978333333334,171.1732155732578,99285.55639257294
1656916581,467100,9927763,9927763,9927763,265481,1,2,0,1,7578819,179,13,2,2022-07-04T09:36:21,7216,120.27445166666666,7216790,120.27983333333333,170.89334040500387,99288.86214511041
1656916621,30400,9967326,9967326,9967326,266481,1,2,0,1,7578819,146,13,2,2022-07-04T09:37:01,7256,120.93383999999999,7256353,120.93921666666667,171.29842539366896,99284.07736021998
1656916660,224600,10006520,10006520,10006520,267481,1,2,0,1,7578819,111,13,2,2022-07-04T09:37:40,7295,121.58707666666666,7295547,121.59245,171.78766017290172,99278.29869608826
1656916698,451200,10044463,10044463,10044463,268481,1,2,0,1,7578819,76,13,2,2022-07-04T09:38:18,7333,122.22418666666667,7333490,122.22483333333334,171.6652127101953,99279.74500730638
1656916738,589100,10083883,10083883,10083883,269481,1,2,0,1,7578819,43,13,2,2022-07-04T09:38:58,7373,122.89315166666667,7372910,122.88183333333333,171.90293238560318,99276.93717072406
1656916777,177500,10122755,10122755,10122755,270481,1,2,0,1,7578819,8,13,2,2022-07-04T09:39:37,7412,123.53629166666666,7411782,123.5297,172.27725217540905,99272.51572522888
1656916816,528600,10161822,10161822,10161822,271481,1,2,0,1,7578819,229,13,2,2022-07-04T09:40:16,7451,124.19214333333333,7450849,124.18081666666667,172.59730459826196,99268.73547432918
1656916855,172000,10200465,10200465,10200465,272481,1,2,0,1,7578819,196,13,2,2022-07-04T09:40:55,7490,124.83619999999999,7489492,124.82486666666667,171.80024160326423,99278.15008103727
1656916893,338400,10238855,10238855,10238855,273481,1,2,0,1,7578819,161,13,2,2022-07-04T09:41:33,7528,125.47230666666665,7527882,125.4647,172.81478704629927,99266.16655542747
1656916930,998900,10276291,10276291,10276291,274481,1,2,0,1,7578819,126,13,2,2022-07-04T09:42:10,7565,126.09998166666666,7565318,126.08863333333333,172.1076333861523,99274.51934005499
1656916970,26900,10315453,10315453,10315453,275481,1,2,0,1,7578819,93,13,2,2022-07-04T09:42:50,7605,126.75044833333332,7604480,126.74133333333333,173.24644041392372,99261.0681008067
1656917007,462400,10352753,10352753,10352753,276481,1,2,0,1,7578819,58,13,2,2022-07-04T09:43:27,7642,127.37437333333334,7641780,127.363,173.0760589159546,99263.0805015674
