time_s,time_us,command_id,seq,srcSystem,srcComponent,time_gregorian,log_timestamp,log_timestamp_gregorian
1656908530,4374,3,0,0,0,2022-07-04T07:22:10,1656908535.783717,2022-07-04T07:22:15
1656908531,52611,3,0,0,0,2022-07-04T07:22:11,1656908535.785429,2022-07-04T07:22:15
1656908531,524030,3,0,0,0,2022-07-04T07:22:11,1656908535.7869768,2022-07-04T07:22:15
1656909510,955350,2,0,0,0,2022-07-04T07:38:30,1656909514.6708848,2022-07-04T07:38:34
1656909512,103726,2,0,0,0,2022-07-04T07:38:32,1656909515.810948,2022-07-04T07:38:35
1656909513,441262,2,0,0,0,2022-07-04T07:38:33,1656909517.1496558,2022-07-04T07:38:37
1656909514,30159,2,0,0,0,2022-07-04T07:38:34,1656909517.73816,2022-07-04T07:38:37
1656909515,825220,2,0,0,0,2022-07-04T07:38:35,1656909519.53382,2022-07-04T07:38:39
1656909516,821472,2,0,0,0,2022-07-04T07:38:36,1656909520.5298119,2022-07-04T07:38:40
1656909517,762379,2,0,0,0,2022-07-04T07:38:37,1656909521.470917,2022-07-04T07:38:41
1656909518,197531,2,0,0,0,2022-07-04T07:38:38,1656909521.907537,2022-07-04T07:38:41
1656909518,589396,2,0,0,0,2022-07-04T07:38:38,1656909522.2980719,2022-07-04T07:38:42
1656909519,85719,2,0,0,0,2022-07-04T07:38:39,1656909522.79684,2022-07-04T07:38:42
1656909519,792434,2,0,0,0,2022-07-04T07:38:39,1656909523.501636,2022-07-04T07:38:43
1656909520,3314,2,0,0,0,2022-07-04T07:38:40,1656909523.7190678,2022-07-04T07:38:43
1656909520,187380,2,0,0,0,2022-07-04T07:38:40,1656909523.895993,2022-07-04T07:38:43
1656909520,663171,2,0,0,0,2022-07-04T07:38:40,1656909524.607097,2022-07-04T07:38:44
1656909521,3682,2,0,0,0,2022-07-04T07:38:41,1656909524.712437,2022-07-04T07:38:44
1656909521,203172,2,0,0,0,2022-07-04T07:38:41,1656909524.9115279,2022-07-04T07:38:44
1656909521,395391,2,0,0,0,2022-07-04T07:38:41,1656909525.104024,2022-07-04T07:38:45
1656909521,751526,2,0,0,0,2022-07-04T07:38:41,1656909525.462029,2022-07-04T07:38:45
1656909522,191335,2,0,0,0,2022-07-04T07:38:42,1656909525.8998249,2022-07-04T07:38:45
1656909522,363739,2,0,0,0,2022-07-04T07:38:42,1656909526.0726478,2022-07-04T07:38:46
1656909522,523082,2,0,0,0,2022-07-04T07:38:42,1656909526.233016,2022-07-04T07:38:46
1656909522,947404,2,0,0,0,2022-07-04T07:38:42,1656909526.655848,2022-07-04T07:38:46
1656909523,135465,2,0,0,0,2022-07-04T07:38:43,1656909526.846252,2022-07-04T07:38:46
1656909523,916425,2,0,0,0,2022-07-04T07:38:43,1656909527.624513,2022-07-04T07:38:47
1656909524,87420,2,0,0,0,2022-07-04T07:38:44,1656909527.796033,2022-07-04T07:38:47
1656909524,256015,2,0,0,0,2022-07-04T07:38:44,1656909527.9640808,2022-07-04T07:38:47
1656909524,447398,2,0,0,0,2022-07-04T07:38:44,1656909528.3683438,2022-07-04T07:38:48
1656909524,647048,2,0,0,0,2022-07-04T07:38:44,1656909528.370369,2022-07-04T07:38:48
1656909524,835176,2,0,0,0,2022-07-04T07:38:44,1656909528.5436518,2022-07-04T07:38:48
1656909525,11179,2,0,0,0,2022-07-04T07:38:45,1656909528.9297209,2022-07-04T07:38:48
1656909525,203369,2,0,0,0,2022-07-04T07:38:45,1656909528.9309518,2022-07-04T07:38:48
1656909525,375874,2,0,0,0,2022-07-04T07:38:45,1656909529.0867128,2022-07-04T07:38:49
1656909525,543387,2,0,0,0,2022-07-04T07:38:45,1656909529.258581,2022-07-04T07:38:49
1656909525,716429,2,0,0,0,2022-07-04T07:38:45,1656909529.425561,2022-07-04T07:38:49
1656909525,836215,2,0,0,0,2022-07-04T07:38:45,1656909529.544729,2022-07-04T07:38:49
1656909526,20443,2,0,0,0,2022-07-04T07:38:46,1656909529.728472,2022-07-04T07:38:49
1656909526,142395,2,0,0,0,2022-07-04T07:38:46,1656909529.850441,2022-07-04T07:38:49
1656909526,349442,2,0,0,0,2022-07-04T07:38:46,1656909530.0595129,2022-07-04T07:38:50
1656909526,517409,2,0,0,0,2022-07-04T07:38:46,1656909530.2269158,2022-07-04T07:38:50
1656909526,677356,2,0,0,0,2022-07-04T07:38:46,1656909530.38636,2022-07-04T07:38:50
1656909526,834300,2,0,0,0,2022-07-04T07:38:46,1656909530.543192,2022-07-04T07:38:50
1656909526,973446,2,0,0,0,2022-07-04T07:38:46,1656909530.6823518,2022-07-04T07:38:50
1656909527,121006,2,0,0,0,2022-07-04T07:38:47,1656909530.829953,2022-07-04T07:38:50
1656909527,293659,2,0,0,0,2022-07-04T07:38:47,1656909531.002244,2022-07-04T07:38:51
1656909527,450442,2,0,0,0,2022-07-04T07:38:47,1656909531.159736,2022-07-04T07:38:51
1656909527,813718,2,0,0,0,2022-07-04T07:38:47,1656909531.525673,2022-07-04T07:38:51
1656909528,438228,2,0,0,0,2022-07-04T07:38:48,1656909532.146836,2022-07-04T07:38:52
1656909528,618510,2,0,0,0,2022-07-04T07:38:48,1656909532.330489,2022-07-04T07:38:52
1656909528,769731,2,0,0,0,2022-07-04T07:38:48,1656909532.4796479,2022-07-04T07:38:52
1656909528,933191,2,0,0,0,2022-07-04T07:38:48,1656909532.642916,2022-07-04T07:38:52
1656909529,189392,2,0,0,0,2022-07-04T07:38:49,1656909532.898665,2022-07-04T07:38:52
1656909529,389834,2,0,0,0,2022-07-04T07:38:49,1656909533.099304,2022-07-04T07:38:53
1656909529,578305,2,0,0,0,2022-07-04T07:38:49,1656909533.287108,2022-07-04T07:38:53
1656909529,761412,2,0,0,0,2022-07-04T07:38:49,1656909533.474469,2022-07-04T07:38:53
1656909530,441531,2,0,0,0,2022-07-04T07:38:50,1656909534.150873,2022-07-04T07:38:54
1656909530,721426,2,0,0,0,2022-07-04T07:38:50,1656909534.431056,2022-07-04T07:38:54
1656909530,925331,2,0,0,0,2022-07-04T07:38:50,1656909534.6379008,2022-07-04T07:38:54
1656909531,141187,2,0,0,0,2022-07-04T07:38:51,1656909534.851389,2022-07-04T07:38:54
1656909533,348429,2,0,0,0,2022-07-04T07:38:53,1656909537.061976,2022-07-04T07:38:57
1656909533,731380,2,0,0,0,2022-07-04T07:38:53,1656909537.442113,2022-07-04T07:38:57
1656909533,992307,2,0,0,0,2022-07-04T07:38:53,1656909537.701344,2022-07-04T07:38:57
1656909535,139688,2,0,0,0,2022-07-04T07:38:55,1656909538.850041,2022-07-04T07:38:58
1656909535,564307,2,0,0,0,2022-07-04T07:38:55,1656909539.273376,2022-07-04T07:38:59
1656909535,787343,2,0,0,0,2022-07-04T07:38:55,1656909539.500536,2022-07-04T07:38:59
1656909535,980332,2,0,0,0,2022-07-04T07:38:55,1656909539.690264,2022-07-04T07:38:59
1656909536,227540,2,0,0,0,2022-07-04T07:38:56,1656909539.937765,2022-07-04T07:38:59
1656909536,379393,2,0,0,0,2022-07-04T07:38:56,1656909540.0898879,2022-07-04T07:39:00
1656909536,619872,2,0,0,0,2022-07-04T07:38:56,1656909540.33252,2022-07-04T07:39:00
1656909536,832409,2,0,0,0,2022-07-04T07:38:56,1656909540.543184,2022-07-04T07:39:00
1656909537,220583,2,0,0,0,2022-07-04T07:38:57,1656909541.1377919,2022-07-04T07:39:01
1656909537,595553,2,0,0,0,2022-07-04T07:38:57,1656909541.305744,2022-07-04T07:39:01
1656909538,36764,2,0,0,0,2022-07-04T07:38:58,1656909541.746608,2022-07-04T07:39:01
1656909543,313722,2,0,0,0,2022-07-04T07:39:03,1656909547.026877,2022-07-04T07:39:07
1656909543,881197,2,0,0,0,2022-07-04T07:39:03,1656909547.592077,2022-07-04T07:39:07
1656909544,330523,2,0,0,0,2022-07-04T07:39:04,1656909549.2799518,2022-07-04T07:39:09
1656909550,216366,2,0,0,0,2022-07-04T07:39:10,1656909553.928349,2022-07-04T07:39:13
1656909550,819716,2,0,0,0,2022-07-04T07:39:10,1656909554.530892,2022-07-04T07:39:14
1656909777,333355,2,0,0,0,2022-07-04T07:42:57,1656909783.401857,2022-07-04T07:43:03
1656909777,801621,2,0,0,0,2022-07-04T07:42:57,1656909783.403192,2022-07-04T07:43:03
1656909778,21997,2,0,0,0,2022-07-04T07:42:58,1656909783.404492,2022-07-04T07:43:03
1656909778,350235,2,0,0,0,2022-07-04T07:42:58,1656909783.405968,2022-07-04T07:43:03
1656909778,585822,2,0,0,0,2022-07-04T07:42:58,1656909783.407121,2022-07-04T07:43:03
1656909778,806154,2,0,0,0,2022-07-04T07:42:58,1656909783.408324,2022-07-04T07:43:03
1656909779,234382,2,0,0,0,2022-07-04T07:42:59,1656909783.4095929,2022-07-04T07:43:03
1656909779,453871,2,0,0,0,2022-07-04T07:42:59,1656909783.410816,2022-07-04T07:43:03
1656909779,661775,2,0,0,0,2022-07-04T07:42:59,1656909783.41218,2022-07-04T07:43:03
1656909784,871711,2,0,0,0,2022-07-04T07:43:04,1656909788.602973,2022-07-04T07:43:08
1656909785,59329,2,0,0,0,2022-07-04T07:43:05,1656909788.801132,2022-07-04T07:43:08
1656909785,199464,2,0,0,0,2022-07-04T07:43:05,1656909788.928349,2022-07-04T07:43:08
1656909785,355526,2,0,0,0,2022-07-04T07:43:05,1656909789.085517,2022-07-04T07:43:09
1656909785,492285,2,0,0,0,2022-07-04T07:43:05,1656909789.220824,2022-07-04T07:43:09
1656909785,639380,2,0,0,0,2022-07-04T07:43:05,1656909789.369541,2022-07-04T07:43:09
1656909785,775306,2,0,0,0,2022-07-04T07:43:05,1656909789.50452,2022-07-04T07:43:09
1656909785,919655,2,0,0,0,2022-07-04T07:43:05,1656909789.650657,2022-07-04T07:43:09
1656909786,56250,2,0,0,0,2022-07-04T07:43:06,1656909789.784117,2022-07-04T07:43:09
1656909786,199158,2,0,0,0,2022-07-04T07:43:06,1656909789.9301958,2022-07-04T07:43:09
1656909786,355726,2,0,0,0,2022-07-04T07:43:06,1656909790.127456,2022-07-04T07:43:10
1656909786,655882,2,0,0,0,2022-07-04T07:43:06,1656909790.3835158,2022-07-04T07:43:10
1656909786,808475,2,0,0,0,2022-07-04T07:43:06,1656909790.5422208,2022-07-04T07:43:10
1656909786,983131,2,0,0,0,2022-07-04T07:43:06,1656909790.711956,2022-07-04T07:43:10
1656909787,160178,2,0,0,0,2022-07-04T07:43:07,1656909790.891037,2022-07-04T07:43:10
1656909787,327114,2,0,0,0,2022-07-04T07:43:07,1656909791.055696,2022-07-04T07:43:11
1656909787,512356,2,0,0,0,2022-07-04T07:43:07,1656909791.240285,2022-07-04T07:43:11
1656909787,695991,2,0,0,0,2022-07-04T07:43:07,1656909791.44534,2022-07-04T07:43:11
1656909787,891161,2,0,0,0,2022-07-04T07:43:07,1656909791.619608,2022-07-04T07:43:11
1656909788,59947,2,0,0,0,2022-07-04T07:43:08,1656909791.79118,2022-07-04T07:43:11
1656909788,256388,2,0,0,0,2022-07-04T07:43:08,1656909791.984176,2022-07-04T07:43:11
1656909788,435469,2,0,0,0,2022-07-04T07:43:08,1656909792.1639318,2022-07-04T07:43:12
1656909788,621025,2,0,0,0,2022-07-04T07:43:08,1656909792.349449,2022-07-04T07:43:12
1656909788,777367,2,0,0,0,2022-07-04T07:43:08,1656909792.5061328,2022-07-04T07:43:12
1656909788,925494,2,0,0,0,2022-07-04T07:43:08,1656909792.657577,2022-07-04T07:43:12
1656909789,81314,2,0,0,0,2022-07-04T07:43:09,1656909792.8102639,2022-07-04T07:43:12
1656909789,237965,2,0,0,0,2022-07-04T07:43:09,1656909792.968536,2022-07-04T07:43:12
1656909789,405604,2,0,0,0,2022-07-04T07:43:09,1656909793.1352448,2022-07-04T07:43:13
1656909789,558305,2,0,0,0,2022-07-04T07:43:09,1656909793.286964,2022-07-04T07:43:13
1656909790,997371,2,0,0,0,2022-07-04T07:43:10,1656909794.72746,2022-07-04T07:43:14
1656909791,129181,2,0,0,0,2022-07-04T07:43:11,1656909794.861829,2022-07-04T07:43:14
1656909791,282357,2,0,0,0,2022-07-04T07:43:11,1656909795.013453,2022-07-04T07:43:15
1656909791,441256,2,0,0,0,2022-07-04T07:43:11,1656909795.173853,2022-07-04T07:43:15
1656909791,594662,2,0,0,0,2022-07-04T07:43:11,1656909795.327172,2022-07-04T07:43:15
1656909800,667849,2,0,0,0,2022-07-04T07:43:20,1656909804.3964639,2022-07-04T07:43:24
1656909801,151949,2,0,0,0,2022-07-04T07:43:21,1656909804.880689,2022-07-04T07:43:24
1656909801,536036,2,0,0,0,2022-07-04T07:43:21,1656909805.2708569,2022-07-04T07:43:25
1656909801,699073,2,0,0,0,2022-07-04T07:43:21,1656909805.428784,2022-07-04T07:43:25
1656909801,867290,2,0,0,0,2022-07-04T07:43:21,1656909805.596468,2022-07-04T07:43:25
1656909802,54959,2,0,0,0,2022-07-04T07:43:22,1656909805.7853,2022-07-04T07:43:25
1656909802,613610,2,0,0,0,2022-07-04T07:43:22,1656909806.342212,2022-07-04T07:43:26
1656909802,793967,2,0,0,0,2022-07-04T07:43:22,1656909806.523608,2022-07-04T07:43:26
1656909802,989135,2,0,0,0,2022-07-04T07:43:22,1656909806.7176359,2022-07-04T07:43:26
1656909803,174181,2,0,0,0,2022-07-04T07:43:23,1656909806.903369,2022-07-04T07:43:26
1656909803,337470,2,0,0,0,2022-07-04T07:43:23,1656909807.067724,2022-07-04T07:43:27
1656909803,517279,2,0,0,0,2022-07-04T07:43:23,1656909807.24658,2022-07-04T07:43:27
1656909803,661287,2,0,0,0,2022-07-04T07:43:23,1656909807.397997,2022-07-04T07:43:27
1656909804,57512,2,0,0,0,2022-07-04T07:43:24,1656909807.796068,2022-07-04T07:43:27
1656909804,225136,2,0,0,0,2022-07-04T07:43:24,1656909807.956532,2022-07-04T07:43:27
1656909804,377411,2,0,0,0,2022-07-04T07:43:24,1656909808.1082718,2022-07-04T07:43:28
1656909804,521676,2,0,0,0,2022-07-04T07:43:24,1656909808.2509599,2022-07-04T07:43:28
1656909804,678351,2,0,0,0,2022-07-04T07:43:24,1656909808.4071958,2022-07-04T07:43:28
1656909804,822159,2,0,0,0,2022-07-04T07:43:24,1656909808.5513048,2022-07-04T07:43:28
1656909804,989193,2,0,0,0,2022-07-04T07:43:24,1656909808.71992,2022-07-04T07:43:28
1656909805,158594,2,0,0,0,2022-07-04T07:43:25,1656909808.887701,2022-07-04T07:43:28
1656909805,329331,2,0,0,0,2022-07-04T07:43:25,1656909809.062124,2022-07-04T07:43:29
1656909805,488855,2,0,0,0,2022-07-04T07:43:25,1656909809.2226238,2022-07-04T07:43:29
1656909805,649917,2,0,0,0,2022-07-04T07:43:25,1656909809.384944,2022-07-04T07:43:29
1656909805,826189,2,0,0,0,2022-07-04T07:43:25,1656909809.555233,2022-07-04T07:43:29
1656909806,17132,2,0,0,0,2022-07-04T07:43:26,1656909809.747141,2022-07-04T07:43:29
1656909806,186223,2,0,0,0,2022-07-04T07:43:26,1656909809.917413,2022-07-04T07:43:29
1656909806,385900,2,0,0,0,2022-07-04T07:43:26,1656909810.115525,2022-07-04T07:43:30
1656909806,589717,2,0,0,0,2022-07-04T07:43:26,1656909810.319537,2022-07-04T07:43:30
1656909806,777157,2,0,0,0,2022-07-04T07:43:26,1656909810.5067,2022-07-04T07:43:30
1656909806,985614,2,0,0,0,2022-07-04T07:43:26,1656909810.714969,2022-07-04T07:43:30
1656909807,170168,2,0,0,0,2022-07-04T07:43:27,1656909810.899633,2022-07-04T07:43:30
1656909807,356714,2,0,0,0,2022-07-04T07:43:27,1656909811.089133,2022-07-04T07:43:31
1656909807,522162,2,0,0,0,2022-07-04T07:43:27,1656909811.251844,2022-07-04T07:43:31
1656909807,694483,2,0,0,0,2022-07-04T07:43:27,1656909811.423929,2022-07-04T07:43:31
1656909807,858514,2,0,0,0,2022-07-04T07:43:27,1656909811.587612,2022-07-04T07:43:31
1656909808,9150,2,0,0,0,2022-07-04T07:43:28,1656909811.738344,2022-07-04T07:43:31
1656909808,170489,2,0,0,0,2022-07-04T07:43:28,1656909811.899917,2022-07-04T07:43:31
1656909808,301012,2,0,0,0,2022-07-04T07:43:28,1656909812.0304918,2022-07-04T07:43:32
1656909808,461257,2,0,0,0,2022-07-04T07:43:28,1656909812.191088,2022-07-04T07:43:32
1656909808,605727,2,0,0,0,2022-07-04T07:43:28,1656909812.33724,2022-07-04T07:43:32
1656909808,757345,2,0,0,0,2022-07-04T07:43:28,1656909812.5072958,2022-07-04T07:43:32
1656909808,885616,2,0,0,0,2022-07-04T07:43:28,1656909812.6177518,2022-07-04T07:43:32
1656909809,21850,2,0,0,0,2022-07-04T07:43:29,1656909812.752025,2022-07-04T07:43:32
1656909809,302103,2,0,0,0,2022-07-04T07:43:29,1656909813.032392,2022-07-04T07:43:33
1656909809,439940,2,0,0,0,2022-07-04T07:43:29,1656909813.1709518,2022-07-04T07:43:33
1656909809,800346,2,0,0,0,2022-07-04T07:43:29,1656909813.5339918,2022-07-04T07:43:33
1656909809,979961,2,0,0,0,2022-07-04T07:43:29,1656909813.7141728,2022-07-04T07:43:33
1656909810,131364,2,0,0,0,2022-07-04T07:43:30,1656909813.861853,2022-07-04T07:43:33
1656909810,287140,2,0,0,0,2022-07-04T07:43:30,1656909814.0165448,2022-07-04T07:43:34
1656909810,456369,2,0,0,0,2022-07-04T07:43:30,1656909814.187145,2022-07-04T07:43:34
1656909810,608376,2,0,0,0,2022-07-04T07:43:30,1656909814.337592,2022-07-04T07:43:34
1656909810,763488,2,0,0,0,2022-07-04T07:43:30,1656909814.4924319,2022-07-04T07:43:34
1656909810,924390,2,0,0,0,2022-07-04T07:43:30,1656909814.6534848,2022-07-04T07:43:34
1656909811,63748,2,0,0,0,2022-07-04T07:43:31,1656909814.795009,2022-07-04T07:43:34
1656909811,227040,2,0,0,0,2022-07-04T07:43:31,1656909814.958168,2022-07-04T07:43:34
1656909811,391366,2,0,0,0,2022-07-04T07:43:31,1656909815.1242008,2022-07-04T07:43:35
1656909811,548182,2,0,0,0,2022-07-04T07:43:31,1656909815.28192,2022-07-04T07:43:35
1656909812,64293,2,0,0,0,2022-07-04T07:43:32,1656909815.797549,2022-07-04T07:43:35
1656909812,295119,2,0,0,0,2022-07-04T07:43:32,1656909816.0311239,2022-07-04T07:43:36
1656909812,635626,2,0,0,0,2022-07-04T07:43:32,1656909816.3676689,2022-07-04T07:43:36
1656909812,847766,2,0,0,0,2022-07-04T07:43:32,1656909816.5790799,2022-07-04T07:43:36
1656909813,68415,2,0,0,0,2022-07-04T07:43:33,1656909816.801072,2022-07-04T07:43:36
1656909813,548179,2,0,0,0,2022-07-04T07:43:33,1656909817.277524,2022-07-04T07:43:37
1656909813,739372,2,0,0,0,2022-07-04T07:43:33,1656909817.4729118,2022-07-04T07:43:37
1656909814,960754,2,0,0,0,2022-07-04T07:43:34,1656909818.690897,2022-07-04T07:43:38
1656909815,123369,2,0,0,0,2022-07-04T07:43:35,1656909818.862401,2022-07-04T07:43:38
1656909815,299555,2,0,0,0,2022-07-04T07:43:35,1656909819.0293958,2022-07-04T07:43:39
1656909815,436176,2,0,0,0,2022-07-04T07:43:35,1656909819.165612,2022-07-04T07:43:39
1656909815,676099,2,0,0,0,2022-07-04T07:43:35,1656909819.4055328,2022-07-04T07:43:39
1656909815,871701,2,0,0,0,2022-07-04T07:43:35,1656909819.604056,2022-07-04T07:43:39
1656909816,64370,2,0,0,0,2022-07-04T07:43:36,1656909819.7945359,2022-07-04T07:43:39
1656909816,230232,2,0,0,0,2022-07-04T07:43:36,1656909819.9605649,2022-07-04T07:43:39
1656909816,686678,2,0,0,0,2022-07-04T07:43:36,1656909820.4169729,2022-07-04T07:43:40
1656910118,636270,3,0,0,0,2022-07-04T07:48:38,1656910122.378785,2022-07-04T07:48:42
1656910126,582341,2,0,0,0,2022-07-04T07:48:46,1656910130.323488,2022-07-04T07:48:50
1656910128,964316,2,0,0,0,2022-07-04T07:48:48,1656910132.708376,2022-07-04T07:48:52
1656910129,126578,2,0,0,0,2022-07-04T07:48:49,1656910132.868952,2022-07-04T07:48:52
1656910129,264346,2,0,0,0,2022-07-04T07:48:49,1656910133.00714,2022-07-04T07:48:53
1656910129,395276,2,0,0,0,2022-07-04T07:48:49,1656910133.1377568,2022-07-04T07:48:53
1656910129,523231,2,0,0,0,2022-07-04T07:48:49,1656910133.2650568,2022-07-04T07:48:53
1656910129,651111,2,0,0,0,2022-07-04T07:48:49,1656910133.393332,2022-07-04T07:48:53
1656910132,636343,2,0,0,0,2022-07-04T07:48:52,1656910136.377857,2022-07-04T07:48:56
1656910132,767272,2,0,0,0,2022-07-04T07:48:52,1656910136.510268,2022-07-04T07:48:56
1656910132,892120,2,0,0,0,2022-07-04T07:48:52,1656910136.6344118,2022-07-04T07:48:56
1656910133,8191,2,0,0,0,2022-07-04T07:48:53,1656910136.7536929,2022-07-04T07:48:56
1656910133,135229,2,0,0,0,2022-07-04T07:48:53,1656910136.880657,2022-07-04T07:48:56
1656910133,272337,2,0,0,0,2022-07-04T07:48:53,1656910137.0172808,2022-07-04T07:48:57
1656910133,398938,2,0,0,0,2022-07-04T07:48:53,1656910137.144528,2022-07-04T07:48:57
1656910627,675761,2,0,0,0,2022-07-04T07:57:07,1656910631.427124,2022-07-04T07:57:11
1656910628,788131,2,0,0,0,2022-07-04T07:57:08,1656910632.5370438,2022-07-04T07:57:12
1656910628,963621,2,0,0,0,2022-07-04T07:57:08,1656910632.7132728,2022-07-04T07:57:12
1656910629,132318,2,0,0,0,2022-07-04T07:57:09,1656910632.883729,2022-07-04T07:57:12
1656910629,286791,2,0,0,0,2022-07-04T07:57:09,1656910633.0369,2022-07-04T07:57:13
1656910629,432274,2,0,0,0,2022-07-04T07:57:09,1656910633.188361,2022-07-04T07:57:13
1656910629,558983,2,0,0,0,2022-07-04T07:57:09,1656910633.313741,2022-07-04T07:57:13
1656910630,744006,2,0,0,0,2022-07-04T07:57:10,1656910634.5006318,2022-07-04T07:57:14
1656910630,900151,2,0,0,0,2022-07-04T07:57:10,1656910634.662284,2022-07-04T07:57:14
1656910631,267187,2,0,0,0,2022-07-04T07:57:11,1656910635.020253,2022-07-04T07:57:15
1656910633,448965,0,0,0,0,2022-07-04T07:57:13,1656910637.216081,2022-07-04T07:57:17
1656910633,449975,1,0,0,0,2022-07-04T07:57:13,1656910637.2237918,2022-07-04T07:57:17
1656911869,25939,3,0,0,0,2022-07-04T08:17:49,1656911872.801461,2022-07-04T08:17:52
1656911869,489459,3,0,0,0,2022-07-04T08:17:49,1656911873.267061,2022-07-04T08:17:53
1656912814,664305,3,0,0,0,2022-07-04T08:33:34,1656912818.4842598,2022-07-04T08:33:38
1656912815,31837,3,0,0,0,2022-07-04T08:33:35,1656912818.852488,2022-07-04T08:33:38
1656912815,180287,3,0,0,0,2022-07-04T08:33:35,1656912819.224185,2022-07-04T08:33:39
1656912815,323884,3,0,0,0,2022-07-04T08:33:35,1656912819.2258408,2022-07-04T08:33:39
1656912815,447625,3,0,0,0,2022-07-04T08:33:35,1656912819.267124,2022-07-04T08:33:39
1656912815,579920,3,0,0,0,2022-07-04T08:33:35,1656912819.4003448,2022-07-04T08:33:39
1656912815,835182,3,0,0,0,2022-07-04T08:33:35,1656912819.655581,2022-07-04T08:33:39
1656912815,971710,3,0,0,0,2022-07-04T08:33:35,1656912819.798084,2022-07-04T08:33:39
1656912816,95650,3,0,0,0,2022-07-04T08:33:36,1656912819.916137,2022-07-04T08:33:39
1656912816,223396,3,0,0,0,2022-07-04T08:33:36,1656912820.0441248,2022-07-04T08:33:40
1656912816,351501,3,0,0,0,2022-07-04T08:33:36,1656912820.173013,2022-07-04T08:33:40
1656912816,495024,3,0,0,0,2022-07-04T08:33:36,1656912820.317097,2022-07-04T08:33:40
1656912816,625792,3,0,0,0,2022-07-04T08:33:36,1656912820.4500039,2022-07-04T08:33:40
1656912816,767300,3,0,0,0,2022-07-04T08:33:36,1656912820.59464,2022-07-04T08:33:40
1656912816,899921,3,0,0,0,2022-07-04T08:33:36,1656912820.719529,2022-07-04T08:33:40
1656912817,39223,3,0,0,0,2022-07-04T08:33:37,1656912820.8605359,2022-07-04T08:33:40
1656912817,171645,3,0,0,0,2022-07-04T08:33:37,1656912820.991613,2022-07-04T08:33:40
1656912817,303429,3,0,0,0,2022-07-04T08:33:37,1656912821.1258888,2022-07-04T08:33:41
1656912817,999490,3,0,0,0,2022-07-04T08:33:37,1656912821.8199039,2022-07-04T08:33:41
1656912818,171629,3,0,0,0,2022-07-04T08:33:38,1656912821.99752,2022-07-04T08:33:41
1656912818,302063,3,0,0,0,2022-07-04T08:33:38,1656912822.12704,2022-07-04T08:33:42
1656912824,830272,3,0,0,0,2022-07-04T08:33:44,1656912828.653868,2022-07-04T08:33:48
1656912825,248723,3,0,0,0,2022-07-04T08:33:45,1656912829.070421,2022-07-04T08:33:49
1656912825,402512,3,0,0,0,2022-07-04T08:33:45,1656912829.2238798,2022-07-04T08:33:49
1656912825,551654,3,0,0,0,2022-07-04T08:33:45,1656912829.375609,2022-07-04T08:33:49
1656912825,692629,3,0,0,0,2022-07-04T08:33:45,1656912829.513656,2022-07-04T08:33:49
1656912825,836110,3,0,0,0,2022-07-04T08:33:45,1656912829.6562128,2022-07-04T08:33:49
1656912826,354861,3,0,0,0,2022-07-04T08:33:46,1656912830.185629,2022-07-04T08:33:50
1656912826,531631,3,0,0,0,2022-07-04T08:33:46,1656912830.35282,2022-07-04T08:33:50
1656912826,687577,3,0,0,0,2022-07-04T08:33:46,1656912830.5080569,2022-07-04T08:33:50
1656912826,851654,3,0,0,0,2022-07-04T08:33:46,1656912830.673852,2022-07-04T08:33:50
1656912827,14992,3,0,0,0,2022-07-04T08:33:47,1656912830.836664,2022-07-04T08:33:50
1656912827,172182,3,0,0,0,2022-07-04T08:33:47,1656912830.993105,2022-07-04T08:33:50
1656912827,323609,3,0,0,0,2022-07-04T08:33:47,1656912831.14458,2022-07-04T08:33:51
1656912827,479695,3,0,0,0,2022-07-04T08:33:47,1656912831.30014,2022-07-04T08:33:51
1656912827,631306,3,0,0,0,2022-07-04T08:33:47,1656912831.4526129,2022-07-04T08:33:51
1656912827,787771,3,0,0,0,2022-07-04T08:33:47,1656912831.622889,2022-07-04T08:33:51
1656912827,939738,3,0,0,0,2022-07-04T08:33:47,1656912831.76116,2022-07-04T08:33:51
1656912828,99830,3,0,0,0,2022-07-04T08:33:48,1656912831.9210448,2022-07-04T08:33:51
1656912828,255927,3,0,0,0,2022-07-04T08:33:48,1656912832.0776088,2022-07-04T08:33:52
1656912828,415731,3,0,0,0,2022-07-04T08:33:48,1656912832.236301,2022-07-04T08:33:52
1656912828,562720,3,0,0,0,2022-07-04T08:33:48,1656912832.38934,2022-07-04T08:33:52
1656912828,712491,3,0,0,0,2022-07-04T08:33:48,1656912832.5335639,2022-07-04T08:33:52
1656912828,859628,3,0,0,0,2022-07-04T08:33:48,1656912832.680644,2022-07-04T08:33:52
1656912829,111,3,0,0,0,2022-07-04T08:33:49,1656912832.821225,2022-07-04T08:33:52
1656912829,147809,3,0,0,0,2022-07-04T08:33:49,1656912832.9687638,2022-07-04T08:33:52
1656912829,304615,3,0,0,0,2022-07-04T08:33:49,1656912833.126144,2022-07-04T08:33:53
