time_s,time_us,seq,srcSystem,srcComponent,time_gregorian,log_timestamp,log_timestamp_gregorian
1656911542,203783,1,0,0,2022-07-04T08:12:22,1656911547.872093,2022-07-04T08:12:27
1656911705,387878,2,0,0,2022-07-04T08:15:05,1656911711.112597,2022-07-04T08:15:11
1656911735,852982,3,0,0,2022-07-04T08:15:35,1656911743.329633,2022-07-04T08:15:43
1656911756,594753,4,0,0,2022-07-04T08:15:56,1656911761.729549,2022-07-04T08:16:01
1656911790,213202,5,0,0,2022-07-04T08:16:30,1656911795.9732158,2022-07-04T08:16:35
1656922934,802905,1,0,0,2022-07-04T11:22:14,1656912138.330369,2022-07-04T08:22:18
1656922975,801900,2,0,0,2022-07-04T11:22:55,1656912179.688468,2022-07-04T08:22:59
1656923110,988227,18,0,0,2022-07-04T11:25:10,1656912314.399292,2022-07-04T08:25:14
1656923117,343091,21,0,0,2022-07-04T11:25:17,1656912319.0661008,2022-07-04T08:25:19
1656923123,596345,26,0,0,2022-07-04T11:25:23,1656912325.54968,2022-07-04T08:25:25
1656923125,508324,28,0,0,2022-07-04T11:25:25,1656912326.946552,2022-07-04T08:25:26
1656923127,601779,30,0,0,2022-07-04T11:25:27,1656912329.81654,2022-07-04T08:25:29
1656923138,530253,41,0,0,2022-07-04T11:25:38,1656912343.526048,2022-07-04T08:25:43
1656923137,466756,40,0,0,2022-07-04T11:25:37,1656912343.54154,2022-07-04T08:25:43
1656923136,722542,39,0,0,2022-07-04T11:25:36,1656912343.543329,2022-07-04T08:25:43
1656923135,889435,38,0,0,2022-07-04T11:25:35,1656912343.571404,2022-07-04T08:25:43
1656923135,156586,37,0,0,2022-07-04T11:25:35,1656912343.5731568,2022-07-04T08:25:43
1656923134,221646,36,0,0,2022-07-04T11:25:34,1656912343.576429,2022-07-04T08:25:43
1656923133,164206,35,0,0,2022-07-04T11:25:33,1656912343.578073,2022-07-04T08:25:43
1656923131,965565,34,0,0,2022-07-04T11:25:31,1656912343.597373,2022-07-04T08:25:43
1656923130,916988,33,0,0,2022-07-04T11:25:30,1656912348.6523888,2022-07-04T08:25:48
1656923129,930498,32,0,0,2022-07-04T11:25:29,1656912357.130512,2022-07-04T08:25:57
1656923128,650778,31,0,0,2022-07-04T11:25:28,1656912364.717697,2022-07-04T08:26:04
1656923126,393138,29,0,0,2022-07-04T11:25:26,1656912374.134541,2022-07-04T08:26:14
1656923124,594060,27,0,0,2022-07-04T11:25:24,1656912382.631788,2022-07-04T08:26:22
1656923122,529128,25,0,0,2022-07-04T11:25:22,1656912393.423528,2022-07-04T08:26:33
1656923120,647584,24,0,0,2022-07-04T11:25:20,1656912401.490185,2022-07-04T08:26:41
1656923119,508338,23,0,0,2022-07-04T11:25:19,1656912408.497196,2022-07-04T08:26:48
1656923118,400775,22,0,0,2022-07-04T11:25:18,1656912418.022245,2022-07-04T08:26:58
1656923116,335522,20,0,0,2022-07-04T11:25:16,1656912426.327337,2022-07-04T08:27:06
1656923115,380798,19,0,0,2022-07-04T11:25:15,1656912431.766924,2022-07-04T08:27:11
1656912443,736016,6,0,0,2022-07-04T08:27:23,1656912450.9512398,2022-07-04T08:27:30
1656912449,105569,7,0,0,2022-07-04T08:27:29,1656912454.5307689,2022-07-04T08:27:34
1656912461,525252,8,0,0,2022-07-04T08:27:41,1656912466.480949,2022-07-04T08:27:46
