time_s,time_us,time_steady,current,voltage,seq,srcSystem,srcComponent,time_gregorian,time_s_from_launch,mins_from_launch,log_timestamp,log_timestamp_gregorian,time_steady_from_launch,mins_steady_from_launch,baro_altitude
1656909108,757945,2454833,nan,nan,41,10,3,2022-07-04T07:31:48,-257,-4.270700916666667,1656909119.653105,2022-07-04T07:31:59,-256140,-4.269,96.62761461721468
1656909125,171659,2471247,0.00457763671875,7.960000038146973,173,10,3,2022-07-04T07:32:05,-240,-3.9971390166666665,1656909135.7423809,2022-07-04T07:32:15,-239726,-3.995433333333333,96.86771681371387
1656909142,71730,2488147,0.00732421875,7.815999984741211,59,10,3,2022-07-04T07:32:22,-223,-3.7154711666666667,1656909151.664945,2022-07-04T07:32:31,-222826,-3.7137666666666664,97.42530426558359
1656909156,340704,2502416,0.00457763671875,7.952000141143799,175,10,3,2022-07-04T07:32:36,-209,-3.4776549333333335,1656909168.766284,2022-07-04T07:32:48,-208557,-3.4759499999999997,97.1439797309038
1656909204,226291,2549733,nan,nan,63,10,3,2022-07-04T07:33:24,-161,-2.679561816666667,1656909212.900584,2022-07-04T07:33:32,-161240,-2.6873333333333336,96.81296922075536
1656909235,459014,2580533,nan,nan,59,10,3,2022-07-04T07:33:55,-130,-2.1590164333333335,1656909244.9477398,2022-07-04T07:34:04,-130440,-2.174,96.94937316193233
1656909252,94340,2597169,0.00640869140625,7.76800012588501,201,10,3,2022-07-04T07:34:12,-113,-1.881761,1656909261.0016,2022-07-04T07:34:21,-113804,-1.8967333333333334,96.95238727673178
1656909268,700703,2613775,0.00640869140625,7.776000022888184,87,10,3,2022-07-04T07:34:28,-97,-1.6049882833333333,1656909277.254957,2022-07-04T07:34:37,-97198,-1.6199666666666666,97.96544427774185
1656909282,728931,2627803,0.00457763671875,7.955999851226807,203,10,3,2022-07-04T07:34:42,-83,-1.3711844833333333,1656909292.867992,2022-07-04T07:34:52,-83170,-1.3861666666666668,97.59092912373261
1656909298,648767,2643723,nan,nan,79,10,3,2022-07-04T07:34:58,-67,-1.1058538833333331,1656909309.303612,2022-07-04T07:35:09,-67250,-1.1208333333333333,97.83720847336696
1656909313,642447,2658717,0.00457763671875,7.952000141143799,205,10,3,2022-07-04T07:35:13,-52,-0.8559592166666667,1656909321.2534559,2022-07-04T07:35:21,-52256,-0.8709333333333333,97.77531829645461
1656909328,174764,2673249,0.00732421875,7.840000152587891,69,10,3,2022-07-04T07:35:28,-37,-0.6137539333333333,1656909337.057704,2022-07-04T07:35:37,-37724,-0.6287333333333333,98.58285142136383
1656909344,351523,2689426,0.0054931640625,7.943999767303467,205,10,3,2022-07-04T07:35:44,-21,-0.3441412833333333,1656909353.790529,2022-07-04T07:35:53,-21547,-0.3591166666666667,98.59013459021854
1656909359,88971,2704163,nan,nan,75,10,3,2022-07-04T07:35:59,-6,-0.09851715,1656909368.7737958,2022-07-04T07:36:08,-6810,-0.11349999999999999,97.88756715770968
1656909372,528935,2717603,nan,nan,185,10,3,2022-07-04T07:36:12,7,0.12548225,1656909384.144629,2022-07-04T07:36:24,6630,0.1105,133.77070792487686
1656909390,448969,2735523,0.00457763671875,7.883999824523926,81,10,3,2022-07-04T07:36:30,25,0.42414948333333335,1656909400.656612,2022-07-04T07:36:40,24550,0.4091666666666667,237.94678571563432
1656909421,459715,2766533,0.00457763671875,7.808000087738037,87,10,3,2022-07-04T07:37:01,56,0.9409952500000001,1656909431.6780598,2022-07-04T07:37:11,55560,0.926,429.47753625732446
1656909440,59948,2785133,nan,nan,245,10,3,2022-07-04T07:37:20,75,1.2509991333333335,1656909449.061461,2022-07-04T07:37:29,74160,1.236,541.6771350330064
1656909456,541653,2801615,nan,nan,125,10,3,2022-07-04T07:37:36,91,1.5256942166666667,1656909464.4442449,2022-07-04T07:37:44,90642,1.5107,648.3286876672905
1656909471,514217,2816587,0.00457763671875,7.6519999504089355,251,10,3,2022-07-04T07:37:51,106,1.77523695,1656909480.125241,2022-07-04T07:38:00,105614,1.7602333333333333,744.4901490313044
1656909488,431640,2833505,0.0054931640625,7.5279998779296875,137,10,3,2022-07-04T07:38:08,123,2.057194,1656909497.006569,2022-07-04T07:38:17,122532,2.0422,842.7767084888663
1656909519,496872,2864570,nan,nan,149,10,3,2022-07-04T07:38:39,154,2.5749478666666668,1656909528.5102038,2022-07-04T07:38:48,153597,2.55995,1027.970653190034
1656909535,203808,2880277,0.00457763671875,7.627999782562256,19,10,3,2022-07-04T07:38:55,170,2.8367301333333335,1656909544.570737,2022-07-04T07:39:04,169304,2.8217333333333334,1119.2128758764134
1656909550,200375,2895274,nan,nan,145,10,3,2022-07-04T07:39:10,185,3.0866729166666667,1656909561.452152,2022-07-04T07:39:21,184301,3.071683333333333,1212.528311031978
1656909565,845334,2910919,nan,nan,21,10,3,2022-07-04T07:39:25,200,3.3474222333333334,1656909573.9721599,2022-07-04T07:39:33,199946,3.3324333333333334,1300.3239966901008
1656909582,739857,2927813,nan,nan,163,10,3,2022-07-04T07:39:42,217,3.6289976166666666,1656909590.6230528,2022-07-04T07:39:50,216840,3.614,1422.9053875804339
1656909598,161597,2943234,0.00640869140625,7.415999889373779,33,10,3,2022-07-04T07:39:58,233,3.886026616666667,1656909606.5553439,2022-07-04T07:40:06,232261,3.8710166666666668,1499.4758917153556
1656909613,602378,2958675,0.00640869140625,7.4039998054504395,159,10,3,2022-07-04T07:40:13,248,4.143372966666666,1656909622.135484,2022-07-04T07:40:22,247702,4.1283666666666665,1589.35991260826
1656909629,100057,2974173,0.00732421875,7.400000095367432,35,10,3,2022-07-04T07:40:29,264,4.401667616666667,1656909638.63782,2022-07-04T07:40:38,263200,4.386666666666667,1682.806127267149
1656909646,40491,2991113,nan,nan,177,10,3,2022-07-04T07:40:46,281,4.684008183333333,1656909654.508132,2022-07-04T07:40:54,280140,4.669,1787.253943434579
1656909678,9049,3023082,nan,nan,189,10,3,2022-07-04T07:41:18,313,5.216817483333333,1656909686.470412,2022-07-04T07:41:26,312109,5.201816666666667,1987.8285391994286
1656909693,90663,3038163,0.00732421875,7.395999908447266,59,10,3,2022-07-04T07:41:33,328,5.468177716666667,1656909703.2686439,2022-07-04T07:41:43,327190,5.453166666666666,2087.7997032698217
1656909709,12128,3054153,0.00457763671875,7.604000091552734,191,10,3,2022-07-04T07:41:49,344,5.733535466666667,1656909716.0868568,2022-07-04T07:41:56,343180,5.719666666666667,2190.838662180861
1656909722,456550,3067597,nan,nan,45,10,3,2022-07-04T07:42:02,357,5.957609166666667,1656909731.421929,2022-07-04T07:42:11,356624,5.943733333333333,2275.858203648063
1656909739,891197,3085032,nan,nan,193,10,3,2022-07-04T07:42:19,374,6.248186616666667,1656909747.949944,2022-07-04T07:42:27,374059,6.234316666666667,2382.594390084426
1656909753,669436,3098810,0.00457763671875,7.579999923706055,51,10,3,2022-07-04T07:42:33,388,6.477823933333334,1656909763.3002799,2022-07-04T07:42:43,387837,6.46395,2464.2607413487704
1656909786,353170,3131494,0.00457763671875,7.567999839782715,65,10,3,2022-07-04T07:43:06,421,7.022552833333333,1656909795.602764,2022-07-04T07:43:15,420521,7.008683333333334,2655.436200039511
1656909799,523245,3144886,0.00457763671875,7.572000026702881,175,10,3,2022-07-04T07:43:19,434,7.242054083333333,1656909807.781944,2022-07-04T07:43:27,433913,7.231883333333333,2733.9040079991037
1656909831,790711,3177153,nan,nan,193,10,3,2022-07-04T07:43:51,466,7.779845183333333,1656909840.062276,2022-07-04T07:44:00,466180,7.769666666666667,2934.8433452558866
1656909847,404144,3192476,0.00457763671875,7.547999858856201,63,10,3,2022-07-04T07:44:07,482,8.040069066666666,1656909856.152704,2022-07-04T07:44:16,481503,8.02505,3034.2603775427965
1656909862,511618,3207583,nan,nan,189,10,3,2022-07-04T07:44:22,497,8.2918603,1656909872.24448,2022-07-04T07:44:32,496610,8.276833333333334,3106.1126195973866
1656909879,244768,3224316,0.00732421875,7.360000133514404,75,10,3,2022-07-04T07:44:39,514,8.570746133333333,1656909888.1231449,2022-07-04T07:44:48,513343,8.555716666666665,3206.5146721174224
1656909895,412815,3240484,0.00732421875,7.335999965667725,207,10,3,2022-07-04T07:44:55,530,8.840213583333334,1656909903.8044488,2022-07-04T07:45:03,529511,8.825183333333333,3307.589102593868
1656909910,317282,3255389,0.00732421875,7.3480000495910645,77,10,3,2022-07-04T07:45:10,545,9.088621366666667,1656909919.3335478,2022-07-04T07:45:19,544416,9.0736,3400.5906333303824
1656909919,738512,3270810,0.00457763671875,7.547999858856201,203,10,3,2022-07-04T07:45:19,554,9.245641866666666,1656909932.3837879,2022-07-04T07:45:32,559837,9.330616666666666,3452.6826210403246
1656909938,664655,3283736,0.00457763671875,7.5279998779296875,59,10,3,2022-07-04T07:45:38,573,9.561077583333335,1656909948.4044359,2022-07-04T07:45:48,572763,9.546050000000001,3561.522610618476
1656909954,493044,3299564,nan,nan,185,10,3,2022-07-04T07:45:54,589,9.824884066666668,1656909964.1841278,2022-07-04T07:46:04,588591,9.80985,3661.2280243143387
1656909971,865019,3316936,nan,nan,77,10,3,2022-07-04T07:46:11,606,10.114416983333333,1656909980.834249,2022-07-04T07:46:20,605963,10.099383333333332,3769.2301944374317
1656909985,928755,3331000,nan,nan,199,10,3,2022-07-04T07:46:25,620,10.348812583333334,1656909995.184448,2022-07-04T07:46:35,620027,10.333783333333335,3852.8841949665093
1656910000,711876,3345783,nan,nan,53,10,3,2022-07-04T07:46:40,635,10.595197933333333,1656910011.354629,2022-07-04T07:46:51,634810,10.580166666666665,3937.0906989481614
1656910018,975315,3364046,0.00457763671875,7.507999897003174,211,10,3,2022-07-04T07:46:58,653,10.899588583333333,1656910028.344913,2022-07-04T07:47:08,653073,10.884549999999999,4045.8729522760614
1656910047,666780,3392738,nan,nan,191,10,3,2022-07-04T07:47:27,682,11.377779666666667,1656910055.6573398,2022-07-04T07:47:35,681765,11.36275,4215.229223297951
1656910065,34652,3410106,0.003662109375,7.495999813079834,78,10,3,2022-07-04T07:47:45,700,11.6672442,1656910073.1662638,2022-07-04T07:47:53,699133,11.652216666666668,4316.679074248002
1656910080,59492,3425131,nan,nan,209,10,3,2022-07-04T07:48:00,715,11.9176582,1656910088.236264,2022-07-04T07:48:08,714158,11.902633333333334,4409.7141225786645
1656910094,744769,3439816,0.00457763671875,7.48799991607666,73,10,3,2022-07-04T07:48:14,729,12.162412816666667,1656910104.315208,2022-07-04T07:48:24,728843,12.147383333333332,4498.663180752241
1656910111,114210,3456499,0.00732421875,7.276000022888184,215,10,3,2022-07-04T07:48:31,746,12.435236833333333,1656910121.147589,2022-07-04T07:48:41,745526,12.425433333333332,4603.113210320332
1656910127,741980,3473127,nan,nan,101,10,3,2022-07-04T07:48:47,762,12.712366333333334,1656910136.857533,2022-07-04T07:48:56,762154,12.702566666666666,4725.237036065877
1656910142,889819,3487960,nan,nan,221,10,3,2022-07-04T07:49:02,777,12.964830316666667,1656910152.7765288,2022-07-04T07:49:12,776987,12.949783333333333,4785.936260252735
1656910159,281677,3504352,nan,nan,103,10,3,2022-07-04T07:49:19,794,13.23802795,1656910168.596657,2022-07-04T07:49:28,793379,13.222983333333334,4888.267624596285
1656910174,726039,3519796,0.00457763671875,7.4679999351501465,229,10,3,2022-07-04T07:49:34,809,13.495433983333333,1656910181.645385,2022-07-04T07:49:41,808823,13.480383333333332,4983.493863936355
1656910189,731340,3534802,nan,nan,99,10,3,2022-07-04T07:49:49,824,13.745522333333334,1656910197.4849958,2022-07-04T07:49:57,823829,13.730483333333332,5078.13954034032
1656910204,662641,3549733,nan,nan,225,10,3,2022-07-04T07:50:04,839,13.99437735,1656910214.275492,2022-07-04T07:50:14,838760,13.979333333333333,5168.95731612398
1656910221,218159,3566289,0.003662109375,7.363999843597412,111,10,3,2022-07-04T07:50:21,856,14.27030265,1656910230.195184,2022-07-04T07:50:30,855316,14.255266666666667,5274.806761056426
1656910230,392002,3581462,0.00732421875,7.260000228881836,237,10,3,2022-07-04T07:50:30,865,14.423200033333334,1656910245.593813,2022-07-04T07:50:45,870489,14.50815,5357.347139639261
1656910252,224775,3598295,0.003662109375,7.443999767303467,123,10,3,2022-07-04T07:50:52,887,14.787079583333334,1656910261.654769,2022-07-04T07:51:01,887322,14.7887,5486.660495159764
1656910269,471714,3615542,0.00732421875,7.236000061035156,9,10,3,2022-07-04T07:51:09,904,15.074528566666666,1656910278.404453,2022-07-04T07:51:18,904569,15.07615,5588.6781244927815
1656910285,119231,3631189,0.00640869140625,7.23199987411499,141,10,3,2022-07-04T07:51:25,920,15.335320516666666,1656910294.473928,2022-07-04T07:51:34,920216,15.336933333333333,5685.480010399058
1656910300,811789,3646882,nan,nan,11,10,3,2022-07-04T07:51:40,935,15.596863149999999,1656910310.8133519,2022-07-04T07:51:50,935909,15.598483333333332,5774.352848179985
1656910314,93018,3660163,nan,nan,127,10,3,2022-07-04T07:51:54,949,15.818216966666666,1656910323.182837,2022-07-04T07:52:03,949190,15.819833333333333,5852.298721006312
1656910330,923085,3676993,0.003662109375,7.432000160217285,7,10,3,2022-07-04T07:52:10,965,16.098718083333335,1656910339.4322839,2022-07-04T07:52:19,966020,16.10033333333333,5967.517248784217
1656910347,353002,3693423,nan,nan,145,10,3,2022-07-04T07:52:27,982,16.372550033333333,1656910355.111821,2022-07-04T07:52:35,982450,16.374166666666667,6070.73035928462
1656910360,482585,3706553,0.0054931640625,7.440000057220459,255,10,3,2022-07-04T07:52:40,995,16.591376416666666,1656910371.002528,2022-07-04T07:52:51,995580,16.593,6149.26717628238
1656910376,172890,3722243,nan,nan,131,10,3,2022-07-04T07:52:56,1011,16.852881500000002,1656910387.2010279,2022-07-04T07:53:07,1011270,16.854499999999998,6244.600620212399
1656910391,334755,3737405,nan,nan,1,10,3,2022-07-04T07:53:11,1026,17.10557925,1656910402.9508278,2022-07-04T07:53:22,1026432,17.1072,6333.439716787239
1656910407,729138,3753799,0.003662109375,7.420000076293945,137,10,3,2022-07-04T07:53:27,1042,17.378818966666664,1656910418.731376,2022-07-04T07:53:38,1042826,17.380433333333333,6430.642568890056
1656910440,776544,3786847,nan,nan,159,10,3,2022-07-04T07:54:00,1075,17.929609066666668,1656910447.649992,2022-07-04T07:54:07,1075874,17.931233333333335,6638.050190336608
1656910455,763837,3801834,0.003662109375,7.392000198364258,29,10,3,2022-07-04T07:54:15,1090,18.179397283333333,1656910464.101472,2022-07-04T07:54:24,1090861,18.181016666666668,6733.475209076467
1656910471,183190,3817253,nan,nan,161,10,3,2022-07-04T07:54:31,1106,18.4363865,1656910479.7314,2022-07-04T07:54:39,1106280,18.438,6827.282739333137
1656910486,139575,3832210,nan,nan,31,10,3,2022-07-04T07:54:46,1121,18.685659583333333,1656910495.486285,2022-07-04T07:54:55,1121237,18.687283333333333,6921.5494619017745
1656910500,921809,3846992,nan,nan,157,10,3,2022-07-04T07:55:00,1135,18.93203015,1656910511.7701359,2022-07-04T07:55:11,1136019,18.93365,7004.606693131172
1656910515,933620,3862004,0.00640869140625,7.176000118255615,27,10,3,2022-07-04T07:55:15,1150,19.182227,1656910527.8086638,2022-07-04T07:55:27,1151031,19.18385,7094.059493892808
1656910532,895668,3878966,0.003662109375,7.372000217437744,167,10,3,2022-07-04T07:55:32,1167,19.464927799999998,1656910543.7903209,2022-07-04T07:55:43,1167993,19.466549999999998,7195.847729041145
1656910549,105200,3895175,nan,7.164000034332275,49,10,3,2022-07-04T07:55:49,1184,19.735086666666668,1656910559.781333,2022-07-04T07:55:59,1184202,19.7367,7291.420158475352
1656910565,733893,3911804,nan,nan,185,10,3,2022-07-04T07:56:05,1200,20.012231550000003,1656910575.7485929,2022-07-04T07:56:15,1200831,20.013849999999998,7397.305104528852
1656910595,923057,3941993,0.003662109375,7.355999946594238,181,10,3,2022-07-04T07:56:35,1230,20.515384283333333,1656910603.723373,2022-07-04T07:56:43,1231020,20.517,7616.385617961586
1656910610,935626,3957006,nan,nan,56,10,3,2022-07-04T07:56:50,1245,20.765593766666665,1656910619.948752,2022-07-04T07:56:59,1246033,20.767216666666666,7710.1488151661615
1656910625,950204,3972020,0.003662109375,7.372000217437744,182,10,3,2022-07-04T07:57:05,1260,21.015836733333334,1656910635.9477959,2022-07-04T07:57:15,1261047,21.01745,7799.88027996818
1656910640,901387,3986971,0.003662109375,7.159999847412109,47,10,3,2022-07-04T07:57:20,1275,21.26502311666667,1656910652.3578238,2022-07-04T07:57:32,1275998,21.266633333333335,7892.764229965294
1656910658,111388,4004181,nan,nan,195,10,3,2022-07-04T07:57:38,1293,21.551856466666667,1656910667.9578888,2022-07-04T07:57:47,1293208,21.55346666666667,7996.121704119021
1656910671,133674,4017204,nan,nan,49,10,3,2022-07-04T07:57:51,1306,21.768894566666667,1656910680.447136,2022-07-04T07:58:00,1306231,21.770516666666666,8081.168440302991
1656910688,73746,4034144,nan,nan,191,10,3,2022-07-04T07:58:08,1323,22.0512291,1656910697.1062999,2022-07-04T07:58:17,1323171,22.05285,8204.305258788698
1656910736,646699,4081943,0.003662109375,7.315999984741211,73,10,3,2022-07-04T07:58:56,1371,22.860778316666664,1656910745.2853558,2022-07-04T07:59:05,1370970,22.8495,8517.819943121885
1656910768,576722,4113873,0.003662109375,7.308000087738037,85,10,3,2022-07-04T07:59:28,1403,23.392945366666666,1656910777.535641,2022-07-04T07:59:37,1402900,23.381666666666668,8730.571592652344
1656910783,717282,4129014,0.0054931640625,7.099999904632568,211,10,3,2022-07-04T07:59:43,1418,23.645288033333333,1656910793.4256718,2022-07-04T07:59:53,1418041,23.634016666666664,8832.73476468347
1656910798,689555,4143986,nan,nan,81,10,3,2022-07-04T07:59:58,1433,23.894825916666665,1656910806.4139369,2022-07-04T08:00:06,1433013,23.88355,8921.918324849026
1656910814,578604,4159733,nan,nan,213,10,3,2022-07-04T08:00:14,1449,24.1596434,1656910822.454412,2022-07-04T08:00:22,1448760,24.146,9019.318831661967
1656910829,531885,4174686,nan,nan,83,10,3,2022-07-04T08:00:29,1464,24.408864750000003,1656910838.62466,2022-07-04T08:00:38,1463713,24.395216666666666,9123.947481426727
1656910839,302415,4190374,nan,nan,215,10,3,2022-07-04T08:00:39,1474,24.571706916666667,1656910854.2733889,2022-07-04T08:00:54,1479401,24.656683333333334,9213.97797006981
1656910862,182695,4207254,nan,nan,101,10,3,2022-07-04T08:01:02,1497,24.953044916666666,1656910870.5136409,2022-07-04T08:01:10,1496281,24.938016666666666,9328.389735729908
1656910892,201709,4237273,0.0054931640625,7.056000232696533,93,10,3,2022-07-04T08:01:32,1527,25.453361816666664,1656910902.315672,2022-07-04T08:01:42,1526300,25.438333333333333,9523.320188298158
1656910908,403611,4253475,0.00640869140625,7.047999858856201,229,10,3,2022-07-04T08:01:48,1543,25.723393516666665,1656910918.502573,2022-07-04T08:01:58,1542502,25.708366666666667,9646.619725673878
1656910924,7405,4269079,nan,nan,99,10,3,2022-07-04T08:02:04,1559,25.983456750000002,1656910931.89388,2022-07-04T08:02:11,1558106,25.968433333333333,9745.688049363958
1656910940,581888,4285653,nan,nan,241,10,3,2022-07-04T08:02:20,1575,26.259698133333334,1656910948.65378,2022-07-04T08:02:28,1574680,26.244666666666667,9853.630845157662
1656910955,812283,4300883,0.0054931640625,7.104000091552734,111,10,3,2022-07-04T08:02:35,1590,26.51353805,1656910964.973996,2022-07-04T08:02:44,1589910,26.4985,9974.07674676673
1656910972,757025,4317828,0.00640869140625,7.228000164031982,253,10,3,2022-07-04T08:02:52,1607,26.795950416666667,1656910981.3010008,2022-07-04T08:03:01,1606855,26.780916666666666,10084.595224292736
1656911004,76263,4349148,0.0054931640625,7.0279998779296875,255,10,3,2022-07-04T08:03:24,1639,27.317937716666666,1656911013.5208318,2022-07-04T08:03:33,1638175,27.302916666666665,10289.77926048927
1656911019,21217,4364093,nan,nan,125,10,3,2022-07-04T08:03:39,1654,27.56702028333333,1656911029.002209,2022-07-04T08:03:49,1653120,27.552,10413.215744992953
1656911036,563961,4381635,0.003662109375,7.23199987411499,17,10,3,2022-07-04T08:03:56,1671,27.85939935,1656911045.4132838,2022-07-04T08:04:05,1670662,27.844366666666666,10537.864467267991
1656911051,201233,4396273,0.003662109375,7.223999977111816,143,10,3,2022-07-04T08:04:11,1686,28.103353883333334,1656911060.821404,2022-07-04T08:04:20,1685300,28.08833333333333,10629.441883193687
1656911066,250903,4411323,nan,nan,10,10,3,2022-07-04T08:04:26,1701,28.35418171666667,1656911073.6311479,2022-07-04T08:04:33,1700350,28.339166666666664,10710.847053862695
1656911083,530795,4428603,nan,nan,155,10,3,2022-07-04T08:04:43,1718,28.642179916666667,1656911089.7791278,2022-07-04T08:04:49,1717630,28.627166666666668,10804.587554911934
1656911098,503545,4443575,nan,nan,25,10,3,2022-07-04T08:04:58,1733,28.89172575,1656911106.1001399,2022-07-04T08:05:06,1732602,28.876700000000003,10895.548618867551
1656911113,580952,4458653,nan,nan,151,10,3,2022-07-04T08:05:13,1748,29.143015866666666,1656911121.8288689,2022-07-04T08:05:21,1747680,29.128,11015.455611147754
1656911122,60760,4473133,nan,nan,21,10,3,2022-07-04T08:05:22,1757,29.284346000000003,1656911137.8893569,2022-07-04T08:05:37,1762160,29.369333333333334,11077.900727601369
1656911143,473183,4488545,nan,nan,143,10,3,2022-07-04T08:05:43,1778,29.64121971666667,1656911153.969961,2022-07-04T08:05:53,1777572,29.626199999999997,11192.22026266566
1656911157,110385,4502183,0.003662109375,7.203999996185303,253,10,3,2022-07-04T08:05:57,1792,29.868506416666666,1656911169.289624,2022-07-04T08:06:09,1791210,29.8535,11271.770484018409
1656911191,770401,4536843,nan,nan,35,10,3,2022-07-04T08:06:31,1826,30.44617335,1656911199.3589609,2022-07-04T08:06:39,1825870,30.431166666666666,11459.728837948425
1656911207,310595,4552383,nan,nan,161,10,3,2022-07-04T08:06:47,1842,30.705176583333333,1656911214.4568448,2022-07-04T08:06:54,1841410,30.690166666666666,11550.78513805771
1656911223,902827,4568975,0.003662109375,7.184000015258789,47,10,3,2022-07-04T08:07:03,1858,30.98171378333333,1656911231.469156,2022-07-04T08:07:11,1858002,30.9667,11643.702135245201
1656911238,531577,4583604,nan,nan,173,10,3,2022-07-04T08:07:18,1873,31.225526283333334,1656911247.72692,2022-07-04T08:07:27,1872631,31.210516666666667,11735.497697897023
1656911255,614782,4600688,0.00640869140625,6.943999767303467,59,10,3,2022-07-04T08:07:35,1890,31.510246366666667,1656911263.638437,2022-07-04T08:07:43,1889715,31.49525,11847.313886983213
1656911270,851284,4615924,nan,nan,185,10,3,2022-07-04T08:07:50,1905,31.76418806666667,1656911280.538756,2022-07-04T08:08:00,1904951,31.749183333333335,11941.400902535292
1656911287,525408,4632598,nan,nan,71,10,3,2022-07-04T08:08:07,1922,32.04209013333333,1656911296.216812,2022-07-04T08:08:16,1921625,32.02708333333333,12047.211278470926
1656911316,559952,4661633,nan,nan,63,10,3,2022-07-04T08:08:36,1951,32.5259992,1656911329.005977,2022-07-04T08:08:49,1950660,32.511,12216.092017752977
1656911333,219931,4678293,nan,nan,195,10,3,2022-07-04T08:08:53,1968,32.80366551666667,1656911342.08498,2022-07-04T08:09:02,1967320,32.788666666666664,12322.043199011769
1656911349,893115,4694966,nan,nan,71,10,3,2022-07-04T08:09:09,1984,33.08155191666667,1656911357.564904,2022-07-04T08:09:17,1983993,33.06655,12409.475450656917
1656911365,159176,4710233,0.003662109375,6.960000038146973,197,10,3,2022-07-04T08:09:25,2000,33.335986266666666,1656911374.105264,2022-07-04T08:09:34,1999260,33.321,12516.717745723452
1656911379,619642,4724693,nan,nan,67,10,3,2022-07-04T08:09:39,2014,33.576994033333335,1656911390.7534928,2022-07-04T08:09:50,2013720,33.562,12604.393949876236
1656911396,614596,4741688,nan,nan,209,10,3,2022-07-04T08:09:56,2031,33.860243266666664,1656911406.564908,2022-07-04T08:10:06,2030715,33.84525,12700.43945010872
1656911414,361373,4759435,0.003662109375,7.124000072479248,95,10,3,2022-07-04T08:10:14,2049,34.156022883333335,1656911423.8640049,2022-07-04T08:10:23,2048462,34.14103333333333,12817.862375565395
1656911429,78664,4774153,nan,nan,221,10,3,2022-07-04T08:10:29,2064,34.40131106666667,1656911439.757217,2022-07-04T08:10:39,2063180,34.38633333333333,12918.478279575098
1656911446,291221,4791365,0.003662109375,7.119999885559082,107,10,3,2022-07-04T08:10:46,2081,34.68818701666667,1656911456.0348198,2022-07-04T08:10:56,2080392,34.673199999999994,13020.208336202368
1656911478,38639,4823113,nan,nan,119,10,3,2022-07-04T08:11:18,2113,35.217310649999995,1656911484.413668,2022-07-04T08:11:24,2112140,35.20233333333333,13191.536059941498
1656911493,468210,4838543,0.003662109375,7.107999801635742,245,10,3,2022-07-04T08:11:33,2128,35.47447016666667,1656911501.7145479,2022-07-04T08:11:41,2127570,35.459500000000006,13266.180473132388
1656911511,188411,4856263,nan,nan,137,10,3,2022-07-04T08:11:51,2146,35.76980685,1656911518.152168,2022-07-04T08:11:58,2145290,35.75483333333333,13360.943940337007
1656911526,74109,4871149,nan,nan,7,10,3,2022-07-04T08:12:06,2161,36.01790181666667,1656911534.681769,2022-07-04T08:12:14,2160176,36.00293333333333,13447.843313087466
1656911542,490929,4887565,nan,nan,143,10,3,2022-07-04T08:12:22,2177,36.291515483333335,1656911550.850744,2022-07-04T08:12:30,2176592,36.27653333333333,13528.938936172031
1656911557,299569,4902375,nan,nan,13,10,3,2022-07-04T08:12:37,2192,36.538326149999996,1656911566.231117,2022-07-04T08:12:46,2191402,36.52336666666667,13584.14405840417
1656911572,285193,4917360,0.0054931640625,6.860000133514404,139,10,3,2022-07-04T08:12:52,2207,36.78808655,1656911582.461421,2022-07-04T08:13:02,2206387,36.77311666666667,13649.775695618178
1656911588,823389,4933898,0.00640869140625,6.831999778747559,25,10,3,2022-07-04T08:13:08,2223,37.06372315,1656911598.7223089,2022-07-04T08:13:18,2222925,37.048750000000005,13726.136746968648
1656911604,107275,4949183,0.003662109375,7.072000026702881,151,10,3,2022-07-04T08:13:24,2239,37.31845458333333,1656911611.659492,2022-07-04T08:13:31,2238210,37.3035,13800.743641111767
1656911620,97153,4965173,nan,nan,27,10,3,2022-07-04T08:13:40,2255,37.584952550000004,1656911627.740356,2022-07-04T08:13:47,2254200,37.57,13904.304161454544
1656911630,746493,4981823,0.003662109375,7.056000232696533,163,10,3,2022-07-04T08:13:50,2265,37.76244155,1656911643.919765,2022-07-04T08:14:03,2270850,37.8475,14028.150157017995
1656911651,627381,4996703,0.003662109375,7.047999858856201,33,10,3,2022-07-04T08:14:11,2286,38.11045635,1656911660.068816,2022-07-04T08:14:20,2285730,38.0955,14117.62450740713
1656911668,175508,5013251,nan,nan,175,10,3,2022-07-04T08:14:28,2303,38.38625846666666,1656911676.4792168,2022-07-04T08:14:36,2302278,38.3713,14191.625522005752
1656911683,596816,5028673,0.00457763671875,7.035999774932861,45,10,3,2022-07-04T08:14:43,2318,38.64328026666667,1656911692.588969,2022-07-04T08:14:52,2317700,38.62833333333333,14258.249692729543
1656911698,570820,5043647,0.0054931640625,6.800000190734863,171,10,3,2022-07-04T08:14:58,2333,38.892846999999996,1656911707.973433,2022-07-04T08:15:07,2332674,38.8779,14323.124823381828
1656911713,506879,5059583,nan,nan,47,10,3,2022-07-04T08:15:13,2348,39.141781316666666,1656911726.840013,2022-07-04T08:15:26,2348610,39.1435,14396.304933194695
1656911728,722985,5074799,0.00457763671875,6.796000003814697,179,10,3,2022-07-04T08:15:28,2363,39.39538308333333,1656911739.538185,2022-07-04T08:15:39,2363826,39.3971,14467.292338393449
1656911745,595619,5091672,0.003662109375,7.02400016784668,63,10,3,2022-07-04T08:15:45,2380,39.67659365,1656911755.228612,2022-07-04T08:15:55,2380699,39.67831666666667,14552.374696558712
1656911762,647246,5108723,0.0054931640625,6.788000106811523,201,10,3,2022-07-04T08:16:02,2397,39.96078743333333,1656911772.0865169,2022-07-04T08:16:12,2397750,39.9625,14647.834290213012
1656911779,467557,5125544,nan,nan,87,10,3,2022-07-04T08:16:19,2414,40.24112595,1656911788.396613,2022-07-04T08:16:28,2414571,40.24285,14738.620466370166
1656911795,871769,5141948,0.00640869140625,6.771999835968018,229,10,3,2022-07-04T08:16:35,2430,40.514529483333334,1656911804.4860039,2022-07-04T08:16:44,2430975,40.51625,14826.201959986642
1656911810,957778,5157034,0.00640869140625,6.791999816894531,99,10,3,2022-07-04T08:16:50,2445,40.76596296666666,1656911821.1670449,2022-07-04T08:17:01,2446061,40.76768333333334,14904.36409266052
1656911842,667951,5188745,nan,nan,107,10,3,2022-07-04T08:17:22,2477,41.29446585,1656911852.9369159,2022-07-04T08:17:32,2477772,41.2962,15132.729430024729
1656911859,319528,5205397,nan,nan,243,10,3,2022-07-04T08:17:39,2494,41.57199213333333,1656911869.885213,2022-07-04T08:17:49,2494424,41.57373333333333,15230.431639690738
1656911874,538270,5220615,0.003662109375,7.0,113,10,3,2022-07-04T08:17:54,2509,41.82563783333333,1656911882.9945009,2022-07-04T08:18:02,2509642,41.82736666666666,15302.008073091924
1656911891,115372,5237192,0.003662109375,6.995999813079834,255,10,3,2022-07-04T08:18:11,2526,42.10192286666667,1656911899.074609,2022-07-04T08:18:19,2526219,42.10365,15390.2585989263
1656911905,791887,5251869,nan,nan,119,10,3,2022-07-04T08:18:25,2540,42.34653145,1656911915.2041159,2022-07-04T08:18:35,2540896,42.34826666666667,15486.438769781867
1656911920,798962,5266876,0.00457763671875,6.728000164031982,247,10,3,2022-07-04T08:18:40,2555,42.59664936666666,1656911931.053896,2022-07-04T08:18:51,2555903,42.59838333333333,15580.754394054915
1656911954,986368,5301063,nan,nan,19,10,3,2022-07-04T08:19:14,2589,43.16643946666667,1656911963.8954718,2022-07-04T08:19:23,2590090,43.16816666666667,15743.918628766285
1656911967,997506,5314075,nan,nan,129,10,3,2022-07-04T08:19:27,2602,43.383291766666666,1656911980.062801,2022-07-04T08:19:40,2603102,43.38503333333333,15812.265120886379
1656911985,96224,5331173,nan,nan,15,10,3,2022-07-04T08:19:45,2620,43.6682704,1656911991.9134839,2022-07-04T08:19:51,2620200,43.669999999999995,15904.49986180055
1656911998,682340,5344759,0.003662109375,6.952000141143799,125,10,3,2022-07-04T08:19:58,2633,43.89470566666667,1656912008.872413,2022-07-04T08:20:08,2633786,43.896433333333334,15972.403846587244
1656912015,773957,5361075,nan,nan,13,10,3,2022-07-04T08:20:15,2650,44.17956595,1656912024.652276,2022-07-04T08:20:24,2650102,44.168366666666664,16048.104655105466
1656912031,406398,5376707,nan,nan,133,10,3,2022-07-04T08:20:31,2666,44.440106633333336,1656912040.5822918,2022-07-04T08:20:40,2665734,44.4289,16119.346200658678
1656912048,321870,5393623,0.003662109375,6.943999767303467,19,10,3,2022-07-04T08:20:48,2683,44.72203116666667,1656912057.501649,2022-07-04T08:20:57,2682650,44.71083333333333,16192.141479023334
1656912064,762458,5410063,0.00640869140625,6.684000015258789,161,10,3,2022-07-04T08:21:04,2699,44.99604096666667,1656912073.982084,2022-07-04T08:21:13,2699090,44.984833333333334,16262.866437611647
1656912081,811707,5427113,0.0054931640625,6.684000015258789,47,10,3,2022-07-04T08:21:21,2716,45.28019511666666,1656912090.1516519,2022-07-04T08:21:30,2716140,45.269,16341.18257465811
1656912096,475200,5441776,0.0054931640625,6.676000118255615,167,10,3,2022-07-04T08:21:36,2731,45.524586666666664,1656912106.2409449,2022-07-04T08:21:46,2730803,45.51338333333333,16406.39892312692
1656912112,951452,5458304,0.00732421875,6.656000137329102,53,10,3,2022-07-04T08:21:52,2747,45.79919086666666,1656912123.020448,2022-07-04T08:22:03,2747331,45.788850000000004,16489.658812073747
1656912128,42584,5473395,0.003662109375,6.915999889373779,179,10,3,2022-07-04T08:22:08,2763,46.05070973333333,1656912139.052317,2022-07-04T08:22:19,2762422,46.040366666666664,16561.2628008179
1656912144,502697,5489855,nan,nan,59,10,3,2022-07-04T08:22:24,2779,46.32504495,1656912154.9705448,2022-07-04T08:22:34,2778882,46.3147,16642.192803373517
1656912175,150024,5520503,nan,nan,61,10,3,2022-07-04T08:22:55,2810,46.83583373333333,1656912183.440125,2022-07-04T08:23:03,2809530,46.825500000000005,16850.80024048314
1656912192,30287,5537383,nan,nan,203,10,3,2022-07-04T08:23:12,2827,47.11717145,1656912200.36934,2022-07-04T08:23:20,2826410,47.106833333333334,17022.493730289083
1656912207,269484,5552443,0.00640869140625,6.815999984741211,73,10,3,2022-07-04T08:23:27,2842,47.371158066666666,1656912216.439489,2022-07-04T08:23:36,2841470,47.35783333333333,17147.203709731293
1656912223,869292,5569043,nan,nan,215,10,3,2022-07-04T08:23:43,2858,47.64782153333333,1656912231.838764,2022-07-04T08:23:51,2858070,47.6345,17298.047934227405
1656912237,603540,5582777,nan,nan,73,10,3,2022-07-04T08:23:57,2872,47.876725666666665,1656912248.029713,2022-07-04T08:24:08,2871804,47.8634,17396.62804618956
1656912255,139959,5600314,0.003662109375,6.888000011444092,217,10,3,2022-07-04T08:24:15,2890,48.16899931666667,1656912263.9605849,2022-07-04T08:24:23,2889341,48.15568333333333,17485.297290532344
1656912269,241500,5614415,0.003662109375,6.888000011444092,77,10,3,2022-07-04T08:24:29,2904,48.404025000000004,1656912276.685217,2022-07-04T08:24:36,2903442,48.3907,17543.976805724327
1656912284,788758,5629963,0.003662109375,6.880000114440918,203,10,3,2022-07-04T08:24:44,2919,48.66314596666667,1656912293.661453,2022-07-04T08:24:53,2918990,48.649833333333326,17615.149498305822
1656912301,608760,5646783,nan,nan,89,10,3,2022-07-04T08:25:01,2936,48.943479333333336,1656912309.4028199,2022-07-04T08:25:09,2935810,48.930166666666665,17688.490082602828
1656912332,261582,5677435,nan,nan,87,10,3,2022-07-04T08:25:32,2967,49.454359700000005,1656912343.674361,2022-07-04T08:25:43,2966462,49.44103333333333,17821.70611438846
1656912351,351580,5696525,nan,nan,245,10,3,2022-07-04T08:25:51,2986,49.77252633333333,1656912360.414057,2022-07-04T08:26:00,2985552,49.7592,17908.9336339078
1656912382,338927,5727513,nan,nan,247,10,3,2022-07-04T08:26:22,3017,50.288982116666666,1656912391.636088,2022-07-04T08:26:31,3016540,50.275666666666666,18058.033737946724
1656912416,58932,5761233,0.003662109375,6.8480000495910645,15,10,3,2022-07-04T08:26:56,3051,50.8509822,1656912423.636505,2022-07-04T08:27:03,3050260,50.83766666666667,18228.33449284262
1656912431,41488,5776215,nan,nan,141,10,3,2022-07-04T08:27:11,3066,51.10069146666667,1656912438.7487528,2022-07-04T08:27:18,3065242,51.08736666666667,18306.597702222167
1656912461,838732,5807013,0.00457763671875,6.567999839782715,137,10,3,2022-07-04T08:27:41,3096,51.61397886666667,1656912470.929633,2022-07-04T08:27:50,3096040,51.60066666666667,18457.302755090328
1656912474,678760,5819853,nan,nan,249,10,3,2022-07-04T08:27:54,3109,51.82797933333333,1656912487.5192878,2022-07-04T08:28:07,3108880,51.81466666666667,18517.85272975816
1656912494,738988,5839913,0.003662109375,6.5960001945495605,151,10,3,2022-07-04T08:28:14,3129,52.16231646666667,1656912503.950485,2022-07-04T08:28:23,3128940,52.149,18605.972568475805
1656912508,975647,5854293,0.003662109375,6.823999881744385,16,10,3,2022-07-04T08:28:28,3143,52.39959411666667,1656912516.048792,2022-07-04T08:28:36,3143320,52.38866666666667,18670.060181010314
1656912522,490229,5867807,nan,nan,133,10,3,2022-07-04T08:28:42,3157,52.62483715,1656912532.3803048,2022-07-04T08:28:52,3156834,52.613899999999994,18735.78100940279
1656912540,725433,5886043,nan,nan,19,10,3,2022-07-04T08:29:00,3175,52.92875721666667,1656912549.120465,2022-07-04T08:29:09,3175070,52.917833333333334,18825.493077648705
1656912555,850913,5901168,nan,nan,145,10,3,2022-07-04T08:29:15,3190,53.18084855,1656912564.6206279,2022-07-04T08:29:24,3190195,53.16991666666667,18894.313293760802
1656912570,525498,5915843,0.00640869140625,6.544000148773193,11,10,3,2022-07-04T08:29:30,3205,53.42542496666667,1656912581.661432,2022-07-04T08:29:41,3204870,53.4145,18964.05059099533
1656912597,190539,5948273,nan,nan,29,10,3,2022-07-04T08:29:57,3232,53.86984231666667,1656912613.761116,2022-07-04T08:30:13,3237300,53.955000000000005,19086.488929457675
1656912618,700895,5963783,0.003662109375,6.800000190734863,155,10,3,2022-07-04T08:30:18,3253,54.228348249999996,1656912630.062108,2022-07-04T08:30:30,3252810,54.213499999999996,19183.170150311267
1656912649,530276,5995613,0.003662109375,6.791999816894531,167,10,3,2022-07-04T08:30:49,3284,54.742171266666666,1656912658.542084,2022-07-04T08:30:58,3284640,54.744,19333.469501912212
1656912666,230961,6012313,nan,nan,47,10,3,2022-07-04T08:31:06,3301,55.02051601666667,1656912674.672832,2022-07-04T08:31:14,3301340,55.022333333333336,19412.024771002016
1656912680,561007,6026643,0.0054931640625,6.519999980926514,169,10,3,2022-07-04T08:31:20,3315,55.25935011666666,1656912691.292376,2022-07-04T08:31:31,3315670,55.26116666666667,19482.766868267052
1656912697,200030,6043282,nan,nan,49,10,3,2022-07-04T08:31:37,3332,55.53666716666667,1656912706.922533,2022-07-04T08:31:46,3332309,55.53848333333334,19566.24285635765
1656912712,497799,6058580,nan,nan,181,10,3,2022-07-04T08:31:52,3347,55.79162998333334,1656912722.7240129,2022-07-04T08:32:02,3347607,55.79345,19642.360668751975
1656912729,403935,6075486,0.003662109375,6.771999835968018,67,10,3,2022-07-04T08:32:09,3364,56.07339891666666,1656912739.363205,2022-07-04T08:32:19,3364513,56.07521666666666,19730.523937852267
1656912744,905713,6090988,0.00640869140625,6.504000186920166,193,10,3,2022-07-04T08:32:24,3379,56.331761883333336,1656912756.202909,2022-07-04T08:32:36,3380015,56.33358333333333,19798.917628293948
1656912758,563895,6104646,nan,nan,53,10,3,2022-07-04T08:32:38,3393,56.559398249999994,1656912771.703312,2022-07-04T08:32:51,3393673,56.56121666666666,19867.542075491936
1656912775,60312,6121143,nan,nan,189,10,3,2022-07-04T08:32:55,3410,56.83433853333334,1656912784.0243769,2022-07-04T08:33:04,3410170,56.83616666666667,19938.300937205768
1656912791,820284,6137903,nan,nan,75,10,3,2022-07-04T08:33:11,3426,57.1136714,1656912800.243548,2022-07-04T08:33:20,3426930,57.1155,20015.089809879286
1656912824,856561,6170113,nan,nan,87,10,3,2022-07-04T08:33:44,3459,57.66427601666667,1656912832.393941,2022-07-04T08:33:52,3459140,57.65233333333333,20161.549892261104
1656912884,56558,6229140,nan,nan,69,10,3,2022-07-04T08:34:44,3519,58.65094263333334,1656912892.365684,2022-07-04T08:34:52,3518167,58.636116666666666,20442.794338804364
1656912901,21706,6246105,nan,nan,211,10,3,2022-07-04T08:35:01,3536,58.9336951,1656912908.656473,2022-07-04T08:35:08,3535132,58.918866666666666,20531.969025362458
1656912915,659015,6260743,nan,nan,81,10,3,2022-07-04T08:35:15,3550,59.177650250000006,1656912924.4359848,2022-07-04T08:35:24,3549770,59.16283333333333,20604.44025467853
1656912931,928994,6277013,0.00640869140625,6.464000225067139,217,10,3,2022-07-04T08:35:31,3566,59.448816566666665,1656912940.525049,2022-07-04T08:35:40,3566040,59.434,20688.666402401712
1656912962,228976,6307313,nan,nan,213,10,3,2022-07-04T08:36:02,3597,59.953816266666664,1656912972.726112,2022-07-04T08:36:12,3596340,59.939,20854.24820749936
1656912977,897051,6322981,0.003662109375,6.736000061035156,89,10,3,2022-07-04T08:36:17,3612,60.21495085,1656912989.70586,2022-07-04T08:36:29,3612008,60.20013333333333,20938.55640711345
1656913010,339748,6355448,nan,nan,101,10,3,2022-07-04T08:36:50,3645,60.755662466666664,1656913017.797865,2022-07-04T08:36:57,3644475,60.74125,21124.73448630885
1656913027,396849,6372505,0.003662109375,6.723999977111816,243,10,3,2022-07-04T08:37:07,3662,61.039947483333336,1656913034.2853608,2022-07-04T08:37:14,3661532,61.025533333333335,21214.06870237517
1656913042,576821,6387685,0.003662109375,6.711999893188477,119,10,3,2022-07-04T08:37:22,3677,61.292947016666666,1656913050.3062758,2022-07-04T08:37:30,3676712,61.278533333333336,21291.741365151225
1656913058,54021,6403163,nan,nan,245,10,3,2022-07-04T08:37:38,3693,61.55090035,1656913066.726836,2022-07-04T08:37:46,3692190,61.536500000000004,21369.403752510356
1656913074,835727,6419944,nan,nan,131,10,3,2022-07-04T08:37:54,3709,61.830595450000004,1656913083.3457599,2022-07-04T08:38:03,3708971,61.816183333333335,21451.593478544233
1656913089,900343,6435009,0.00640869140625,6.447999954223633,1,10,3,2022-07-04T08:38:09,3724,62.08167238333333,1656913099.8766959,2022-07-04T08:38:19,3724036,62.06726666666667,21522.948771917276
1656913106,774854,6451883,0.00640869140625,6.435999870300293,143,10,3,2022-07-04T08:38:26,3741,62.36291423333333,1656913115.066308,2022-07-04T08:38:35,3740910,62.348499999999994,21602.00224527053
1656913120,964870,6466074,0.00640869140625,6.435999870300293,3,10,3,2022-07-04T08:38:40,3755,62.599414499999995,1656913131.8557558,2022-07-04T08:38:51,3755101,62.58501666666667,21669.685066805312
1656913152,921435,6498030,0.003662109375,6.696000099182129,15,10,3,2022-07-04T08:39:12,3787,63.13202391666667,1656913160.476593,2022-07-04T08:39:20,3787057,63.11761666666666,21822.11835013873
1656913169,829594,6514938,nan,nan,157,10,3,2022-07-04T08:39:29,3804,63.413826566666664,1656913176.846225,2022-07-04T08:39:36,3803965,63.39941666666667,21906.377760978634
1656913183,915448,6529024,nan,nan,17,10,3,2022-07-04T08:39:43,3818,63.6485908,1656913192.355553,2022-07-04T08:39:52,3818051,63.63418333333333,21979.963006454615
1656913197,994493,6543103,0.003662109375,6.679999828338623,133,10,3,2022-07-04T08:39:57,3832,63.88324155,1656913207.586468,2022-07-04T08:40:07,3832130,63.868833333333335,22056.2192746234
1656913214,520763,6559745,nan,nan,25,10,3,2022-07-04T08:40:14,3849,64.15867938333334,1656913224.077229,2022-07-04T08:40:24,3848772,64.1462,22138.976844079694
1656913229,218537,6574443,nan,nan,135,10,3,2022-07-04T08:40:29,3864,64.40364228333334,1656913240.2264009,2022-07-04T08:40:40,3863470,64.39116666666666,22223.824464910576
1656913245,948442,6591173,0.003662109375,6.688000202178955,21,10,3,2022-07-04T08:40:45,3880,64.68247403333334,1656913256.186064,2022-07-04T08:40:56,3880200,64.67,22323.045261313127
1656913261,483869,6606708,nan,nan,147,10,3,2022-07-04T08:41:01,3896,64.94139781666667,1656913269.1571288,2022-07-04T08:41:09,3895735,64.92891666666667,22413.653951143002
1656913278,348625,6623573,nan,nan,33,10,3,2022-07-04T08:41:18,3913,65.22247708333333,1656913285.116256,2022-07-04T08:41:25,3912600,65.21,22506.841936654386
1656913291,912699,6637137,nan,nan,149,10,3,2022-07-04T08:41:31,3926,65.44854498333333,1656913300.8759959,2022-07-04T08:41:40,3926164,65.43606666666668,22588.151636697316
1656913307,774198,6652998,nan,nan,25,10,3,2022-07-04T08:41:47,3942,65.71290330000001,1656913316.696604,2022-07-04T08:41:56,3942025,65.70041666666667,22673.84832861256
1656913322,928476,6668153,nan,nan,151,10,3,2022-07-04T08:42:02,3957,65.96547460000001,1656913333.3959959,2022-07-04T08:42:13,3957180,65.953,22754.244432295876
1656913355,673214,6700900,nan,nan,165,10,3,2022-07-04T08:42:35,3990,66.51122023333333,1656913364.8761399,2022-07-04T08:42:44,3989927,66.49878333333334,22923.608876420454
1656913369,598618,6714823,0.003662109375,6.668000221252441,19,10,3,2022-07-04T08:42:49,4004,66.7433103,1656913381.270732,2022-07-04T08:43:01,4003850,66.73083333333334,22996.185957143112
1656913386,48685,6731273,nan,nan,161,10,3,2022-07-04T08:43:06,4021,67.01747808333333,1656913393.956189,2022-07-04T08:43:13,4020300,67.00500000000001,23071.10114323859
1656913417,898357,6763143,0.003662109375,6.664000034332275,173,10,3,2022-07-04T08:43:37,4052,67.54830595,1656913426.026713,2022-07-04T08:43:46,4052170,67.53616666666667,23232.066849068367
1656913434,428471,6779673,nan,nan,53,10,3,2022-07-04T08:43:54,4069,67.82380785000001,1656913442.037056,2022-07-04T08:44:02,4068700,67.81166666666667,23313.56668972532
1656913449,334892,6794579,nan,nan,179,10,3,2022-07-04T08:44:09,4084,68.0722482,1656913457.976153,2022-07-04T08:44:17,4083606,68.0601,23391.19188803573
1656913465,940518,6811185,0.0054931640625,6.388000011444092,65,10,3,2022-07-04T08:44:25,4100,68.34900863333334,1656913474.577308,2022-07-04T08:44:34,4100212,68.33686666666668,23480.79352571575
1656913480,673566,6825918,nan,nan,188,10,3,2022-07-04T08:44:40,4115,68.59455943333334,1656913490.246681,2022-07-04T08:44:50,4114945,68.58241666666666,23564.049167207933
1656913495,858116,6841103,nan,nan,61,10,3,2022-07-04T08:44:55,4130,68.84763526666667,1656913505.576077,2022-07-04T08:45:05,4130130,68.8355,23647.11822128915
1656913510,684532,6856013,nan,nan,181,10,3,2022-07-04T08:45:10,4145,69.0947422,1656913522.1967568,2022-07-04T08:45:22,4145040,69.084,23725.369906933392
1656913527,184431,6872513,nan,nan,67,10,3,2022-07-04T08:45:27,4162,69.36974051666667,1656913534.3162758,2022-07-04T08:45:34,4161540,69.359,23816.608249859717
1656913543,634599,6888963,0.003662109375,6.639999866485596,203,10,3,2022-07-04T08:45:43,4178,69.64390998333333,1656913550.096765,2022-07-04T08:45:50,4177990,69.63316666666667,23917.25752341913
1656913558,584290,6903913,0.003662109375,6.636000156402588,73,10,3,2022-07-04T08:45:58,4193,69.89307149999999,1656913566.7258039,2022-07-04T08:46:06,4192940,69.88233333333332,23993.020860673347
1656913567,648291,6918735,0.0054931640625,6.375999927520752,199,10,3,2022-07-04T08:46:07,4202,70.04413818333335,1656913582.296272,2022-07-04T08:46:22,4207762,70.12936666666666,24039.064648480296
1656913605,837370,6950924,0.0054931640625,6.363999843597412,211,10,3,2022-07-04T08:46:45,4240,70.68062283333333,1656913615.096057,2022-07-04T08:46:55,4239951,70.66585,24253.504051388736
1656913621,46601,6966133,nan,nan,87,10,3,2022-07-04T08:47:01,4256,70.93411001666666,1656913631.096088,2022-07-04T08:47:11,4255160,70.91933333333333,24329.136893042003
1656913668,439015,7013525,nan,nan,221,10,3,2022-07-04T08:47:48,4303,71.72398358333334,1656913675.4668598,2022-07-04T08:47:55,4302552,71.7092,24576.596018417487
1656913682,926307,7028013,0.003662109375,6.611999988555908,81,10,3,2022-07-04T08:48:02,4317,71.96543845,1656913691.876569,2022-07-04T08:48:11,4317040,71.95066666666666,24646.22470172456
1656913701,815724,7046902,0.003662109375,6.619999885559082,239,10,3,2022-07-04T08:48:21,4336,72.28026206666667,1656913708.426537,2022-07-04T08:48:28,4335929,72.26548333333334,24739.801520108434
1656913713,596347,7058683,nan,nan,89,10,3,2022-07-04T08:48:33,4348,72.47660578333333,1656913723.5765119,2022-07-04T08:48:43,4347710,72.46183333333333,24776.407046427867
1656913745,370516,7090457,0.00640869140625,6.3520002365112305,91,10,3,2022-07-04T08:49:05,4380,73.00617526666666,1656913755.7315319,2022-07-04T08:49:15,4379484,72.99140000000001,24929.343391192084
1656913761,477981,7106565,0.003662109375,6.616000175476074,223,10,3,2022-07-04T08:49:21,4396,73.27463301666667,1656913772.025712,2022-07-04T08:49:32,4395592,73.25986666666667,25002.47004744166
1656913777,893884,7122980,0.003662109375,6.607999801635742,99,10,3,2022-07-04T08:49:37,4412,73.5482314,1656913784.936121,2022-07-04T08:49:44,4412007,73.53344999999999,25091.474900570123
1656913793,196076,7138283,0.003662109375,6.604000091552734,231,10,3,2022-07-04T08:49:53,4428,73.80326793333333,1656913801.215673,2022-07-04T08:50:01,4427310,73.78850000000001,25155.606930121565
1656913809,906219,7154993,0.003662109375,6.604000091552734,111,10,3,2022-07-04T08:50:09,4444,74.08177031666668,1656913817.0366368,2022-07-04T08:50:17,4444020,74.06700000000001,25246.359403046325
1656913825,411600,7170498,nan,nan,243,10,3,2022-07-04T08:50:25,4460,74.34019333333335,1656913833.565616,2022-07-04T08:50:33,4459525,74.32541666666665,25332.26678408984
1656913835,476001,7185563,0.00732421875,6.335999965667725,113,10,3,2022-07-04T08:50:35,4470,74.50793335,1656913850.375836,2022-07-04T08:50:50,4474590,74.5765,25406.22353742469
1656913857,241405,7202328,0.00457763671875,6.340000152587891,255,10,3,2022-07-04T08:50:57,4492,74.87069008333333,1656913865.695561,2022-07-04T08:51:05,4491355,74.85591666666666,25516.857996936276
1656913874,918550,7220005,0.003662109375,6.5920000076293945,141,10,3,2022-07-04T08:51:14,4509,75.16530916666667,1656913882.006012,2022-07-04T08:51:22,4509032,75.15053333333334,25620.980577173552
1656913889,37317,7234124,0.00457763671875,6.547999858856201,1,10,3,2022-07-04T08:51:29,4524,75.40062195,1656913898.2153609,2022-07-04T08:51:38,4523151,75.38584999999999,25689.894849346612
1656913902,875932,7247963,0.003662109375,6.5960001945495605,117,10,3,2022-07-04T08:51:42,4537,75.63126553333333,1656913913.6764889,2022-07-04T08:51:53,4536990,75.6165,25769.660505669577
1656913918,635901,7263723,0.003662109375,6.5960001945495605,249,10,3,2022-07-04T08:51:58,4553,75.89393168333332,1656913926.496433,2022-07-04T08:52:06,4552750,75.87916666666666,25855.305862854006
1656913935,86080,7280173,nan,nan,129,10,3,2022-07-04T08:52:15,4570,76.16810133333334,1656913942.796433,2022-07-04T08:52:22,4569200,76.15333333333334,25933.71209370142
1656913950,228664,7295315,nan,nan,5,10,3,2022-07-04T08:52:30,4585,76.42047773333334,1656913958.746361,2022-07-04T08:52:38,4584342,76.4057,26025.486791439635
1656913980,6055,7325093,nan,nan,253,10,3,2022-07-04T08:53:00,4615,76.91676758333332,1656913990.6653118,2022-07-04T08:53:10,4614120,76.902,26155.795569612186
1656913997,490171,7342823,nan,nan,139,10,3,2022-07-04T08:53:17,4632,77.20816951666667,1656914006.736372,2022-07-04T08:53:26,4631850,77.1975,26234.41606002715
1656914012,429659,7357763,0.003662109375,6.579999923706055,9,10,3,2022-07-04T08:53:32,4647,77.45716098333334,1656914021.8080208,2022-07-04T08:53:41,4646790,77.4465,26298.19864343224
1656914042,902336,7388236,nan,nan,5,10,3,2022-07-04T08:54:02,4677,77.96503893333333,1656914051.9061239,2022-07-04T08:54:11,4677263,77.95438333333333,26418.688825205314
1656914061,339646,7406673,0.003662109375,6.584000110626221,163,10,3,2022-07-04T08:54:21,4696,78.27232743333334,1656914068.0157769,2022-07-04T08:54:28,4695700,78.26166666666667,26495.61493976196
1656914075,489461,7420823,nan,nan,23,10,3,2022-07-04T08:54:35,4710,78.50815768333334,1656914083.5556169,2022-07-04T08:54:43,4709850,78.4975,26444.123502300437
1656914091,284158,7436617,nan,nan,155,10,3,2022-07-04T08:54:51,4726,78.77140263333334,1656914100.2252169,2022-07-04T08:55:00,4725644,78.76073333333333,26050.97965608309
1656914105,74170,7450255,0.003662109375,6.576000213623047,10,10,3,2022-07-04T08:55:05,4740,79.00123616666666,1656914115.695189,2022-07-04T08:55:15,4739282,78.98803333333333,25491.75250411815
1656914121,566890,7466747,nan,nan,147,10,3,2022-07-04T08:55:21,4756,79.27611483333334,1656914132.315213,2022-07-04T08:55:32,4755774,79.2629,24773.395979143657
1656914171,765166,7516851,nan,nan,55,10,3,2022-07-04T08:56:11,4806,80.11275276666667,1656914180.815841,2022-07-04T08:56:20,4805878,80.09796666666666,22673.485089612113
1656914186,877173,7531963,0.003662109375,6.547999858856201,181,10,3,2022-07-04T08:56:26,4821,80.36461955,1656914193.985112,2022-07-04T08:56:33,4820990,80.34983333333334,22178.39220518625
1656914232,730873,7577818,nan,nan,53,10,3,2022-07-04T08:57:12,4867,81.12884788333334,1656914241.825312,2022-07-04T08:57:21,4866845,81.11408333333334,20665.453448064185
1656914247,106472,7592194,nan,nan,169,10,3,2022-07-04T08:57:27,4882,81.3684412,1656914257.3661408,2022-07-04T08:57:37,4881221,81.35368333333332,20235.491779612985
1656914257,933655,7609021,0.003662109375,6.539999961853027,55,10,3,2022-07-04T08:57:37,4892,81.54889425,1656914273.777704,2022-07-04T08:57:53,4898048,81.63413333333332,19925.20363704526
1656914280,744725,7625832,0.0054931640625,6.291999816894531,197,10,3,2022-07-04T08:58:00,4915,81.92907874999999,1656914290.574641,2022-07-04T08:58:10,4914859,81.91431666666668,19287.26687066692
1656914326,515454,7671603,nan,nan,69,10,3,2022-07-04T08:58:46,4961,82.69192423333334,1656914334.877105,2022-07-04T08:58:54,4960630,82.67716666666666,18107.36353457032
1656914341,527812,7686615,nan,nan,185,10,3,2022-07-04T08:59:01,4976,82.94213020000001,1656914350.5297809,2022-07-04T08:59:10,4975642,82.92736666666666,17741.077554350006
1656914358,205570,7703293,nan,nan,71,10,3,2022-07-04T08:59:18,4993,83.22009283333334,1656914367.4760768,2022-07-04T08:59:27,4992320,83.20533333333333,17352.31127368393
1656914389,817189,7734905,nan,nan,83,10,3,2022-07-04T08:59:49,5024,83.74695315000001,1656914399.4679198,2022-07-04T08:59:59,5023932,83.73219999999999,16637.055555947463
1656914406,77015,7751161,nan,6.535999774932861,219,10,3,2022-07-04T09:00:06,5041,84.01795025,1656914415.62778,2022-07-04T09:00:15,5040188,84.00313333333334,16283.596022521826
1656914415,813776,7766898,0.003662109375,6.28000020980835,95,10,3,2022-07-04T09:00:15,5050,84.1802296,1656914431.4593089,2022-07-04T09:00:31,5055925,84.26541666666667,16072.145828031742
1656914437,68856,7782153,nan,nan,221,10,3,2022-07-04T09:00:37,5072,84.53448093333333,1656914447.908845,2022-07-04T09:00:47,5071180,84.51966666666667,15686.77811590338
1656914453,929522,7799013,nan,nan,107,10,3,2022-07-04T09:00:53,5088,84.81549203333334,1656914460.8747919,2022-07-04T09:01:00,5088040,84.80066666666667,15391.746085259369
1656914485,41748,7830126,nan,nan,113,10,3,2022-07-04T09:01:25,5120,85.33402913333333,1656914493.167765,2022-07-04T09:01:33,5119153,85.31921666666668,14854.449474156225
1656914501,928848,7847013,0.003662109375,6.519999980926514,255,10,3,2022-07-04T09:01:41,5136,85.61548079999999,1656914509.5885398,2022-07-04T09:01:49,5136040,85.60066666666667,14572.37401934317
1656914516,829608,7861913,nan,nan,125,10,3,2022-07-04T09:01:56,5151,85.8638268,1656914524.8277168,2022-07-04T09:02:04,5150940,85.84899999999999,14323.861275217167
1656914533,40037,7878124,0.00457763671875,6.26800012588501,5,10,3,2022-07-04T09:02:13,5168,86.13400061666667,1656914541.669113,2022-07-04T09:02:21,5167151,86.11918333333332,14059.76812303064
1656914548,381482,7893465,nan,nan,131,10,3,2022-07-04T09:02:28,5183,86.38969136666667,1656914557.2182488,2022-07-04T09:02:37,5182492,86.37486666666668,13822.297095197217
1656914563,869374,7908953,nan,nan,7,10,3,2022-07-04T09:02:43,5198,86.6478229,1656914574.239636,2022-07-04T09:02:54,5197980,86.633,13585.128165910284
1656914580,794716,7925878,0.003662109375,6.251999855041504,143,10,3,2022-07-04T09:03:00,5215,86.92991193333334,1656914590.670141,2022-07-04T09:03:10,5214905,86.91508333333333,13340.33768134476
1656914597,58836,7942143,nan,nan,29,10,3,2022-07-04T09:03:17,5232,87.20098060000001,1656914603.549376,2022-07-04T09:03:23,5231170,87.18616666666667,13101.165115844658
1656914628,227452,7973423,0.003662109375,6.48799991607666,31,10,3,2022-07-04T09:03:48,5263,87.72045753333333,1656914636.079452,2022-07-04T09:03:56,5262450,87.7075,12654.50513703373
1656914642,989722,7988186,nan,nan,157,10,3,2022-07-04T09:04:02,5277,87.96649536666668,1656914651.778789,2022-07-04T09:04:11,5277213,87.95354999999999,12444.823700639647
1656914657,636928,8002833,nan,nan,23,10,3,2022-07-04T09:04:17,5292,88.21061546666667,1656914667.068588,2022-07-04T09:04:27,5291860,88.19766666666666,12243.48715313
1656914674,346787,8019543,nan,nan,163,10,3,2022-07-04T09:04:34,5309,88.48911311666667,1656914684.208469,2022-07-04T09:04:44,5308570,88.47616666666666,12006.62344091856
1656914691,236786,8036433,0.003662109375,6.480000019073486,49,10,3,2022-07-04T09:04:51,5326,88.7706131,1656914700.718685,2022-07-04T09:05:00,5325460,88.75766666666667,11785.954633011286
1656914706,433081,8051785,0.003662109375,6.47599983215332,175,10,3,2022-07-04T09:05:06,5341,89.02388468333334,1656914717.182268,2022-07-04T09:05:17,5340812,89.01353333333333,11587.300058698092
1656914722,700968,8068053,0.003662109375,6.47599983215332,61,10,3,2022-07-04T09:05:22,5357,89.29501613333333,1656914734.078925,2022-07-04T09:05:34,5357080,89.28466666666667,11377.532418735294
1656914739,773698,8085125,0.003662109375,6.4720001220703125,203,10,3,2022-07-04T09:05:39,5374,89.57956163333333,1656914747.0987809,2022-07-04T09:05:47,5374152,89.5692,11155.579951602413
1656914755,390959,8100743,0.003662109375,6.4720001220703125,73,10,3,2022-07-04T09:05:55,5390,89.83984931666667,1656914763.809424,2022-07-04T09:06:03,5389770,89.82950000000001,10962.427424299503
1656914772,581149,8117933,0.003662109375,6.464000225067139,215,10,3,2022-07-04T09:06:12,5407,90.12635248333332,1656914781.7885768,2022-07-04T09:06:21,5406960,90.116,10753.558306510678
1656914789,747650,8135099,nan,nan,101,10,3,2022-07-04T09:06:29,5424,90.41246083333334,1656914798.3583238,2022-07-04T09:06:38,5424126,90.4021,10547.392263769781
1656914807,174395,8152255,nan,nan,249,10,3,2022-07-04T09:06:47,5442,90.70290658333333,1656914814.638793,2022-07-04T09:06:54,5441282,90.68803333333334,10341.630471658955
1656914824,31460,8169112,0.003662109375,6.440000057220459,129,10,3,2022-07-04T09:07:04,5459,90.98385766666667,1656914831.748708,2022-07-04T09:07:11,5458139,90.96898333333334,10142.595705712209
1656914839,541649,8184623,0.003662109375,6.427999973297119,5,10,3,2022-07-04T09:07:19,5474,91.24236081666666,1656914847.5385568,2022-07-04T09:07:27,5473650,91.22749999999999,9960.887844500607
1656914856,127582,8201209,nan,nan,147,10,3,2022-07-04T09:07:36,5491,91.51879303333334,1656914864.0485399,2022-07-04T09:07:44,5490236,91.50393333333334,9769.672111503976
1656914888,712042,8233793,0.00732421875,6.311999797821045,159,10,3,2022-07-04T09:08:08,5523,92.06186736666668,1656914898.429152,2022-07-04T09:08:18,5522820,92.047,9397.429010723688
1656914905,283055,8250363,nan,nan,45,10,3,2022-07-04T09:08:25,5540,92.33805091666666,1656914915.5584838,2022-07-04T09:08:35,5539390,92.32316666666667,9211.91561334797
1656914923,836363,8268916,0.00732421875,6.291999816894531,197,10,3,2022-07-04T09:08:43,5558,92.64727271666668,1656914932.439209,2022-07-04T09:08:52,5557943,92.63238333333334,9007.41054879696
1656914939,76116,8284156,nan,nan,73,10,3,2022-07-04T09:08:59,5574,92.90126860000001,1656914949.1383688,2022-07-04T09:09:09,5573183,92.88638333333333,8841.347821319714
1656914956,59994,8301140,0.003662109375,6.375999927520752,209,10,3,2022-07-04T09:09:16,5591,93.18433323333333,1656914965.9314969,2022-07-04T09:09:25,5590167,93.16945000000001,8658.530431024112
1656914972,905842,8317986,nan,nan,101,10,3,2022-07-04T09:09:32,5607,93.46509736666667,1656914983.138753,2022-07-04T09:09:43,5607013,93.45021666666666,8478.278308981211
1656914989,583445,8334663,0.003662109375,6.3520002365112305,237,10,3,2022-07-04T09:09:49,5624,93.74305741666667,1656914996.3791559,2022-07-04T09:09:56,5623690,93.72816666666667,8299.890797011138
1656915006,618326,8351697,nan,nan,123,10,3,2022-07-04T09:10:06,5641,94.0269721,1656915013.4679239,2022-07-04T09:10:13,5640724,94.01206666666667,8123.673111248512
1656915022,682186,8367761,0.003662109375,6.3520002365112305,3,10,3,2022-07-04T09:10:22,5657,94.2947031,1656915030.6196449,2022-07-04T09:10:30,5656788,94.2798,7959.385311873437
1656915040,172042,8385251,0.003662109375,6.340000152587891,147,10,3,2022-07-04T09:10:40,5675,94.5862007,1656915047.061744,2022-07-04T09:10:47,5674278,94.57130000000001,7783.055128302142
1656915055,436484,8400515,nan,nan,21,10,3,2022-07-04T09:10:55,5690,94.84060806666666,1656915063.489161,2022-07-04T09:11:03,5689542,94.82570000000001,7627.484870990273
1656915072,485971,8417565,nan,nan,163,10,3,2022-07-04T09:11:12,5707,95.12476618333334,1656915080.873448,2022-07-04T09:11:20,5706592,95.10986666666666,7455.882701469593
1656915087,644364,8432723,nan,nan,33,10,3,2022-07-04T09:11:27,5722,95.37740606666667,1656915096.958736,2022-07-04T09:11:36,5721750,95.3625,7308.774377497481
1656915104,661820,8449753,0.003662109375,6.288000106811523,175,10,3,2022-07-04T09:11:44,5739,95.66103033333334,1656915113.667477,2022-07-04T09:11:53,5738780,95.64633333333333,7141.872823787017
1656915121,919020,8467010,0.00732421875,6.179999828338623,61,10,3,2022-07-04T09:12:01,5756,95.94865033333333,1656915130.7077448,2022-07-04T09:12:10,5756037,95.93395000000001,6974.628597584038
1656915137,393107,8482484,0.0091552734375,6.156000137329102,193,10,3,2022-07-04T09:12:17,5772,96.20655178333332,1656915147.317297,2022-07-04T09:12:27,5771511,96.19185,6827.802485226426
1656915154,211930,8499303,0.010986328125,6.263999938964844,79,10,3,2022-07-04T09:12:34,5789,96.48686550000001,1656915163.757784,2022-07-04T09:12:43,5788330,96.47216666666667,6669.5369036810025
1656915171,251423,8516342,0.003662109375,6.260000228881836,221,10,3,2022-07-04T09:12:51,5806,96.77085704999999,1656915181.027169,2022-07-04T09:13:01,5805369,96.75614999999999,6510.338078463069
1656915189,435541,8534526,nan,nan,117,10,3,2022-07-04T09:13:09,5824,97.07392568333333,1656915197.369937,2022-07-04T09:13:17,5823553,97.05921666666667,6336.721481278135
1656915204,366117,8549443,0.0054931640625,6.127999782562256,243,10,3,2022-07-04T09:13:24,5839,97.32276861666666,1656915214.276921,2022-07-04T09:13:34,5838470,97.30783333333333,6200.646018881193
1656915223,156177,8568233,0.00823974609375,6.127999782562256,139,10,3,2022-07-04T09:13:43,5858,97.63593628333334,1656915231.20748,2022-07-04T09:13:51,5857260,97.62100000000001,6030.64563233733
1656915237,350888,8582428,0.003662109375,6.119999885559082,5,10,3,2022-07-04T09:13:57,5872,97.8725148,1656915247.786849,2022-07-04T09:14:07,5871455,97.85758333333334,5906.51081791063
1656915254,579672,8599657,0.0128173828125,6.0879998207092285,147,10,3,2022-07-04T09:14:14,5889,98.1596612,1656915264.517125,2022-07-04T09:14:24,5888684,98.14473333333333,5757.017086620799
1656915271,355413,8616432,nan,nan,33,10,3,2022-07-04T09:14:31,5906,98.43925688333334,1656915281.318161,2022-07-04T09:14:41,5905459,98.42431666666667,5612.382621466481
1656915287,114293,8632191,0.003662109375,6.191999912261963,159,10,3,2022-07-04T09:14:47,5922,98.70190488333333,1656915298.15978,2022-07-04T09:14:58,5921218,98.68696666666666,5477.771677085165
1656915304,97530,8649174,0.003662109375,6.171999931335449,45,10,3,2022-07-04T09:15:04,5939,98.98495883333334,1656915314.556905,2022-07-04T09:15:14,5938201,98.97001666666667,5338.085302390607
1656915321,720564,8666797,0.003662109375,6.171999931335449,193,10,3,2022-07-04T09:15:21,5956,99.27867606666668,1656915332.6963,2022-07-04T09:15:32,5955824,99.26373333333332,5191.625691351194
1656915336,865500,8681942,nan,nan,63,10,3,2022-07-04T09:15:36,5971,99.53109166666667,1656915345.107524,2022-07-04T09:15:45,5970969,99.51615,5068.186834943478
1656915347,843985,8698923,nan,nan,205,10,3,2022-07-04T09:15:47,5982,99.71406641666667,1656915361.5665438,2022-07-04T09:16:01,5987950,99.79916666666666,4941.4855496967775
1656915387,924427,8733003,0.003662109375,6.119999885559082,229,10,3,2022-07-04T09:16:27,6022,100.38207378333333,1656915394.3568969,2022-07-04T09:16:34,6022030,100.36716666666666,4645.156137380793
1656915395,90972,8745170,nan,nan,73,10,3,2022-07-04T09:16:35,6030,100.5015162,1656915410.186193,2022-07-04T09:16:50,6034197,100.56995,4584.357799454533
1656915418,521967,8763599,0.003662109375,5.75600004196167,231,10,3,2022-07-04T09:16:58,6053,100.89203278333333,1656915427.1262999,2022-07-04T09:17:07,6052626,100.8771,4387.994903483974
1656915433,505258,8778582,0.00457763671875,5.751999855041504,101,10,3,2022-07-04T09:17:13,6068,101.1417543,1656915443.245869,2022-07-04T09:17:23,6067609,101.12681666666667,4265.628719587494
1656915447,605467,8792683,0.003662109375,6.084000110626221,217,10,3,2022-07-04T09:17:27,6082,101.37675778333333,1656915459.2077758,2022-07-04T09:17:39,6081710,101.36183333333334,4150.421866460444
1656915465,933160,8811010,nan,nan,113,10,3,2022-07-04T09:17:45,6100,101.68221933333332,1656915476.4359848,2022-07-04T09:17:56,6100037,101.66728333333334,4001.336761729604
1656915481,548014,8826625,0.003662109375,6.076000213623047,245,10,3,2022-07-04T09:18:01,6116,101.9424669,1656915492.916705,2022-07-04T09:18:12,6115652,101.92753333333333,3862.6126800554193
1656915498,475467,8843553,0.003662109375,6.072000026702881,125,10,3,2022-07-04T09:18:18,6133,102.22459111666667,1656915509.026993,2022-07-04T09:18:29,6132580,102.20966666666666,3731.9923534570135
1656915517,215235,8861293,nan,nan,21,10,3,2022-07-04T09:18:37,6152,102.53692058333333,1656915525.7567759,2022-07-04T09:18:45,6150320,102.50533333333333,3594.2117672885806
1656915531,275651,8875354,0.003662109375,6.056000232696533,133,10,3,2022-07-04T09:18:51,6166,102.77126085,1656915538.215945,2022-07-04T09:18:58,6164381,102.73968333333333,3485.5234688469154
1656915546,344646,8890423,nan,nan,3,10,3,2022-07-04T09:19:06,6181,103.02241076666665,1656915553.777937,2022-07-04T09:19:13,6179450,102.99083333333333,3365.7297543555756
1656915570,324297,8919402,nan,nan,245,10,3,2022-07-04T09:19:30,6205,103.42207161666667,1656915586.5053248,2022-07-04T09:19:46,6208429,103.47381666666666,3139.042407538539
1656915588,435166,8937513,nan,nan,141,10,3,2022-07-04T09:19:48,6223,103.72391943333334,1656915602.512264,2022-07-04T09:20:02,6226540,103.77566666666667,2996.4127537292975
1656915603,341049,8952419,0.003662109375,6.039999961853027,11,10,3,2022-07-04T09:20:03,6238,103.97235081666666,1656915618.668001,2022-07-04T09:20:18,6241446,104.0241,2880.715050287155
1656915619,374278,8968452,nan,nan,143,10,3,2022-07-04T09:20:19,6254,104.23957130000001,1656915631.246721,2022-07-04T09:20:31,6257479,104.29131666666667,2758.478594172445
1656915637,174446,8986253,nan,nan,35,10,3,2022-07-04T09:20:37,6272,104.53624076666667,1656915647.266408,2022-07-04T09:20:47,6275280,104.588,2625.4730817804493
1656915652,394369,9001472,nan,nan,161,10,3,2022-07-04T09:20:52,6287,104.78990615,1656915664.005112,2022-07-04T09:21:04,6290499,104.84165,2508.7208819127177
1656915667,408829,9016487,nan,nan,31,10,3,2022-07-04T09:21:07,6302,105.04014715,1656915679.415645,2022-07-04T09:21:19,6305514,105.0919,2399.027899609748
1656915684,244285,9033322,nan,nan,173,10,3,2022-07-04T09:21:24,6319,105.32073808333332,1656915695.344852,2022-07-04T09:21:35,6322349,105.37248333333334,2276.8198246716884
1656915701,682208,9047093,nan,nan,33,10,3,2022-07-04T09:21:41,6336,105.61137013333334,1656915712.385293,2022-07-04T09:21:52,6336120,105.602,2167.772752254827
1656915718,296465,9063707,0.003662109375,5.98799991607666,175,10,3,2022-07-04T09:21:58,6353,105.88827441666668,1656915728.6948159,2022-07-04T09:22:08,6352734,105.8789,2061.1873189099238
1656915733,104971,9078516,nan,nan,39,10,3,2022-07-04T09:22:13,6368,106.13508284999999,1656915744.037921,2022-07-04T09:22:24,6367543,106.12571666666666,1954.019782412861
1656915748,587005,9093998,nan,nan,171,10,3,2022-07-04T09:22:28,6383,106.39311675,1656915760.104928,2022-07-04T09:22:40,6383025,106.38374999999999,1848.5696136679276
1656915781,931716,9127343,nan,nan,193,10,3,2022-07-04T09:23:01,6416,106.94886193333333,1656915789.087508,2022-07-04T09:23:09,6416370,106.9395,1619.4466616842567
1656915797,87589,9142498,nan,nan,63,10,3,2022-07-04T09:23:17,6432,107.20145981666666,1656915805.864549,2022-07-04T09:23:25,6431525,107.19208333333333,1514.7642576716005
1656915830,699560,9175953,nan,nan,91,10,3,2022-07-04T09:23:50,6465,107.76165933333333,1656915838.1157,2022-07-04T09:23:58,6464980,107.74966666666666,1272.6672866343265
1656915845,732911,9190986,0.00457763671875,5.6479997634887695,217,10,3,2022-07-04T09:24:05,6480,108.01221518333334,1656915854.2645838,2022-07-04T09:24:14,6480013,108.00021666666666,1170.9327417738868
1656915876,249584,9221503,0.003662109375,5.828000068664551,213,10,3,2022-07-04T09:24:36,6511,108.5208264,1656915886.3451889,2022-07-04T09:24:46,6510530,108.50883333333333,949.9357946912164
