time_s,time_us,time_steady,resets_count,reset_cause,active_oscillator,time_base,time_syncs_attempted,time_syncs_performed,last_time_sync_time_steady,last_time_sync_delta_s,last_time_sync_delta_us,seq,srcSystem,srcComponent,time_gregorian,time_s_from_launch,mins_from_launch,log_timestamp,log_timestamp_gregorian,time_steady_from_launch,mins_steady_from_launch,baro_altitude
1656909107,374400,2454094,1,2,0,3,1687,580,2454069,-1,616129,118,13,0,2022-07-04T07:31:47,-258,-4.293760000000001,1656909121.9542248,2022-07-04T07:32:01,-256879,-4.281316666666667,96.441247934803
1656909122,504600,2468840,1,2,0,3,1695,583,2466626,0,364082,198,13,0,2022-07-04T07:32:02,-243,-4.04159,1656909135.7423809,2022-07-04T07:32:15,-242133,-4.03555,96.38670476772089
1656909150,31200,2496366,1,2,0,3,1708,587,2488434,0,374211,101,13,0,2022-07-04T07:32:30,-215,-3.582813333333333,1656909160.4345489,2022-07-04T07:32:40,-214607,-3.576783333333333,97.31553199040324
1656909159,757100,2506092,1,2,0,3,1716,589,2497764,0,155474,155,13,0,2022-07-04T07:32:39,-206,-3.420715,1656909171.017273,2022-07-04T07:32:51,-204881,-3.4146833333333335,96.99023342230913
1656909196,690300,2543439,1,2,0,3,1741,596,2537797,-1,585686,114,13,0,2022-07-04T07:33:16,-169,-2.8051616666666663,1656909205.169252,2022-07-04T07:33:25,-167534,-2.7922333333333333,96.59762679641618
1656909202,405200,2548171,1,2,0,3,1745,597,2544681,0,982916,141,13,0,2022-07-04T07:33:22,-163,-2.709913333333333,1656909218.341317,2022-07-04T07:33:38,-162802,-2.7133666666666665,96.83756657999263
1656909233,41300,2578374,1,2,0,3,1764,604,2575652,0,224610,101,13,0,2022-07-04T07:33:53,-132,-2.1993116666666666,1656909243.26,2022-07-04T07:34:03,-132599,-2.209983333333333,96.62653372589739
1656909242,121700,2587640,1,2,0,3,1771,607,2587098,-1,814499,158,13,0,2022-07-04T07:34:02,-123,-2.0479716666666667,1656909254.070361,2022-07-04T07:34:14,-123333,-2.0555499999999998,97.70930673431118
1656909256,839700,2602172,1,2,0,3,1779,608,2595242,0,185834,238,13,0,2022-07-04T07:34:16,-109,-1.8026716666666667,1656909267.642688,2022-07-04T07:34:27,-108801,-1.81335,97.14728067741179
1656909265,777700,2611110,1,2,0,3,1786,611,2608908,0,214084,35,13,0,2022-07-04T07:34:25,-100,-1.653705,1656909278.4657638,2022-07-04T07:34:38,-99863,-1.6643833333333333,97.99520673071783
1656909289,462100,2634794,1,2,0,3,1803,616,2625587,0,254126,168,13,0,2022-07-04T07:34:49,-76,-1.258965,1656909301.4902,2022-07-04T07:35:01,-76179,-1.26965,97.65071130647576
1656909303,249400,2648955,1,2,0,3,1808,618,2647767,-1,890210,248,13,0,2022-07-04T07:35:03,-62,-1.0291766666666666,1656909311.6920319,2022-07-04T07:35:11,-62018,-1.0336333333333334,97.97047208918403
1656909326,125400,2671581,1,2,0,3,1824,622,2671406,-1,875883,125,13,0,2022-07-04T07:35:26,-39,-0.64791,1656909335.359084,2022-07-04T07:35:35,-39392,-0.6565333333333334,98.51702385043387
1656909336,220000,2681551,1,2,0,3,1830,624,2675896,0,344324,178,13,0,2022-07-04T07:35:36,-29,-0.4796666666666667,1656909346.080312,2022-07-04T07:35:46,-29422,-0.4903666666666667,98.21736651399614
1656909349,585100,2694916,1,2,0,3,1842,626,2688404,0,163933,2,13,0,2022-07-04T07:35:49,-16,-0.256915,1656909359.650761,2022-07-04T07:35:59,-16057,-0.26761666666666667,98.46967031084472
1656909354,883500,2700538,1,2,0,3,1847,627,2695255,-1,676408,29,13,0,2022-07-04T07:35:54,-11,-0.16860833333333333,1656909370.004348,2022-07-04T07:36:10,-10435,-0.17391666666666666,97.90330287048697
1656909364,743400,2710074,1,2,0,3,1850,628,2700770,0,323918,82,13,0,2022-07-04T07:36:04,-1,-0.004276666666666667,1656909380.538908,2022-07-04T07:36:20,-899,-0.014983333333333333,98.73127471219159
1656909383,204800,2728535,1,2,0,3,1858,630,2725226,0,314265,188,13,0,2022-07-04T07:36:23,18,0.3034133333333333,1656909393.054808,2022-07-04T07:36:33,17562,0.2927,194.5986255865137
1656909392,333000,2737663,1,2,0,3,1866,632,2734156,0,174720,242,13,0,2022-07-04T07:36:32,27,0.45554999999999995,1656909403.5770478,2022-07-04T07:36:43,26690,0.44483333333333336,249.2217753634602
1656909411,919000,2757494,1,2,0,3,1879,637,2754710,0,414602,92,13,0,2022-07-04T07:36:51,46,0.7819833333333333,1656909430.459388,2022-07-04T07:37:10,46521,0.77535,374.111923752317
1656909429,243600,2774807,1,2,0,3,1888,640,2773144,-1,765645,198,13,0,2022-07-04T07:37:09,64,1.0707266666666666,1656909441.2505999,2022-07-04T07:37:21,63834,1.0639,479.1256243079446
1656909457,268000,2802596,1,2,0,3,1909,649,2801284,0,384153,102,13,0,2022-07-04T07:37:37,92,1.5378,1656909465.555364,2022-07-04T07:37:45,91623,1.52705,653.0872868773512
1656909470,50000,2815502,1,2,0,3,1920,652,2814753,-1,875995,182,13,0,2022-07-04T07:37:50,105,1.7508333333333332,1656909479.044973,2022-07-04T07:37:59,104529,1.7421499999999999,735.3723782908213
1656909479,904300,2825232,1,2,0,3,1929,653,2819159,0,124314,235,13,0,2022-07-04T07:37:59,114,1.9150716666666667,1656909489.075233,2022-07-04T07:38:09,114259,1.9043166666666667,794.474667704709
1656909492,786500,2838114,1,2,0,3,1938,656,2836264,0,314441,59,13,0,2022-07-04T07:38:12,127,2.129775,1656909503.0164049,2022-07-04T07:38:23,127141,2.1190166666666665,866.7137393597318
1656909502,110600,2847438,1,2,0,3,1945,658,2844292,0,104549,112,13,0,2022-07-04T07:38:22,137,2.2851766666666666,1656909513.3577049,2022-07-04T07:38:33,136465,2.2744166666666668,920.7367690522842
1656909516,806800,2862134,1,2,0,3,1953,662,2861342,0,124049,192,13,0,2022-07-04T07:38:36,151,2.5301133333333334,1656909524.182061,2022-07-04T07:38:44,151161,2.51935,1010.6222362872371
1656909525,921900,2871249,1,2,0,3,1960,664,2864674,0,373952,245,13,0,2022-07-04T07:38:45,160,2.6820316666666666,1656909538.012028,2022-07-04T07:38:58,160276,2.671266666666667,1063.6793840829134
1656909540,119300,2885770,1,2,0,3,1971,668,2885313,-1,830595,69,13,0,2022-07-04T07:39:00,175,2.918655,1656909548.875592,2022-07-04T07:39:08,174797,2.9132833333333332,1149.4529387092423
1656909553,340100,2898821,1,2,0,3,1983,673,2897421,-1,845790,149,13,0,2022-07-04T07:39:13,188,3.1390016666666667,1656909562.616324,2022-07-04T07:39:22,187848,3.1308000000000002,1232.1932106093025
1656909562,662000,2908153,1,2,0,3,1991,676,2906362,-1,835534,202,13,0,2022-07-04T07:39:22,197,3.294366666666667,1656909572.8271768,2022-07-04T07:39:32,197180,3.2863333333333333,1282.98061488871
1656909576,95900,2921422,1,2,0,3,2001,679,2919896,0,314219,26,13,0,2022-07-04T07:39:36,211,3.518265,1656909587.103097,2022-07-04T07:39:47,210449,3.5074833333333335,1360.4266406061818
1656909584,888600,2930319,1,2,0,3,2004,680,2923277,-1,895726,79,13,0,2022-07-04T07:39:44,219,3.66481,1656909597.044529,2022-07-04T07:39:57,219346,3.6557666666666666,1443.1118353659472
1656909599,603900,2944929,1,2,0,3,2013,684,2943939,6,163998,159,13,0,2022-07-04T07:39:59,234,3.9100650000000003,1656909607.814605,2022-07-04T07:40:07,233956,3.8992666666666667,1504.4109340936732
1656909612,891100,2958400,1,2,0,3,2025,688,2957542,-1,815935,238,13,0,2022-07-04T07:40:12,247,4.131518333333333,1656909621.56612,2022-07-04T07:40:21,247427,4.123783333333333,1584.4495600666626
1656909635,452400,2980777,1,2,0,3,2039,694,2978127,0,133969,115,13,0,2022-07-04T07:40:35,270,4.5075400000000005,1656909645.676432,2022-07-04T07:40:45,269804,4.496733333333333,1720.6150331322426
1656909650,105700,2995430,1,2,0,3,2048,696,2995007,0,254146,195,13,0,2022-07-04T07:40:50,285,4.751761666666667,1656909656.1775088,2022-07-04T07:40:56,284457,4.74095,1810.7834461759226
1656909668,518900,3013843,1,2,0,3,2062,700,3011061,0,434168,46,13,0,2022-07-04T07:41:08,303,5.058648333333333,1656909680.537396,2022-07-04T07:41:20,302870,5.047833333333333,1927.1723881589555
1656909696,860400,3042184,1,2,0,3,2086,707,3035860,0,324423,205,13,0,2022-07-04T07:41:36,331,5.531006666666667,1656909705.1890118,2022-07-04T07:41:45,331211,5.520183333333334,2112.183040144349
1656909705,634400,3051410,1,2,0,3,2093,711,3050730,-1,840276,2,13,0,2022-07-04T07:41:45,340,5.67724,1656909716.0868568,2022-07-04T07:41:56,340437,5.6739500000000005,2169.0730284772385
1656909709,850200,3055242,1,2,0,3,2096,712,3051561,0,383850,29,13,0,2022-07-04T07:41:49,344,5.7475033333333325,1656909728.991572,2022-07-04T07:42:08,344269,5.737816666666666,2196.2390876056616
1656909728,664200,3074232,1,2,0,3,2107,716,3073311,-1,823950,135,13,0,2022-07-04T07:42:08,363,6.06107,1656909739.509961,2022-07-04T07:42:19,363259,6.054316666666667,2315.3750481538623
1656909751,818800,3097210,1,2,0,3,2119,720,3091939,0,264662,12,13,0,2022-07-04T07:42:31,386,6.44698,1656909763.940461,2022-07-04T07:42:43,386237,6.437283333333334,2453.045370115083
1656909775,333200,3120724,1,2,0,3,2135,725,3118152,0,381747,145,13,0,2022-07-04T07:42:55,410,6.838886666666666,1656909787.6322849,2022-07-04T07:43:07,409751,6.829183333333333,2592.658592636167
1656909784,617200,3130008,1,2,0,3,2137,725,3118152,0,381747,199,13,0,2022-07-04T07:43:04,419,6.993620000000001,1656909798.0234249,2022-07-04T07:43:18,419035,6.983916666666667,2645.3854397267337
1656909799,247200,3144638,1,2,0,3,2143,725,3118152,0,381747,22,13,0,2022-07-04T07:43:19,434,7.237453333333334,1656909812.052088,2022-07-04T07:43:32,433665,7.22775,2732.212471464722
1656909826,308200,3171920,1,2,0,3,2158,731,3166846,0,264976,182,13,0,2022-07-04T07:43:46,461,7.68847,1656909832.3519719,2022-07-04T07:43:52,460947,7.68245,2894.625479658959
1656909835,435000,3181431,1,2,0,3,2161,733,3175004,-1,740119,235,13,0,2022-07-04T07:43:55,470,7.840583333333333,1656909846.542397,2022-07-04T07:44:06,470458,7.8409666666666675,2971.3685675246907
1656909850,100600,3195421,1,2,0,3,2172,738,3193094,6,101910,59,13,0,2022-07-04T07:44:10,485,8.08501,1656909857.332432,2022-07-04T07:44:17,484448,8.074133333333332,3042.952120889342
1656909859,2800,3204323,1,2,0,3,2180,742,3203132,0,239741,112,13,0,2022-07-04T07:44:19,494,8.23338,1656909871.175657,2022-07-04T07:44:31,493350,8.2225,3087.2863133596757
1656909897,446300,3243100,1,2,0,3,2197,746,3240476,-1,899860,69,13,0,2022-07-04T07:44:57,532,8.874104999999998,1656909904.3834078,2022-07-04T07:45:04,532127,8.868783333333333,3320.4327898128527
1656909906,497300,3252111,1,2,0,3,2205,749,3250582,-1,859952,122,13,0,2022-07-04T07:45:06,541,9.024955,1656909915.213532,2022-07-04T07:45:15,541138,9.018966666666667,3377.5997780222733
1656909915,968400,3261288,1,2,0,3,2210,750,3252640,0,294187,175,13,0,2022-07-04T07:45:15,550,9.182806666666666,1656909928.376564,2022-07-04T07:45:28,550315,9.171916666666668,3432.052748256642
1656909924,951500,3270615,1,2,0,3,2213,751,3264247,-1,656130,229,13,0,2022-07-04T07:45:24,559,9.332525,1656909938.315008,2022-07-04T07:45:38,559642,9.327366666666668,3483.0858308390075
1656909940,301900,3285621,1,2,0,3,2221,753,3272257,5,999993,52,13,0,2022-07-04T07:45:40,575,9.588365000000001,1656909948.974093,2022-07-04T07:45:48,574648,9.577466666666668,3571.8356650513924
1656909971,725800,3317321,1,2,0,3,2240,759,3316409,-1,857740,239,13,0,2022-07-04T07:46:11,606,10.112096666666668,1656909986.185037,2022-07-04T07:46:26,606348,10.105799999999999,3768.3551084988053
1656909984,865600,3330184,1,2,0,3,2247,761,3326782,0,175689,62,13,0,2022-07-04T07:46:24,619,10.331093333333333,1656909996.39444,2022-07-04T07:46:36,619211,10.320183333333334,3846.946158810279
1656909994,842600,3340161,1,2,0,3,2250,761,3326782,0,175689,116,13,0,2022-07-04T07:46:34,629,10.497376666666666,1656910007.205056,2022-07-04T07:46:47,629188,10.486466666666667,3902.969497968857
1656910008,238900,3353557,1,2,0,3,2261,765,3350700,0,294498,195,13,0,2022-07-04T07:46:48,643,10.720648333333333,1656910020.87536,2022-07-04T07:47:00,642584,10.709733333333332,3983.0025262942327
1656910017,82200,3362400,1,2,0,3,2268,767,3360886,0,114324,249,13,0,2022-07-04T07:46:57,652,10.868036666666665,1656910031.2756128,2022-07-04T07:47:11,651427,10.857116666666666,4033.7301856524764
1656910041,229200,3386547,1,2,0,3,2279,769,3371095,0,444083,126,13,0,2022-07-04T07:47:21,676,11.270486666666667,1656910054.445448,2022-07-04T07:47:34,675574,11.259566666666666,4179.296303956238
1656910068,973800,3414292,1,2,0,3,2295,776,3409960,0,374181,29,13,0,2022-07-04T07:47:48,703,11.732896666666667,1656910079.196485,2022-07-04T07:47:59,703319,11.721983333333332,4338.562125126843
1656910091,272900,3436724,1,2,0,3,2311,784,3434765,-1,865917,162,13,0,2022-07-04T07:48:11,726,12.104548333333334,1656910103.755821,2022-07-04T07:48:23,725751,12.09585,4475.938835795461
1656910118,973100,3464868,1,2,0,3,2333,793,3464308,-1,735902,66,13,0,2022-07-04T07:48:38,753,12.566218333333333,1656910128.212997,2022-07-04T07:48:48,753895,12.564916666666667,4648.248280174523
1656910128,588400,3474219,1,2,0,3,2340,796,3468538,0,334100,119,13,0,2022-07-04T07:48:48,763,12.726473333333333,1656910138.6755688,2022-07-04T07:48:58,763246,12.720766666666666,4732.668409600645
1656910138,854200,3484170,1,2,0,3,2343,798,3482562,6,69,172,13,0,2022-07-04T07:48:58,773,12.89757,1656910152.2356598,2022-07-04T07:49:12,773197,12.886616666666667,4773.442142301784
1656910152,184400,3497694,1,2,0,3,2350,800,3497644,0,270168,252,13,0,2022-07-04T07:49:12,787,13.11974,1656910162.1166399,2022-07-04T07:49:22,786721,13.112016666666667,4844.448271913872
1656910166,13600,3511329,1,2,0,3,2356,803,3510314,0,204269,76,13,0,2022-07-04T07:49:26,801,13.350226666666666,1656910172.725296,2022-07-04T07:49:32,800356,13.339266666666667,4929.526976742245
1656910175,251600,3520567,1,2,0,3,2362,803,3510314,0,204269,129,13,0,2022-07-04T07:49:35,810,13.504193333333335,1656910186.415313,2022-07-04T07:49:46,809594,13.493233333333334,4986.780382396193
1656910190,313600,3535629,1,2,0,3,2370,803,3510314,0,204269,209,13,0,2022-07-04T07:49:50,825,13.755226666666665,1656910196.88546,2022-07-04T07:49:56,824656,13.744266666666666,5081.813279185391
1656910213,790900,3559106,1,2,0,3,2389,809,3550096,0,272172,86,13,0,2022-07-04T07:50:13,848,14.146514999999999,1656910221.32542,2022-07-04T07:50:21,848133,14.13555,5228.708084816439
1656910230,493600,3581808,1,2,0,3,2403,815,3581245,-6,503,219,13,0,2022-07-04T07:50:30,865,14.424893333333333,1656910244.988304,2022-07-04T07:50:44,870835,14.513916666666667,5359.056960439735
1656910248,782900,3595097,1,2,0,3,2414,818,3592608,0,214314,43,13,0,2022-07-04T07:50:48,883,14.729715,1656910256.9624128,2022-07-04T07:50:56,884124,14.7354,5469.494329742729
1656910257,820900,3604439,1,2,0,3,2422,819,3604239,-1,696014,96,13,0,2022-07-04T07:50:57,892,14.880348333333334,1656910269.4649758,2022-07-04T07:51:09,893466,14.8911,5517.455036373062
1656910272,471100,3618785,1,2,0,3,2434,825,3617720,0,274252,176,13,0,2022-07-04T07:51:12,907,15.124518333333333,1656910280.215045,2022-07-04T07:51:20,907812,15.1302,5608.294230470011
1656910296,64300,3642522,1,2,0,3,2456,834,3642472,-1,856011,53,13,0,2022-07-04T07:51:36,931,15.517738333333334,1656910304.807441,2022-07-04T07:51:44,931549,15.525816666666666,5747.428791829419
1656910305,340400,3651654,1,2,0,3,2463,835,3643538,0,144197,106,13,0,2022-07-04T07:51:45,940,15.67234,1656910318.534493,2022-07-04T07:51:58,940681,15.678016666666668,5800.035599157142
1656910314,535500,3660849,1,2,0,3,2469,837,3657082,0,394113,159,13,0,2022-07-04T07:51:54,949,15.825591666666666,1656910328.7302809,2022-07-04T07:52:08,949876,15.831266666666666,5855.417292533815
1656910328,776500,3675090,1,2,0,3,2477,837,3657082,0,394113,239,13,0,2022-07-04T07:52:08,963,16.062941666666667,1656910339.4322839,2022-07-04T07:52:19,964117,16.068616666666667,5953.494123406014
1656910342,57400,3688495,1,2,0,3,2488,840,3687861,-1,876124,63,13,0,2022-07-04T07:52:22,977,16.284290000000002,1656910352.792953,2022-07-04T07:52:32,977522,16.292033333333332,6038.12483303074
1656910362,4900,3708318,1,2,0,3,2492,841,3696120,0,124045,169,13,0,2022-07-04T07:52:42,997,16.616748333333334,1656910372.741832,2022-07-04T07:52:52,997345,16.622416666666666,6158.151780941612
1656910375,634200,3721947,1,2,0,3,2502,844,3717904,0,394104,249,13,0,2022-07-04T07:52:55,1010,16.843903333333333,1656910386.5814,2022-07-04T07:53:06,1010974,16.849566666666668,6241.68815313378
1656910384,778300,3731091,1,2,0,3,2508,847,3729464,0,314141,46,13,0,2022-07-04T07:53:04,1019,16.996305,1656910397.0822558,2022-07-04T07:53:17,1020118,17.001966666666668,6294.539154790248
1656910398,777300,3745090,1,2,0,3,2519,851,3743140,0,148264,126,13,0,2022-07-04T07:53:18,1033,17.229621666666667,1656910410.4814599,2022-07-04T07:53:30,1034117,17.23528333333333,6377.577928724183
1656910408,274200,3754587,1,2,0,3,2522,851,3743140,0,148264,179,13,0,2022-07-04T07:53:28,1043,17.387903333333334,1656910420.4019969,2022-07-04T07:53:40,1043614,17.39356666666667,6433.872919688931
1656910435,538200,3782085,1,2,0,3,2536,858,3773115,-1,879517,83,13,0,2022-07-04T07:53:55,1070,17.842303333333334,1656910445.3010528,2022-07-04T07:54:05,1071112,17.85186666666667,6607.068177513323
1656910445,360900,3791673,1,2,0,3,2542,859,3784625,0,234701,136,13,0,2022-07-04T07:54:05,1080,18.006014999999998,1656910455.9503,2022-07-04T07:54:15,1080700,18.011666666666667,6667.510866314908
1656910458,294100,3804606,1,2,0,3,2552,862,3800740,0,354327,216,13,0,2022-07-04T07:54:18,1093,18.221568333333334,1656910468.889633,2022-07-04T07:54:28,1093633,18.227216666666667,6748.542831143465
1656910468,215100,3814527,1,2,0,3,2555,862,3800740,0,354327,13,13,0,2022-07-04T07:54:28,1103,18.38691833333333,1656910479.7314,2022-07-04T07:54:39,1103554,18.392566666666667,6809.787692476746
1656910481,927300,3828239,1,2,0,3,2566,865,3822539,0,327254,93,13,0,2022-07-04T07:54:41,1116,18.615455,1656910492.560596,2022-07-04T07:54:52,1117266,18.621100000000002,6895.6633099447035
1656910487,153400,3833639,1,2,0,3,2570,866,3830540,-1,826133,119,13,0,2022-07-04T07:54:47,1122,18.702556666666666,1656910503.2295558,2022-07-04T07:55:03,1122666,18.7111,6926.964746406361
1656910500,490400,3847136,1,2,0,3,2578,868,3845791,-1,666002,199,13,0,2022-07-04T07:55:00,1135,18.92484,1656910514.010681,2022-07-04T07:55:14,1136163,18.93605,7001.9350608873365
1656910514,538600,3860850,1,2,0,3,2588,871,3859336,0,344161,23,13,0,2022-07-04T07:55:14,1149,19.158976666666668,1656910527.8086638,2022-07-04T07:55:27,1149877,19.164616666666667,7085.68366618647
1656910533,5800,3879631,1,2,0,3,2601,872,3878819,-1,686208,129,13,0,2022-07-04T07:55:33,1168,19.466763333333333,1656910551.998368,2022-07-04T07:55:51,1168658,19.477633333333333,7196.479001427665
1656910552,291300,3898603,1,2,0,3,2613,875,3892535,0,214104,236,13,0,2022-07-04T07:55:52,1187,19.788188333333334,1656910562.6782289,2022-07-04T07:56:02,1187630,19.793833333333335,7311.972517658687
1656910565,493000,3912018,1,2,0,3,2625,878,3911770,-1,786013,59,13,0,2022-07-04T07:56:05,1200,20.008216666666666,1656910576.277781,2022-07-04T07:56:16,1201045,20.01741666666667,7395.513971087834
1656910570,696100,3917341,1,2,0,3,2628,879,3915329,-1,880128,86,13,0,2022-07-04T07:56:10,1205,20.094935,1656910586.557713,2022-07-04T07:56:26,1206368,20.106133333333332,7434.975974878613
1656910584,338700,3930944,1,2,0,3,2635,883,3929080,-1,705577,166,13,0,2022-07-04T07:56:24,1219,20.322311666666668,1656910596.527413,2022-07-04T07:56:36,1219971,20.33285,7540.6709501123705
1656910598,350400,3944661,1,2,0,3,2641,885,3939305,0,402319,246,13,0,2022-07-04T07:56:38,1233,20.55584,1656910609.697521,2022-07-04T07:56:49,1233688,20.561466666666668,7631.907811770204
1656910607,823600,3954134,1,2,0,3,2649,888,3950678,0,324114,43,13,0,2022-07-04T07:56:47,1242,20.713726666666666,1656910620.517328,2022-07-04T07:57:00,1243161,20.719350000000002,7691.132085272607
1656910635,373900,3981684,1,2,0,3,2670,897,3975484,0,104604,202,13,0,2022-07-04T07:57:15,1270,21.172898333333332,1656910644.937397,2022-07-04T07:57:24,1270711,21.178516666666667,7857.1797299488735
1656910668,244200,4014554,1,2,0,3,2692,908,4014246,0,320901,133,13,0,2022-07-04T07:57:48,1303,21.720736666666667,1656910679.816001,2022-07-04T07:57:59,1303581,21.72635,8060.164950149162
1656910681,314300,4027624,1,2,0,3,2698,910,4025824,0,231706,212,13,0,2022-07-04T07:58:01,1316,21.938571666666668,1656910692.946256,2022-07-04T07:58:12,1316651,21.944183333333335,8155.171071214646
1656910690,548300,4036858,1,2,0,3,2706,912,4033589,0,143931,10,13,0,2022-07-04T07:58:10,1325,22.092471666666665,1656910703.4763288,2022-07-04T07:58:23,1325885,22.09808333333333,8219.84370921461
1656910729,771600,4075307,1,2,0,3,2730,918,4071539,0,366821,222,13,0,2022-07-04T07:58:49,1364,22.746193333333334,1656910738.7052329,2022-07-04T07:58:58,1364334,22.7389,8469.96800230512
1656910742,619600,4088155,1,2,0,3,2741,920,4084065,0,264783,46,13,0,2022-07-04T07:59:02,1377,22.960326666666667,1656910752.474808,2022-07-04T07:59:12,1377182,22.953033333333334,8553.346517133175
1656910752,667600,4098203,1,2,0,3,2749,920,4084065,0,264783,99,13,0,2022-07-04T07:59:12,1387,23.127793333333333,1656910762.434896,2022-07-04T07:59:22,1387230,23.1205,8623.554554599299
1656910775,347000,4120882,1,2,0,3,2763,924,4117250,0,184564,232,13,0,2022-07-04T07:59:35,1410,23.505783333333333,1656910786.965401,2022-07-04T07:59:46,1409909,23.498483333333336,8781.503606876857
1656910784,330000,4129865,1,2,0,3,2771,927,4126417,0,274183,30,13,0,2022-07-04T07:59:44,1419,23.6555,1656910796.9746559,2022-07-04T07:59:56,1418892,23.6482,8836.443566662187
1656910798,678300,4144213,1,2,0,3,2778,929,4143479,0,194253,109,13,0,2022-07-04T07:59:58,1433,23.894638333333333,1656910810.644521,2022-07-04T08:00:10,1433240,23.887333333333334,8921.852469031672
1656910808,102200,4153495,1,2,0,3,2786,930,4148089,0,141959,163,13,0,2022-07-04T08:00:08,1443,24.051703333333332,1656910821.275553,2022-07-04T08:00:21,1442522,24.042033333333332,8976.994062739885
1656910835,698500,4181375,1,2,0,3,2801,935,4179937,-1,716156,66,13,0,2022-07-04T08:00:35,1470,24.511641666666666,1656910845.9095678,2022-07-04T08:00:45,1470402,24.506700000000002,9165.024452207452
1656910840,147600,4191457,1,2,0,3,2804,938,4190469,-6,83016,119,13,0,2022-07-04T08:00:40,1475,24.585793333333335,1656910856.573184,2022-07-04T08:00:56,1480484,24.674733333333332,9222.310247401329
1656910859,137600,4204447,1,2,0,3,2815,942,4201740,0,370716,199,13,0,2022-07-04T08:00:59,1494,24.902293333333333,1656910870.5136409,2022-07-04T08:01:10,1493474,24.891233333333332,9309.388702176118
1656910868,431700,4213741,1,2,0,3,2821,944,4209775,0,321820,252,13,0,2022-07-04T08:01:08,1503,25.057195,1656910880.372925,2022-07-04T08:01:20,1502768,25.046133333333334,9364.289679767491
1656910878,325700,4223635,1,2,0,3,2824,944,4209775,0,321820,50,13,0,2022-07-04T08:01:18,1513,25.222095000000003,1656910894.0829358,2022-07-04T08:01:34,1512662,25.211033333333333,9422.654756159343
1656910891,953000,4237262,1,2,0,3,2831,946,4233161,5,294,129,13,0,2022-07-04T08:01:31,1526,25.449216666666665,1656910903.992368,2022-07-04T08:01:43,1526289,25.43815,9521.34615770124
1656910906,419300,4251728,1,2,0,3,2844,951,4250086,0,104019,209,13,0,2022-07-04T08:01:46,1541,25.690321666666666,1656910914.822885,2022-07-04T08:01:54,1540755,25.679250000000003,9631.641428709083
1656910919,987400,4265296,1,2,0,3,2855,955,4261427,0,154531,33,13,0,2022-07-04T08:01:59,1554,25.916456666666665,1656910928.905264,2022-07-04T08:02:08,1554323,25.905383333333337,9720.147996770414
1656910933,56500,4278365,1,2,0,3,2867,960,4277232,0,284346,113,13,0,2022-07-04T08:02:13,1568,26.134275,1656910939.681561,2022-07-04T08:02:19,1567392,26.1232,9800.628545009755
1656910941,854600,4287163,1,2,0,3,2873,962,4285070,0,114304,166,13,0,2022-07-04T08:02:21,1576,26.28091,1656910953.5733368,2022-07-04T08:02:33,1576190,26.269833333333334,9862.766049384001
1656910956,695700,4302004,1,2,0,3,2884,964,4298824,0,311180,246,13,0,2022-07-04T08:02:36,1591,26.528261666666666,1656910964.437085,2022-07-04T08:02:44,1591031,26.51718333333333,9980.397191023458
1656910965,651900,4310960,1,2,0,3,2891,967,4310126,0,434026,43,13,0,2022-07-04T08:02:45,1600,26.677531666666667,1656910978.431109,2022-07-04T08:02:58,1599987,26.66645,10038.824410858178
1656910978,591900,4324114,1,2,0,3,2901,970,4322756,-1,785955,123,13,0,2022-07-04T08:02:58,1613,26.89319833333333,1656910989.031205,2022-07-04T08:03:09,1613141,26.885683333333336,10120.667582131984
1656911000,922100,4346554,1,2,0,3,2914,975,4339755,-1,676030,0,13,0,2022-07-04T08:03:20,1635,27.265368333333335,1656911012.960641,2022-07-04T08:03:32,1635581,27.25968333333333,10265.257202206687
1656911024,228700,4369981,1,2,0,3,2925,981,4366794,-1,555889,133,13,0,2022-07-04T08:03:44,1659,27.653811666666666,1656911037.091121,2022-07-04T08:03:57,1659008,27.650133333333333,10445.61895385116
1656911033,750000,4379058,1,2,0,3,2930,984,4377031,0,204137,186,13,0,2022-07-04T08:03:53,1668,27.8125,1656911047.701196,2022-07-04T08:04:07,1668085,27.801416666666668,10516.657616478406
1656911048,443000,4393885,1,2,0,3,2937,985,4390946,-1,866054,10,13,0,2022-07-04T08:04:08,1683,28.057383333333334,1656911060.821404,2022-07-04T08:04:20,1682912,28.048533333333335,10612.771662399331
1656911062,89300,4407398,1,2,0,3,2944,989,4406009,5,354626,90,13,0,2022-07-04T08:04:22,1697,28.28482166666667,1656911071.3971999,2022-07-04T08:04:31,1696425,28.27375,10690.437395180212
1656911070,572000,4420880,1,2,0,3,2949,992,4416261,-5,69,169,13,0,2022-07-04T08:04:30,1705,28.426199999999998,1656911081.419968,2022-07-04T08:04:41,1709907,28.49845,10732.378197153663
1656911084,587600,4430140,1,2,0,3,2958,996,4430065,-1,755141,223,13,0,2022-07-04T08:04:44,1719,28.659793333333333,1656911095.419201,2022-07-04T08:04:55,1719167,28.652783333333332,10811.177475583185
1656911094,207200,4439859,1,2,0,3,2965,1000,4439185,-1,656052,20,13,0,2022-07-04T08:04:54,1729,28.82012,1656911106.1001399,2022-07-04T08:05:06,1728886,28.814766666666667,10869.125932524561
1656911108,583300,4453891,1,2,0,3,2969,1001,4449554,0,344163,100,13,0,2022-07-04T08:05:08,1743,29.05972166666667,1656911115.749053,2022-07-04T08:05:15,1742918,29.04863333333333,10958.675913518618
1656911136,168000,4481840,1,2,0,3,2982,1007,4480444,-1,635722,3,13,0,2022-07-04T08:05:36,1771,29.519466666666666,1656911153.969961,2022-07-04T08:05:53,1770867,29.51445,11143.458445759365
1656911155,679300,4501271,1,2,0,3,2991,1011,4497693,-1,715926,110,13,0,2022-07-04T08:05:55,1790,29.844655,1656911164.5479329,2022-07-04T08:06:04,1790298,29.8383,11264.710752569912
1656911164,706500,4510268,1,2,0,3,2999,1014,4508863,-1,869249,163,13,0,2022-07-04T08:06:04,1799,29.995108333333334,1656911178.468076,2022-07-04T08:06:18,1799295,29.98825,11310.375430810984
1656911177,735600,4523043,1,2,0,3,3010,1018,4518805,0,304089,243,13,0,2022-07-04T08:06:17,1812,30.21226,1656911189.220085,2022-07-04T08:06:29,1812070,30.201166666666666,11382.964157611448
1656911191,486700,4536794,1,2,0,3,3022,1023,4535633,0,234526,66,13,0,2022-07-04T08:06:31,1826,30.441444999999998,1656911203.07738,2022-07-04T08:06:43,1825821,30.430349999999997,11458.066518713717
1656911215,310700,4560722,1,2,0,3,3035,1027,4559914,5,60133,199,13,0,2022-07-04T08:06:55,1850,30.838511666666665,1656911224.166741,2022-07-04T08:07:04,1849749,30.829150000000002,11596.204148529661
1656911228,618400,4573926,1,2,0,3,3047,1030,4570145,0,144602,23,13,0,2022-07-04T08:07:08,1863,31.06030666666667,1656911237.5572798,2022-07-04T08:07:17,1862953,31.049216666666666,11671.965084219297
1656911238,289800,4583597,1,2,0,3,3054,1032,4582727,0,464220,76,13,0,2022-07-04T08:07:18,1873,31.221496666666667,1656911248.836164,2022-07-04T08:07:28,1872624,31.2104,11733.846507003323
1656911247,955900,4593263,1,2,0,3,3063,1034,4591687,0,414185,130,13,0,2022-07-04T08:07:27,1882,31.38259833333333,1656911258.2266839,2022-07-04T08:07:38,1882290,31.3715,11799.83718228039
1656911261,222800,4606530,1,2,0,3,3068,1036,4602065,5,168,209,13,0,2022-07-04T08:07:41,1896,31.603713333333335,1656911272.1561599,2022-07-04T08:07:52,1895557,31.592616666666668,11881.849473635924
1656911275,637000,4620944,1,2,0,3,3080,1041,4620185,0,284103,33,13,0,2022-07-04T08:07:55,1910,31.84395,1656911282.776732,2022-07-04T08:08:02,1909971,31.83285,11971.74202653754
1656911284,357100,4629664,1,2,0,3,3087,1044,4628150,0,264655,86,13,0,2022-07-04T08:08:04,1919,31.989285,1656911296.745924,2022-07-04T08:08:16,1918691,31.978183333333334,12027.033992150504
1656911298,473900,4643976,1,2,0,3,3099,1049,4642803,-1,805619,166,13,0,2022-07-04T08:08:18,1933,32.224565,1656911307.6351519,2022-07-04T08:08:27,1933003,32.21671666666666,12108.236382947474
1656911311,675300,4656982,1,2,0,3,3109,1055,4655085,0,344078,246,13,0,2022-07-04T08:08:31,1946,32.444588333333336,1656911321.9552078,2022-07-04T08:08:41,1946009,32.433483333333335,12186.193590054969
1656911320,409300,4665990,1,2,0,3,3114,1058,4665692,-1,726023,43,13,0,2022-07-04T08:08:40,1955,32.590155,1656911332.704845,2022-07-04T08:08:52,1955017,32.583616666666664,12244.960143696197
1656911330,580300,4675887,1,2,0,3,3122,1059,4670099,0,274098,96,13,0,2022-07-04T08:08:50,1965,32.75967166666667,1656911346.4649239,2022-07-04T08:09:06,1964914,32.74856666666667,12307.188006482567
1656911361,624700,4707266,1,2,0,3,3139,1066,4707241,-1,665821,27,13,0,2022-07-04T08:09:21,1996,33.277078333333336,1656911367.614809,2022-07-04T08:09:27,1996293,33.27155,12492.969978803641
1656911370,968100,4716449,1,2,0,3,3146,1068,4716201,-1,826111,80,13,0,2022-07-04T08:09:30,2005,33.43280166666667,1656911380.853509,2022-07-04T08:09:40,2005476,33.424600000000005,12552.820389805382
1656911380,399800,4725821,1,2,0,3,3154,1072,4725182,-1,885634,133,13,0,2022-07-04T08:09:40,2015,33.589996666666664,1656911391.843633,2022-07-04T08:09:51,2014848,33.580799999999996,12608.964956948466
1656911393,599300,4738906,1,2,0,3,3165,1075,4737715,0,214291,213,13,0,2022-07-04T08:09:53,2028,33.80998833333334,1656911405.955101,2022-07-04T08:10:05,2027933,33.798883333333336,12683.616608938743
1656911402,539400,4747846,1,2,0,3,3173,1077,4744439,0,144696,10,13,0,2022-07-04T08:10:02,2037,33.95899,1656911416.6332529,2022-07-04T08:10:16,2036873,33.94788333333334,12733.654642648367
1656911420,784100,4766091,1,2,0,3,3182,1080,4761800,0,454680,116,13,0,2022-07-04T08:10:20,2055,34.26306833333333,1656911430.572916,2022-07-04T08:10:30,2055118,34.25196666666667,12863.389276613052
1656911430,213200,4775520,1,2,0,3,3185,1082,4773425,0,204171,170,13,0,2022-07-04T08:10:30,2065,34.42022,1656911441.497437,2022-07-04T08:10:41,2064547,34.40911666666667,12924.714557128058
1656911444,450400,4789757,1,2,0,3,3196,1084,4784973,0,352772,249,13,0,2022-07-04T08:10:44,2079,34.65750666666667,1656911455.464244,2022-07-04T08:10:55,2078784,34.6464,13008.35784780045
1656911453,463500,4798770,1,2,0,3,3203,1087,4796370,0,294695,47,13,0,2022-07-04T08:10:53,2088,34.807725,1656911465.992045,2022-07-04T08:11:05,2087797,34.796616666666665,13066.380674036862
1656911476,484300,4827045,1,2,0,3,3218,1092,4826280,-6,745757,206,13,0,2022-07-04T08:11:16,2111,35.191405,1656911489.981776,2022-07-04T08:11:29,2116072,35.26786666666667,13184.190037012138
1656911491,57400,4836364,1,2,0,3,3226,1096,4835234,0,264898,3,13,0,2022-07-04T08:11:31,2126,35.434290000000004,1656911501.153064,2022-07-04T08:11:41,2125391,35.423183333333334,13254.30873106045
1656911504,26500,4849333,1,2,0,3,3235,1099,4847596,0,204106,83,13,0,2022-07-04T08:11:44,2139,35.650441666666666,1656911515.201249,2022-07-04T08:11:55,2138360,35.63933333333333,13319.655726134763
1656911517,883600,4863414,1,2,0,3,3246,1104,4861260,-1,890319,163,13,0,2022-07-04T08:11:57,2152,35.881393333333335,1656911525.5611398,2022-07-04T08:12:05,2152441,35.87401666666666,13400.011475196594
1656911527,595700,4872902,1,2,0,3,3255,1109,4871290,0,394095,216,13,0,2022-07-04T08:12:07,2162,36.043261666666666,1656911536.722596,2022-07-04T08:12:16,2161929,36.03215,13455.402160064643
1656911541,202700,4886509,1,2,0,3,3265,1109,4871290,0,394095,40,13,0,2022-07-04T08:12:21,2176,36.270044999999996,1656911550.2308478,2022-07-04T08:12:30,2175536,36.25893333333333,13519.397672060002
1656911545,555800,4895997,1,2,0,3,3268,1110,4894009,-6,865181,93,13,0,2022-07-04T08:12:25,2180,36.342596666666665,1656911560.1915638,2022-07-04T08:12:40,2185024,36.41706666666666,13549.242831999529
1656911564,257500,4909564,1,2,0,3,3278,1112,4898418,0,254136,173,13,0,2022-07-04T08:12:44,2199,36.65429166666667,1656911574.12064,2022-07-04T08:12:54,2198591,36.64318333333333,13612.458940144426
1656911573,198200,4918719,1,2,0,3,3285,1116,4917921,-1,785765,226,13,0,2022-07-04T08:12:53,2208,36.80330333333333,1656911584.8399808,2022-07-04T08:13:04,2207746,36.795766666666665,13654.137126649179
1656911586,922800,4932229,1,2,0,3,3297,1120,4931214,0,274206,50,13,0,2022-07-04T08:13:06,2221,37.032046666666666,1656911598.7223089,2022-07-04T08:13:18,2221256,37.02093333333333,13717.333813954747
1656911595,562200,4941152,1,2,0,3,3304,1122,4935880,-1,870958,103,13,0,2022-07-04T08:13:15,2230,37.17603666666666,1656911609.240785,2022-07-04T08:13:29,2230179,37.169650000000004,13759.11235982199
1656911604,914500,4950221,1,2,0,3,3307,1123,4948605,0,283310,156,13,0,2022-07-04T08:13:24,2239,37.33190833333333,1656911619.222085,2022-07-04T08:13:39,2239248,37.3208,13805.647663175974
1656911622,817500,4968124,1,2,0,3,3317,1127,4964595,0,154240,7,13,0,2022-07-04T08:13:42,2257,37.63029166666667,1656911633.0594568,2022-07-04T08:13:53,2257151,37.61918333333333,13923.714684751007
1656911632,44300,4977465,1,2,0,3,3319,1128,4969209,-1,885835,60,13,0,2022-07-04T08:13:52,2267,37.78407166666667,1656911643.268873,2022-07-04T08:14:03,2266492,37.77486666666667,14037.706135876319
1656911646,353600,4991660,1,2,0,3,3331,1133,4989013,6,653,140,13,0,2022-07-04T08:14:06,2281,38.02256,1656911657.1596649,2022-07-04T08:14:17,2280687,38.011449999999996,14100.45547030789
1656911683,768000,5029189,1,2,0,3,3355,1144,5029039,-1,885584,97,13,0,2022-07-04T08:14:43,2318,38.64613333333333,1656911692.048012,2022-07-04T08:14:52,2318216,38.63693333333333,14258.933756286384
1656911692,538200,5037969,1,2,0,3,3362,1147,5035799,-1,875741,150,13,0,2022-07-04T08:14:52,2327,38.79230333333333,1656911702.528477,2022-07-04T08:15:02,2326996,38.78326666666667,14293.165126337983
1656911700,164600,5051471,1,2,0,3,3369,1149,5050791,-7,999919,230,13,0,2022-07-04T08:15:00,2335,38.91941,1656911718.5177488,2022-07-04T08:15:18,2340498,39.0083,14341.441990909256
1656911714,394700,5060701,1,2,0,3,3376,1150,5057564,5,161,27,13,0,2022-07-04T08:15:14,2349,39.15657833333333,1656911729.147225,2022-07-04T08:15:29,2349728,39.16213333333334,14399.685183344096
1656911727,737200,5074308,1,2,0,3,3388,1154,5073479,-1,891364,107,13,0,2022-07-04T08:15:27,2362,39.378953333333335,1656911740.128952,2022-07-04T08:15:40,2363335,39.38891666666667,14462.684254387943
1656911741,332900,5087639,1,2,0,3,3399,1157,5083470,0,294701,186,13,0,2022-07-04T08:15:41,2376,39.60554833333333,1656911753.567641,2022-07-04T08:15:53,2376666,39.6111,14530.307653383474
1656911751,116900,5097423,1,2,0,3,3408,1157,5083470,0,294701,240,13,0,2022-07-04T08:15:51,2386,39.768615,1656911764.4066799,2022-07-04T08:16:04,2386450,39.774166666666666,14581.77265320475
1656911778,942800,5125493,1,2,0,3,3430,1165,5125468,-1,755736,143,13,0,2022-07-04T08:16:18,2413,40.23238,1656911788.9571888,2022-07-04T08:16:28,2414520,40.242,14735.687763953018
1656911800,812400,5147118,1,2,0,3,3443,1170,5143746,0,254219,20,13,0,2022-07-04T08:16:40,2435,40.59687333333333,1656911812.686064,2022-07-04T08:16:52,2436145,40.60241666666666,14851.837944548266
1656911814,912500,5161218,1,2,0,3,3450,1174,5160970,0,236565,100,13,0,2022-07-04T08:16:54,2449,40.831875,1656911823.446729,2022-07-04T08:17:03,2450245,40.83741666666666,14924.990797178747
1656911828,338600,5174644,1,2,0,3,3461,1176,5168939,0,134065,180,13,0,2022-07-04T08:17:08,2463,41.055643333333336,1656911837.1257849,2022-07-04T08:17:17,2463671,41.06118333333333,15004.71196289395
1656911838,349700,5184656,1,2,0,3,3465,1178,5182883,0,366068,233,13,0,2022-07-04T08:17:18,2473,41.222495,1656911847.906481,2022-07-04T08:17:27,2473683,41.22805,15097.834869419565
1656911851,136800,5197443,1,2,0,3,3475,1181,5194335,0,324084,57,13,0,2022-07-04T08:17:31,2486,41.435613333333336,1656911861.8467329,2022-07-04T08:17:41,2486470,41.44116666666666,15186.699398558512
1656911860,455900,5206762,1,2,0,3,3483,1185,5202313,0,224071,110,13,0,2022-07-04T08:17:40,2495,41.59093166666666,1656911872.8053648,2022-07-04T08:17:52,2495789,41.59648333333334,15236.279056696296
1656911874,292100,5220598,1,2,0,3,3492,1187,5211476,0,174216,190,13,0,2022-07-04T08:17:54,2509,41.821535000000004,1656911886.7057478,2022-07-04T08:18:06,2509625,41.827083333333334,15300.829770836293
1656911883,472100,5229778,1,2,0,3,3500,1187,5211476,0,174216,243,13,0,2022-07-04T08:18:03,2518,41.974534999999996,1656911897.2345488,2022-07-04T08:18:17,2518805,41.98008333333333,15345.856089066318
1656911892,361200,5238667,1,2,0,3,3505,1190,5236624,0,214067,40,13,0,2022-07-04T08:18:12,2527,42.12268666666667,1656911907.525152,2022-07-04T08:18:27,2527694,42.128233333333334,15398.051386444395
1656911911,750200,5258056,1,2,0,3,3515,1190,5236624,0,214067,147,13,0,2022-07-04T08:18:31,2546,42.445836666666665,1656911921.204876,2022-07-04T08:18:41,2547083,42.45138333333333,15524.054974867899
1656911921,444800,5267750,1,2,0,3,3517,1192,5266840,0,414719,200,13,0,2022-07-04T08:18:41,2556,42.607413333333334,1656911932.154749,2022-07-04T08:18:52,2556777,42.61295,15584.801206147988
1656911934,348500,5280654,1,2,0,3,3529,1196,5278129,0,144492,24,13,0,2022-07-04T08:18:54,2569,42.822475000000004,1656911946.0246398,2022-07-04T08:19:06,2569681,42.82801666666667,15651.568774505138
1656911943,89600,5289395,1,2,0,3,3537,1198,5287013,0,194381,77,13,0,2022-07-04T08:19:03,2578,42.96816,1656911956.713289,2022-07-04T08:19:16,2578422,42.9737,15690.8620569554
1656911957,643700,5303949,1,2,0,3,3547,1200,5303899,0,104330,157,13,0,2022-07-04T08:19:17,2592,43.210728333333336,1656911970.544993,2022-07-04T08:19:30,2592976,43.21626666666667,15755.928834741511
1656911971,332900,5317992,1,2,0,3,3553,1201,5317817,-1,646283,236,13,0,2022-07-04T08:19:31,2606,43.43888166666667,1656911981.212769,2022-07-04T08:19:41,2607019,43.450316666666666,15831.997252760366
1656911984,528900,5330834,1,2,0,3,3563,1205,5328828,0,244181,60,13,0,2022-07-04T08:19:44,2619,43.658815,1656911991.3828318,2022-07-04T08:19:51,2619861,43.66435,15901.617226555883
1656911994,66600,5340766,1,2,0,3,3567,1206,5340566,-1,605871,113,13,0,2022-07-04T08:19:54,2629,43.81777666666667,1656912005.363869,2022-07-04T08:20:05,2629793,43.829883333333335,15950.079322594576
1656912005,16200,5350545,1,2,0,3,3576,1210,5349378,0,384422,167,13,0,2022-07-04T08:20:05,2640,44.00027,1656912016.113889,2022-07-04T08:20:16,2639572,43.99286666666667,16001.557776007967
1656912019,67200,5364596,1,2,0,3,3576,1210,5349378,0,384422,246,13,0,2022-07-04T08:20:19,2654,44.234453333333335,1656912029.473433,2022-07-04T08:20:29,2653623,44.22705,16063.395097939869
1656912028,281400,5373810,1,2,0,3,3584,1213,5370536,0,344141,44,13,0,2022-07-04T08:20:28,2663,44.38802333333333,1656912040.032673,2022-07-04T08:20:40,2662837,44.38061666666667,16105.461194235399
1656912042,900500,5388429,1,2,0,3,3592,1215,5386915,0,474417,123,13,0,2022-07-04T08:20:42,2677,44.631675,1656912050.27294,2022-07-04T08:20:50,2677456,44.62426666666667,16169.006872117589
1656912066,641700,5412170,1,2,0,3,3611,1222,5410545,0,154305,0,13,0,2022-07-04T08:21:06,2701,45.02736166666667,1656912075.061724,2022-07-04T08:21:15,2701197,45.01995,16271.306848455253
1656912070,94700,5415623,1,2,0,3,3614,1222,5410545,0,154305,27,13,0,2022-07-04T08:21:10,2705,45.08491166666667,1656912088.971369,2022-07-04T08:21:28,2704650,45.0775,16286.980915533852
1656912089,539000,5435068,1,2,0,3,3624,1226,5433589,0,364210,133,13,0,2022-07-04T08:21:29,2724,45.40898333333334,1656912099.680693,2022-07-04T08:21:39,2724095,45.40158333333333,16375.438619362632
1656912102,894000,5448422,1,2,0,3,3634,1230,5446195,0,234630,213,13,0,2022-07-04T08:21:42,2737,45.631566666666664,1656912113.462736,2022-07-04T08:21:53,2737449,45.62415,16435.603453974687
1656912111,774100,5457354,1,2,0,3,3641,1232,5455205,0,134569,10,13,0,2022-07-04T08:21:51,2746,45.77956833333334,1656912124.120453,2022-07-04T08:22:04,2746381,45.77301666666666,16484.323653466232
1656912126,639200,5472219,1,2,0,3,3655,1236,5471078,0,343995,90,13,0,2022-07-04T08:22:06,2761,46.02732,1656912134.6614518,2022-07-04T08:22:14,2761246,46.02076666666667,16554.43341273135
1656912135,397300,5480977,1,2,0,3,3660,1238,5479018,0,154193,143,13,0,2022-07-04T08:22:15,2770,46.17328833333333,1656912148.479912,2022-07-04T08:22:28,2770004,46.16673333333333,16597.288337060603
1656912149,873300,5495627,1,2,0,3,3672,1240,5495025,0,150092,223,13,0,2022-07-04T08:22:29,2784,46.414555,1656912158.4757888,2022-07-04T08:22:38,2784654,46.4109,16667.21469518546
1656912163,33600,5508613,1,2,0,3,3683,1243,5508563,0,334564,47,13,0,2022-07-04T08:22:43,2798,46.63389333333334,1656912172.1721609,2022-07-04T08:22:52,2797640,46.62733333333333,16748.18329648484
1656912173,200700,5518781,1,2,0,3,3686,1243,5508563,0,334564,100,13,0,2022-07-04T08:22:53,2808,46.803345,1656912182.840693,2022-07-04T08:23:02,2807808,46.7968,16830.59910077663
1656912186,633800,5532213,1,2,0,3,3696,1245,5522398,0,114301,180,13,0,2022-07-04T08:23:06,2821,47.02723,1656912196.839421,2022-07-04T08:23:16,2821240,47.02066666666666,16970.432361092426
1656912195,969700,5541549,1,2,0,3,3703,1248,5534797,0,304357,233,13,0,2022-07-04T08:23:15,2830,47.18282833333333,1656912207.5399048,2022-07-04T08:23:27,2830576,47.17626666666667,17056.019785655102
1656912210,94900,5555495,1,2,0,3,3713,1253,5555295,0,134654,57,13,0,2022-07-04T08:23:30,2845,47.41824833333333,1656912218.1491358,2022-07-04T08:23:38,2844522,47.408699999999996,17174.615430383386
1656912219,380900,5564781,1,2,0,3,3719,1253,5555295,0,134654,110,13,0,2022-07-04T08:23:39,2854,47.573015000000005,1656912231.838764,2022-07-04T08:23:51,2853808,47.56346666666666,17257.223041680907
1656912243,491100,5588891,1,2,0,3,3730,1255,5578268,0,284340,243,13,0,2022-07-04T08:24:03,2878,47.97485166666667,1656912255.790757,2022-07-04T08:24:15,2877918,47.9653,17427.548643266757
1656912257,684200,5603084,1,2,0,3,3737,1257,5593208,0,324654,67,13,0,2022-07-04T08:24:17,2892,48.21140333333334,1656912266.231381,2022-07-04T08:24:26,2892111,48.20185,17497.65048353097
1656912267,435200,5612835,1,2,0,3,3740,1257,5593208,0,324654,120,13,0,2022-07-04T08:24:27,2902,48.37392,1656912276.685217,2022-07-04T08:24:36,2901862,48.36436666666667,17536.559243566917
1656912280,743300,5626143,1,2,0,3,3752,1261,5622144,0,118725,200,13,0,2022-07-04T08:24:40,2915,48.59572166666667,1656912290.631496,2022-07-04T08:24:50,2915170,48.58616666666667,17595.81139000826
1656912289,976200,5635720,1,2,0,3,3759,1264,5633714,-1,655898,253,13,0,2022-07-04T08:24:49,2924,48.74960333333333,1656912301.2718248,2022-07-04T08:25:01,2924747,48.74578333333333,17636.550270325897
1656912299,906500,5645306,1,2,0,3,3768,1265,5635796,0,344325,50,13,0,2022-07-04T08:24:59,2934,48.915108333333336,1656912314.7544289,2022-07-04T08:25:14,2934333,48.90555,17681.434418908797
1656912328,282100,5673681,1,2,0,3,3782,1268,5656440,0,224569,210,13,0,2022-07-04T08:25:28,2963,49.388034999999995,1656912338.7544239,2022-07-04T08:25:38,2962708,49.37846666666667,17804.179877012277
1656912340,390800,5685790,1,2,0,3,3792,1271,5684044,0,264412,34,13,0,2022-07-04T08:25:40,2975,49.589846666666666,1656912352.5440319,2022-07-04T08:25:52,2974817,49.580283333333334,17859.11674561305
1656912354,915000,5700314,1,2,0,3,3802,1276,5700189,0,364219,114,13,0,2022-07-04T08:25:54,2989,49.831916666666665,1656912363.114117,2022-07-04T08:26:03,2989341,49.82235,17924.909738053677
1656912378,280000,5723679,1,2,0,3,3815,1280,5722060,0,404399,247,13,0,2022-07-04T08:26:18,3013,50.221333333333334,1656912389.835413,2022-07-04T08:26:29,3012706,50.21176666666667,18036.66296643808
1656912391,781200,5737180,1,2,0,3,3822,1282,5732657,0,454096,70,13,0,2022-07-04T08:26:31,3026,50.446353333333334,1656912399.865584,2022-07-04T08:26:39,3026207,50.43678333333333,18107.70606824941
1656912405,482400,5751065,1,2,0,3,3833,1285,5748534,-1,816224,150,13,0,2022-07-04T08:26:45,3040,50.674706666666665,1656912413.666597,2022-07-04T08:26:53,3040092,50.6682,18178.45479910714
1656912414,756400,5760339,1,2,0,3,3836,1285,5748534,-1,816224,203,13,0,2022-07-04T08:26:54,3049,50.82927333333334,1656912424.1677759,2022-07-04T08:27:04,3049366,50.822766666666666,18222.191657247677
1656912424,495400,5769894,1,2,0,3,3842,1288,5768175,0,373987,1,13,0,2022-07-04T08:27:04,3059,50.991589999999995,1656912437.4866118,2022-07-04T08:27:17,3058921,50.98201666666667,18271.133968373495
1656912438,429400,5783828,1,2,0,3,3848,1290,5778757,0,154197,80,13,0,2022-07-04T08:27:18,3073,51.223823333333335,1656912447.8168168,2022-07-04T08:27:27,3072855,51.21425,18347.252638861675
1656912448,3400,5793402,1,2,0,3,3856,1290,5778757,0,154197,134,13,0,2022-07-04T08:27:28,3083,51.38339,1656912458.417297,2022-07-04T08:27:38,3082429,51.37381666666667,18391.953504526336
1656912461,84600,5806800,1,2,0,3,3862,1293,5806502,-1,682982,213,13,0,2022-07-04T08:27:41,3096,51.60141,1656912471.4891129,2022-07-04T08:27:51,3095827,51.59711666666667,18453.746479862875
1656912470,574200,5816136,1,2,0,3,3865,1294,5815838,0,153677,11,13,0,2022-07-04T08:27:50,3105,51.759570000000004,1656912483.208624,2022-07-04T08:28:03,3105163,51.752716666666664,18498.496774769388
1656912484,119900,5829518,1,2,0,3,3874,1300,5828503,0,394403,90,13,0,2022-07-04T08:28:04,3119,51.98533166666667,1656912496.608217,2022-07-04T08:28:16,3118545,51.97575,18558.08302394314
1656912511,6600,5856548,1,2,0,3,3894,1305,5845516,0,253899,250,13,0,2022-07-04T08:28:31,3146,52.43344333333334,1656912520.980485,2022-07-04T08:28:40,3145575,52.426249999999996,18679.21065997226
1656912519,880200,5865576,1,2,0,3,3902,1308,5864722,-1,845456,47,13,0,2022-07-04T08:28:39,3154,52.581336666666665,1656912531.8089168,2022-07-04T08:28:51,3154603,52.57671666666667,18726.76123694463
1656912534,386900,5879928,1,2,0,3,3910,1311,5874006,0,454105,127,13,0,2022-07-04T08:28:54,3169,52.823115,1656912545.462801,2022-07-04T08:29:05,3168955,52.815916666666666,18794.357015296642
1656912552,540000,5898081,1,2,0,3,3919,1313,5888976,0,344329,233,13,0,2022-07-04T08:29:12,3187,53.12566666666667,1656912567.010061,2022-07-04T08:29:27,3187108,53.11846666666667,18878.757069297506
1656912576,519200,5922060,1,2,0,3,3932,1318,5916675,0,345098,110,13,0,2022-07-04T08:29:36,3211,53.52532,1656912591.5002918,2022-07-04T08:29:51,3211087,53.518116666666664,18993.235417336782
1656912581,641400,5927182,1,2,0,3,3935,1320,5924576,0,324429,137,13,0,2022-07-04T08:29:41,3216,53.61069,1656912604.181252,2022-07-04T08:30:04,3216209,53.60348333333333,19016.128918494196
1656912617,552700,5962858,1,2,0,3,3956,1333,5962535,0,174234,94,13,0,2022-07-04T08:30:17,3252,54.20921166666667,1656912625.710945,2022-07-04T08:30:25,3251885,54.19808333333334,19178.521032382556
1656912630,985900,5976635,1,2,0,3,3963,1334,5974371,-1,656216,174,13,0,2022-07-04T08:30:30,3265,54.433098333333334,1656912639.571333,2022-07-04T08:30:39,3265662,54.427699999999994,19239.203307428375
1656912635,585600,5980891,1,2,0,3,3968,1335,5977527,0,343782,200,13,0,2022-07-04T08:30:35,3270,54.50976,1656912649.592617,2022-07-04T08:30:49,3269918,54.49863333333334,19275.0047408171
1656912652,590500,5998896,1,2,0,3,3977,1340,5995994,0,333852,51,13,0,2022-07-04T08:30:52,3287,54.793175,1656912664.0426319,2022-07-04T08:31:04,3287923,54.798716666666664,19343.217971915234
1656912661,334600,6008004,1,2,0,3,3983,1341,6007681,-1,636124,104,13,0,2022-07-04T08:31:01,3296,54.93891,1656912674.123961,2022-07-04T08:31:14,3297031,54.950516666666665,19388.038175923368
1656912671,131300,6017641,1,2,0,3,3990,1343,6015462,-1,795604,157,13,0,2022-07-04T08:31:11,3306,55.10218833333333,1656912687.7821689,2022-07-04T08:31:27,3306668,55.111133333333335,19435.790421181224
1656912689,790400,6036370,1,2,0,3,4002,1347,6033932,-1,859682,7,13,0,2022-07-04T08:31:29,3324,55.41317333333333,1656912698.392365,2022-07-04T08:31:38,3325397,55.42328333333333,19529.06962896108
1656912693,642900,6039948,1,2,0,3,4004,1348,6038311,0,274520,34,13,0,2022-07-04T08:31:33,3328,55.477381666666666,1656912708.7222998,2022-07-04T08:31:48,3328975,55.48291666666667,19548.397160638815
1656912713,671000,6059976,1,2,0,3,4015,1350,6052033,0,414161,140,13,0,2022-07-04T08:31:53,3348,55.81118333333333,1656912722.7240129,2022-07-04T08:32:02,3349003,55.81671666666667,19648.17768079285
1656912723,354200,6069659,1,2,0,3,4023,1352,6067897,0,274832,194,13,0,2022-07-04T08:32:03,3358,55.972570000000005,1656912733.4551609,2022-07-04T08:32:13,3358686,55.978100000000005,19696.1893096563
1656912732,534200,6079143,1,2,0,3,4029,1353,6074910,-1,696052,247,13,0,2022-07-04T08:32:12,3367,56.12557,1656912746.654397,2022-07-04T08:32:26,3368170,56.13616666666667,19745.235727700216
1656912746,73300,6092378,1,2,0,3,4037,1354,6083884,0,304141,71,13,0,2022-07-04T08:32:26,3381,56.35122166666667,1656912757.443832,2022-07-04T08:32:37,3381405,56.356750000000005,19804.132549354417
1656912756,126300,6102431,1,2,0,3,4046,1356,6100803,0,454699,124,13,0,2022-07-04T08:32:36,3391,56.518771666666666,1656912767.444489,2022-07-04T08:32:47,3391458,56.524300000000004,19855.31235576401
1656912769,53600,6115358,1,2,0,3,4055,1359,6113306,0,161939,204,13,0,2022-07-04T08:32:49,3404,56.73422666666667,1656912781.6939719,2022-07-04T08:33:01,3404385,56.73975,19911.522363059597
1656912783,546400,6129851,1,2,0,3,4063,1362,6129296,0,244087,27,13,0,2022-07-04T08:33:03,3418,56.975773333333336,1656912791.853397,2022-07-04T08:33:11,3418878,56.981300000000005,19976.92099933252
1656912792,252500,6138557,1,2,0,3,4070,1364,6138357,0,114412,81,13,0,2022-07-04T08:33:12,3427,57.120875,1656912805.833596,2022-07-04T08:33:25,3427584,57.1264,20017.104432320924
1656912820,638700,6166117,1,2,0,3,4092,1367,6158901,0,373977,240,13,0,2022-07-04T08:33:40,3455,57.59397833333333,1656912826.885133,2022-07-04T08:33:46,3455144,57.58573333333333,20143.794289749218
1656912834,246700,6185696,1,2,0,3,4098,1371,6185621,-1,855976,91,13,0,2022-07-04T08:33:54,3469,57.82077833333334,1656912850.6540198,2022-07-04T08:34:10,3474723,57.91205,20229.434046224527
1656912859,329900,6204635,1,2,0,3,4108,1375,6203034,0,344098,197,13,0,2022-07-04T08:34:19,3494,58.23883166666667,1656912874.22452,2022-07-04T08:34:34,3493662,58.2277,20330.632057461193
1656912872,577600,6217997,1,2,0,3,4115,1379,6216800,-1,885898,21,13,0,2022-07-04T08:34:32,3507,58.459626666666665,1656912884.7842438,2022-07-04T08:34:44,3507024,58.450399999999995,20388.020911869713
1656912886,930800,6232236,1,2,0,3,4121,1382,6226404,4,999939,101,13,0,2022-07-04T08:34:46,3521,58.69884666666667,1656912898.4148839,2022-07-04T08:34:58,3521263,58.68771666666667,20456.169639167485
1656912895,879900,6241185,1,2,0,3,4127,1384,6235682,0,194627,154,13,0,2022-07-04T08:34:55,3530,58.84799833333333,1656912909.184617,2022-07-04T08:35:09,3530212,58.836866666666666,20503.664194779136
1656912910,432100,6255737,1,2,0,3,4138,1391,6255123,0,204319,234,13,0,2022-07-04T08:35:10,3545,59.090535,1656912922.096204,2022-07-04T08:35:22,3544764,59.0794,20579.325893287627
1656912924,107900,6269527,1,2,0,3,4149,1394,6266430,-1,885866,57,13,0,2022-07-04T08:35:24,3559,59.318464999999996,1656912932.765796,2022-07-04T08:35:32,3558554,59.30923333333333,20648.936054307862
1656912946,935300,6292240,1,2,0,3,4167,1400,6288095,0,213936,190,13,0,2022-07-04T08:35:46,3581,59.69892166666667,1656912957.0356529,2022-07-04T08:35:57,3581267,59.68778333333333,20767.596148473855
1656912956,374100,6302043,1,2,0,3,4174,1401,6299739,-1,635820,244,13,0,2022-07-04T08:35:56,3591,59.856235,1656912967.7950048,2022-07-04T08:36:07,3591070,59.85116666666667,20823.5106987838
1656912970,249300,6315554,1,2,0,3,4180,1404,6313263,0,114482,67,13,0,2022-07-04T08:36:10,3605,60.08748833333333,1656912981.7950559,2022-07-04T08:36:21,3604581,60.076350000000005,20896.41881562422
1656912985,295500,6330600,1,2,0,3,4192,1406,6325822,0,313805,147,13,0,2022-07-04T08:36:25,3620,60.338258333333336,1656912992.3573608,2022-07-04T08:36:32,3619627,60.32711666666667,20982.68294491982
1656912998,509500,6344058,1,2,0,3,4198,1407,6342029,-1,756046,227,13,0,2022-07-04T08:36:38,3633,60.55849166666667,1656913005.9578688,2022-07-04T08:36:45,3633085,60.55141666666667,21061.178114830815
1656913008,999600,6354329,1,2,0,3,4201,1409,6351051,0,334465,24,13,0,2022-07-04T08:36:48,3643,60.73332666666667,1656913016.716332,2022-07-04T08:36:56,3643356,60.72260000000001,21117.64030736657
1656913031,589800,6376919,1,2,0,3,4218,1413,6370530,0,454533,157,13,0,2022-07-04T08:37:11,3666,61.10983,1656913039.856504,2022-07-04T08:37:19,3665946,61.0991,21236.03226774185
1656913040,63400,6385517,1,2,0,3,4226,1416,6383008,-1,875561,210,13,0,2022-07-04T08:37:20,3675,61.25105666666666,1656913051.5257208,2022-07-04T08:37:31,3674544,61.242399999999996,21278.6723495887
1656913053,272000,6398601,1,2,0,3,4237,1420,6394312,0,174123,34,13,0,2022-07-04T08:37:33,3688,61.471199999999996,1656913065.3464,2022-07-04T08:37:45,3687628,61.46046666666667,21347.176099261414
1656913062,798900,6408128,1,2,0,3,4241,1422,6401047,0,383963,87,13,0,2022-07-04T08:37:42,3697,61.629981666666666,1656913075.5368688,2022-07-04T08:37:55,3697155,61.61925,21391.458763377133
1656913076,904100,6422233,1,2,0,3,4253,1426,6421390,0,244536,167,13,0,2022-07-04T08:37:56,3711,61.86506833333333,1656913089.5687928,2022-07-04T08:38:09,3711260,61.85433333333334,21460.480424334077
1656913090,836100,6436165,1,2,0,3,4262,1426,6421390,0,244536,247,13,0,2022-07-04T08:38:10,3725,62.09726833333333,1656913100.425901,2022-07-04T08:38:20,3725192,62.086533333333335,21527.685054204554
1656913104,140100,6449469,1,2,0,3,4267,1426,6421390,0,244536,71,13,0,2022-07-04T08:38:24,3739,62.319001666666665,1656913113.986393,2022-07-04T08:38:33,3738496,62.30826666666667,21591.025503175424
1656913109,995100,6455324,1,2,0,3,4269,1426,6421390,0,244536,97,13,0,2022-07-04T08:38:29,3744,62.416585000000005,1656913124.726541,2022-07-04T08:38:44,3744351,62.40585,21614.65930074897
1656913128,388100,6473717,1,2,0,3,4280,1426,6421390,0,244536,204,13,0,2022-07-04T08:38:48,3763,62.723135,1656913135.4861078,2022-07-04T08:38:55,3762744,62.7124,21699.107150162024
1656913137,480500,6482809,1,2,0,3,4288,1429,6478910,0,394242,1,13,0,2022-07-04T08:38:57,3772,62.874675,1656913149.2761679,2022-07-04T08:39:09,3771836,62.86393333333333,21746.69248532558
1656913152,8600,6497337,1,2,0,3,4299,1434,6496989,0,114162,81,13,0,2022-07-04T08:39:12,3787,63.11681,1656913159.946061,2022-07-04T08:39:19,3786364,63.10606666666667,21818.29877107473
1656913161,265600,6506594,1,2,0,3,4305,1434,6496989,0,114162,134,13,0,2022-07-04T08:39:21,3796,63.27109333333333,1656913173.2156808,2022-07-04T08:39:33,3795621,63.26035,21864.12452252675
1656913169,996700,6515325,1,2,0,3,4313,1437,6514109,0,324022,187,13,0,2022-07-04T08:39:29,3804,63.41661166666667,1656913182.9658608,2022-07-04T08:39:42,3804352,63.40586666666666,21907.18047127909
1656913179,273700,6524602,1,2,0,3,4316,1437,6514109,0,324022,240,13,0,2022-07-04T08:39:39,3814,63.57122833333334,1656913193.4669678,2022-07-04T08:39:53,3813629,63.56048333333333,21953.953622855395
1656913193,637700,6539180,1,2,0,3,4320,1438,6535028,-1,786042,64,13,0,2022-07-04T08:39:53,3828,63.810628333333334,1656913207.0159569,2022-07-04T08:40:07,3828207,63.80345,22032.194313306696
1656913244,721600,6590519,1,2,0,3,4346,1444,6588517,-1,646226,101,13,0,2022-07-04T08:40:44,3879,64.66202666666666,1656913251.8465838,2022-07-04T08:40:51,3879546,64.6591,22315.682111726368
1656913254,185600,6599629,1,2,0,3,4352,1447,6594104,0,394101,154,13,0,2022-07-04T08:40:54,3889,64.81976,1656913265.816509,2022-07-04T08:41:05,3888656,64.81093333333334,22368.684785806636
1656913268,490600,6613934,1,2,0,3,4363,1451,6612364,0,162954,234,13,0,2022-07-04T08:41:08,3903,65.05817666666667,1656913275.7366118,2022-07-04T08:41:15,3902961,65.04934999999999,22453.03097374424
1656913287,117800,6632561,1,2,0,3,4375,1453,6627347,0,374080,84,13,0,2022-07-04T08:41:27,3922,65.36863,1656913299.777372,2022-07-04T08:41:39,3921588,65.3598,22559.09825281529
1656913301,363400,6646807,1,2,0,3,4383,1455,6641012,0,224142,164,13,0,2022-07-04T08:41:41,3936,65.60605666666667,1656913310.186544,2022-07-04T08:41:50,3935834,65.59723333333334,22639.91052763008
1656913314,933100,6660376,1,2,0,3,4393,1459,6655944,0,444804,244,13,0,2022-07-04T08:41:54,3949,65.83221833333333,1656913323.996969,2022-07-04T08:42:03,3949403,65.82338333333333,22711.320822409776
1656913319,664200,6665107,1,2,0,3,4396,1459,6655944,0,444804,14,13,0,2022-07-04T08:41:59,3954,65.91107000000001,1656913334.538161,2022-07-04T08:42:14,3954134,65.90223333333333,22736.805583091238
1656913346,253100,6691696,1,2,0,3,4411,1466,6689438,0,194661,174,13,0,2022-07-04T08:42:26,3981,66.35421833333334,1656913358.356925,2022-07-04T08:42:38,3980723,66.34538333333333,22875.546685928064
1656913361,302100,6706745,1,2,0,3,4418,1466,6689438,0,194661,254,13,0,2022-07-04T08:42:41,3996,66.605035,1656913372.6161969,2022-07-04T08:42:52,3995772,66.5962,22954.58594452312
1656913374,792800,6720390,1,2,0,3,4430,1469,6718087,-1,845685,78,13,0,2022-07-04T08:42:54,4009,66.82988,1656913383.217193,2022-07-04T08:43:03,4009417,66.82361666666667,23019.13107447745
1656913383,804900,6729492,1,2,0,3,4439,1471,6728217,-1,755562,131,13,0,2022-07-04T08:43:03,4018,66.98008166666666,1656913393.376128,2022-07-04T08:43:13,4018519,66.97531666666666,23060.741259432452
1656913396,613500,6742056,1,2,0,3,4450,1475,6739250,0,244503,211,13,0,2022-07-04T08:43:16,4031,67.19355833333333,1656913407.236213,2022-07-04T08:43:27,4031083,67.18471666666667,23115.590465836096
1656913405,694100,6751157,1,2,0,3,4458,1477,6747269,0,284284,8,13,0,2022-07-04T08:43:25,4040,67.34490166666667,1656913417.6862729,2022-07-04T08:43:37,4040184,67.3364,23165.716064127813
1656913419,932300,6765395,1,2,0,3,4464,1480,6763515,0,294653,88,13,0,2022-07-04T08:43:39,4054,67.582205,1656913431.286192,2022-07-04T08:43:51,4054422,67.5737,23240.080848292066
1656913428,610300,6774073,1,2,0,3,4472,1482,6771556,0,164479,141,13,0,2022-07-04T08:43:48,4063,67.72683833333333,1656913441.4364278,2022-07-04T08:44:01,4063100,67.71833333333333,23283.667335878203
1656913443,267500,6788730,1,2,0,3,4483,1488,6788407,0,344300,221,13,0,2022-07-04T08:44:03,4078,67.971125,1656913451.496476,2022-07-04T08:44:11,4077757,67.96261666666666,23359.455190329307
1656913452,490500,6797953,1,2,0,3,4486,1488,6788407,0,344300,18,13,0,2022-07-04T08:44:12,4087,68.12484166666667,1656913465.066797,2022-07-04T08:44:25,4086980,68.11633333333333,23408.116649535772
1656913466,639500,6812476,1,2,0,3,4495,1490,6811716,-1,820281,98,13,0,2022-07-04T08:44:26,4101,68.36065833333333,1656913476.2170808,2022-07-04T08:44:36,4101503,68.35838333333332,23484.61056420432
1656913479,988600,6825451,1,2,0,3,4507,1494,6821733,0,284281,177,13,0,2022-07-04T08:44:39,4114,68.58314333333333,1656913490.246681,2022-07-04T08:44:50,4114478,68.57463333333334,23559.775580995814
1656913489,183500,6834646,1,2,0,3,4513,1497,6830660,0,394275,231,13,0,2022-07-04T08:44:49,4124,68.73639166666666,1656913500.116673,2022-07-04T08:45:00,4123673,68.72788333333332,23614.108139054788
1656913502,896800,6848443,1,2,0,3,4520,1499,6846685,0,114726,54,13,0,2022-07-04T08:45:02,4137,68.96494666666668,1656913513.6859648,2022-07-04T08:45:13,4137470,68.95783333333334,23683.561113295927
1656913508,505900,6854052,1,2,0,3,4524,1501,6851300,0,384227,81,13,0,2022-07-04T08:45:08,4143,69.05843166666666,1656913524.496448,2022-07-04T08:45:24,4143079,69.05131666666666,23715.24604399485
1656913521,718800,6867265,1,2,0,3,4531,1503,6860629,0,325810,161,13,0,2022-07-04T08:45:21,4156,69.27864666666666,1656913534.847728,2022-07-04T08:45:34,4156292,69.27153333333334,23785.09421292299
1656913536,258900,6881805,1,2,0,3,4538,1506,6880030,0,341923,241,13,0,2022-07-04T08:45:36,4171,69.52098166666666,1656913547.7759528,2022-07-04T08:45:47,4170832,69.51386666666667,23873.3968720562
1656913545,529000,6891075,1,2,0,3,4546,1508,6884588,0,154514,38,13,0,2022-07-04T08:45:45,4180,69.67548333333335,1656913558.3860729,2022-07-04T08:45:58,4180102,69.66836666666667,23927.38201317208
1656913559,699000,6905245,1,2,0,3,4559,1512,6904872,0,204468,118,13,0,2022-07-04T08:45:59,4194,69.91165,1656913572.018352,2022-07-04T08:46:12,4194272,69.90453333333333,23999.264694084824
1656913568,138000,6919666,1,2,0,3,4565,1513,6917641,-6,18086,197,13,0,2022-07-04T08:46:08,4203,70.0523,1656913582.836241,2022-07-04T08:46:22,4208693,70.14488333333334,24045.63116239117
1656913583,506400,6928810,1,2,0,3,4573,1517,6926662,0,114609,251,13,0,2022-07-04T08:46:23,4218,70.30844,1656913596.7772849,2022-07-04T08:46:36,4217837,70.29728333333334,24131.11777585776
1656913619,844500,6965148,1,2,0,3,4595,1523,6964652,0,254065,207,13,0,2022-07-04T08:46:59,4254,70.914075,1656913631.676005,2022-07-04T08:47:11,4254175,70.90291666666667,24321.439119438088
1656913634,541600,6979845,1,2,0,3,4607,1526,6971517,0,344226,31,13,0,2022-07-04T08:47:14,4269,71.15902666666666,1656913642.255776,2022-07-04T08:47:22,4268872,71.14786666666667,24400.337944890067
1656913648,442700,6993746,1,2,0,3,4618,1529,6987544,0,234616,111,13,0,2022-07-04T08:47:28,4283,71.39071166666666,1656913665.9458928,2022-07-04T08:47:45,4282773,71.37955000000001,24474.481856737882
1656913667,81300,7012749,1,2,0,3,4627,1533,7009702,-1,880240,217,13,0,2022-07-04T08:47:47,4302,71.70135499999999,1656913679.796365,2022-07-04T08:47:59,4301776,71.69626666666666,24570.513295375255
1656913680,781700,7026085,1,2,0,3,4638,1537,7020817,0,324162,41,13,0,2022-07-04T08:48:00,4315,71.929695,1656913690.7670488,2022-07-04T08:48:10,4315112,71.91853333333333,24635.89242483651
1656913693,917700,7039221,1,2,0,3,4648,1541,7037798,0,164189,121,13,0,2022-07-04T08:48:13,4328,72.14862833333333,1656913701.336297,2022-07-04T08:48:21,4328248,72.13746666666665,24699.22564861129
1656913703,148700,7048452,1,2,0,3,4654,1541,7037798,0,164189,174,13,0,2022-07-04T08:48:23,4338,72.30247833333333,1656913714.306957,2022-07-04T08:48:34,4337479,72.29131666666667,24746.28300823139
1656913711,869800,7057173,1,2,0,3,4661,1543,7054866,0,234263,227,13,0,2022-07-04T08:48:31,4346,72.44783000000001,1656913724.7556078,2022-07-04T08:48:44,4346200,72.43666666666667,24765.548434485012
1656913726,947000,7072250,1,2,0,3,4668,1545,7067579,0,314308,51,13,0,2022-07-04T08:48:46,4361,72.69911666666667,1656913738.495836,2022-07-04T08:48:58,4361277,72.68795,24844.933511688087
1656913734,482900,7085960,1,2,0,3,4674,1549,7084974,-7,950035,131,13,0,2022-07-04T08:48:54,4369,72.824715,1656913749.356096,2022-07-04T08:49:09,4374987,72.91645,24877.58080204733
1656913744,672900,7089976,1,2,0,3,4677,1551,7088410,0,234601,158,13,0,2022-07-04T08:49:04,4379,72.99454833333333,1656913760.046344,2022-07-04T08:49:20,4379003,72.98338333333332,24925.467430563796
1656913762,510500,7107814,1,2,0,3,4687,1554,7103407,0,344293,8,13,0,2022-07-04T08:49:22,4397,73.29184166666667,1656913773.795637,2022-07-04T08:49:33,4396841,73.28068333333334,25007.592479982566
1656913771,283800,7117081,1,2,0,3,4693,1557,7116324,-1,505837,61,13,0,2022-07-04T08:49:31,4406,73.43806333333333,1656913783.8164558,2022-07-04T08:49:43,4406108,73.43513333333334,25062.561843983956
1656913786,329100,7131632,1,2,0,3,4701,1559,7125420,0,374137,141,13,0,2022-07-04T08:49:46,4421,73.68881833333333,1656913797.735792,2022-07-04T08:49:57,4420659,73.67765,25123.394597852814
1656913801,90000,7146393,1,2,0,3,4714,1561,7135574,0,314188,221,13,0,2022-07-04T08:50:01,4436,73.93483333333333,1656913808.4362879,2022-07-04T08:50:08,4435420,73.92366666666666,25199.801287604238
1656913823,783800,7169458,1,2,0,3,4732,1567,7168550,-1,893044,98,13,0,2022-07-04T08:50:23,4458,74.31306333333333,1656913832.9867399,2022-07-04T08:50:32,4458485,74.30808333333333,25321.866593841027
1656913828,392300,7173695,1,2,0,3,4735,1568,7170702,0,371536,124,13,0,2022-07-04T08:50:28,4463,74.38987166666668,1656913843.54634,2022-07-04T08:50:43,4462722,74.3787,25352.30105160333
1656913841,907400,7192523,1,2,0,3,4745,1571,7191574,-1,687224,231,13,0,2022-07-04T08:50:41,4476,74.61512333333333,1656913857.465729,2022-07-04T08:50:57,4481550,74.69250000000001,25441.016675693834
1656913856,833300,7202470,1,2,0,3,4754,1574,7200675,-1,665910,28,13,0,2022-07-04T08:50:56,4491,74.86388833333334,1656913867.996676,2022-07-04T08:51:07,4491497,74.85828333333333,25514.340275073126
1656913870,780300,7216083,1,2,0,3,4760,1575,7213262,0,334027,108,13,0,2022-07-04T08:51:10,4505,75.09633833333334,1656913880.895545,2022-07-04T08:51:20,4505110,75.08516666666667,25593.80577347843
1656913884,627300,7230054,1,2,0,3,4767,1578,7227065,-1,875990,188,13,0,2022-07-04T08:51:24,4519,75.32712166666667,1656913891.616149,2022-07-04T08:51:31,4519081,75.31801666666667,25663.95710940722
1656913894,14400,7239317,1,2,0,3,4773,1581,7233739,0,363929,241,13,0,2022-07-04T08:51:34,4529,75.48357333333334,1656913905.28686,2022-07-04T08:51:45,4528344,75.47240000000001,25722.23496099024
1656913931,150600,7276453,1,2,0,3,4798,1585,7262389,0,364535,198,13,0,2022-07-04T08:52:11,4566,76.10251,1656913939.755648,2022-07-04T08:52:19,4565480,76.09133333333332,25914.961360793677
1656913940,134500,7285582,1,2,0,3,4800,1586,7277536,-1,854935,251,13,0,2022-07-04T08:52:20,4575,76.25224166666666,1656913950.3857489,2022-07-04T08:52:30,4574609,76.24348333333334,25957.20195786756
1656913944,668700,7289971,1,2,0,3,4804,1588,7288019,0,314070,21,13,0,2022-07-04T08:52:24,4579,76.32781166666668,1656913960.355885,2022-07-04T08:52:40,4578998,76.31663333333333,25980.136564712924
1656913973,124300,7318601,1,2,0,3,4818,1595,7317320,-1,825401,181,13,0,2022-07-04T08:52:53,4608,76.80207166666668,1656913984.02772,2022-07-04T08:53:04,4607628,76.79379999999999,26132.349520401352
1656913986,695900,7331998,1,2,0,3,4824,1596,7329980,0,174663,5,13,0,2022-07-04T08:53:06,4621,77.02826499999999,1656913997.966205,2022-07-04T08:53:17,4621025,77.01708333333333,26185.290853151044
1656913995,930900,7341233,1,2,0,3,4832,1596,7329980,0,174663,58,13,0,2022-07-04T08:53:15,4630,77.18218166666666,1656914008.48628,2022-07-04T08:53:28,4630260,77.171,26228.196099903555
1656914024,70700,7369903,1,2,0,3,4855,1603,7369703,-1,716139,218,13,0,2022-07-04T08:53:44,4659,77.65117833333333,1656914032.565716,2022-07-04T08:53:52,4658930,77.64883333333334,26346.06020559314
1656914033,441800,7379314,1,2,0,3,4863,1608,7378733,-1,790011,15,13,0,2022-07-04T08:53:53,4668,77.80736333333333,1656914042.845232,2022-07-04T08:54:02,4668341,77.80568333333333,26389.397170913173
1656914046,551800,7392100,1,2,0,3,4873,1611,7388686,0,224046,95,13,0,2022-07-04T08:54:06,4681,78.02586333333333,1656914057.465204,2022-07-04T08:54:17,4681127,78.01878333333335,26435.43272297102
1656914060,259900,7405808,1,2,0,3,4885,1616,7405574,0,137263,174,13,0,2022-07-04T08:54:20,4695,78.25433166666667,1656914068.0157769,2022-07-04T08:54:28,4694835,78.24725,26493.629894430826
1656914069,504900,7415053,1,2,0,3,4891,1616,7405574,0,137263,228,13,0,2022-07-04T08:54:29,4704,78.408415,1656914081.240244,2022-07-04T08:54:41,4704080,78.40133333333333,26468.004967135254
1656914083,551900,7429374,1,2,0,3,4902,1618,7426184,-1,880772,51,13,0,2022-07-04T08:54:43,4718,78.64253166666667,1656914092.31508,2022-07-04T08:54:52,4718401,78.64001666666667,26289.276001541777
1656914087,651100,7433199,1,2,0,3,4906,1619,7430596,0,274214,78,13,0,2022-07-04T08:54:47,4722,78.71085166666667,1656914102.078881,2022-07-04T08:55:02,4722226,78.70376666666667,26175.978536583036
1656914102,583700,7447979,1,2,0,3,4913,1620,7443024,0,152673,158,13,0,2022-07-04T08:55:02,4737,78.95972833333333,1656914115.695189,2022-07-04T08:55:15,4737006,78.9501,25597.71033389404
1656914116,231800,7461941,1,2,0,3,4919,1623,7461832,-1,820130,238,13,0,2022-07-04T08:55:16,4751,79.18719666666667,1656914126.765229,2022-07-04T08:55:26,4750968,79.1828,25004.283187438752
1656914129,104900,7474500,1,2,0,3,4929,1626,7469667,0,174222,61,13,0,2022-07-04T08:55:29,4764,79.40174833333334,1656914140.736456,2022-07-04T08:55:40,4763527,79.39211666666667,24450.363636177008
1656914143,947900,7489343,1,2,0,3,4936,1628,7489143,0,143983,141,13,0,2022-07-04T08:55:43,4778,79.64913166666666,1656914151.6963608,2022-07-04T08:55:51,4778370,79.6395,23821.629430310484
1656914153,93900,7498489,1,2,0,3,4943,1632,7497121,0,124075,194,13,0,2022-07-04T08:55:53,4788,79.801565,1656914165.225273,2022-07-04T08:56:05,4787516,79.79193333333333,23428.194510624344
1656914167,987700,7513288,1,2,0,3,4949,1635,7512161,6,384609,18,13,0,2022-07-04T08:56:07,4802,80.04979499999999,1656914175.887212,2022-07-04T08:56:15,4802315,80.03858333333332,22758.823057989943
1656914181,56600,7526357,1,2,0,3,4958,1638,7523515,0,224063,98,13,0,2022-07-04T08:56:21,4816,80.26761,1656914189.356385,2022-07-04T08:56:29,4815384,80.2564,22380.77821124382
1656914189,639800,7535206,1,2,0,3,4966,1643,7534884,-1,868596,151,13,0,2022-07-04T08:56:29,4824,80.41066333333333,1656914199.955097,2022-07-04T08:56:39,4824233,80.40388333333334,22082.96211356409
1656914212,979800,7558281,1,2,0,3,4980,1649,7557710,5,71,28,13,0,2022-07-04T08:56:52,4847,80.79966333333333,1656914224.085224,2022-07-04T08:57:04,4847308,80.78846666666666,21175.154328545756
1656914215,730700,7567297,1,2,0,3,4983,1651,7567222,-7,969254,81,13,0,2022-07-04T08:56:55,4850,80.84551166666667,1656914234.459297,2022-07-04T08:57:14,4856324,80.93873333333333,21047.246946221712
1656914249,859900,7595161,1,2,0,3,4997,1657,7595077,0,154112,241,13,0,2022-07-04T08:57:29,4884,81.41433166666667,1656914258.534428,2022-07-04T08:57:38,4884188,81.40313333333333,20154.478754679392
1656914254,9900,7599311,1,2,0,3,5000,1657,7595077,0,154112,12,13,0,2022-07-04T08:57:34,4889,81.48349833333333,1656914272.584909,2022-07-04T08:57:52,4888338,81.47229999999999,20032.939128798742
1656914272,212800,7617618,1,2,0,3,5009,1662,7616889,-1,895865,118,13,0,2022-07-04T08:57:52,4907,81.78688000000001,1656914282.744628,2022-07-04T08:58:02,4906645,81.77741666666667,19521.555447431023
1656914286,375200,7631676,1,2,0,3,5019,1666,7627297,0,354275,198,13,0,2022-07-04T08:58:06,4921,82.02292000000001,1656914293.2748718,2022-07-04T08:58:13,4920703,82.01171666666667,19131.64214668672
1656914295,37800,7640713,1,2,0,3,5022,1667,7634302,-1,625683,251,13,0,2022-07-04T08:58:15,4930,82.16729666666667,1656914307.025848,2022-07-04T08:58:27,4929740,82.16233333333334,18900.043451216137
1656914309,420200,7654721,1,2,0,3,5032,1672,7651408,0,114758,75,13,0,2022-07-04T08:58:29,4944,82.40700333333332,1656914317.835321,2022-07-04T08:58:37,4943748,82.3958,18536.576983601077
1656914332,715300,7678016,1,2,0,3,5046,1676,7669562,0,315538,208,13,0,2022-07-04T08:58:52,4967,82.795255,1656914341.639592,2022-07-04T08:59:01,4967043,82.78405,17956.637715214787
1656914345,460400,7690761,1,2,0,3,5057,1681,7689247,0,314374,32,13,0,2022-07-04T08:59:05,4980,83.00767333333333,1656914352.196029,2022-07-04T08:59:12,4979788,82.99646666666666,17649.565369141095
1656914354,258600,7699559,1,2,0,3,5065,1683,7697025,0,144911,85,13,0,2022-07-04T08:59:14,4989,83.15431,1656914366.2863848,2022-07-04T08:59:26,4988586,83.1431,17444.430668375935
1656914368,269100,7713804,1,2,0,3,5076,1687,7709432,-1,765478,165,13,0,2022-07-04T08:59:28,5003,83.38781833333334,1656914376.846372,2022-07-04T08:59:36,5002831,83.38051666666667,17119.66709853068
1656914382,66700,7727367,1,2,0,3,5083,1690,7726855,0,414196,244,13,0,2022-07-04T08:59:42,5017,83.61777833333333,1656914390.396492,2022-07-04T08:59:50,5016394,83.60656666666667,16810.604592572654
1656914404,540700,7749950,1,2,0,3,5097,1695,7743772,-1,890847,121,13,0,2022-07-04T09:00:04,5039,83.99234499999999,1656914414.987761,2022-07-04T09:00:14,5038977,83.98295,16316.52273985883
1656914413,908600,7759480,1,2,0,3,5104,1698,7758721,-1,725403,175,13,0,2022-07-04T09:00:13,5048,84.14847666666667,1656914425.4468129,2022-07-04T09:00:25,5048507,84.14178333333332,16116.064972787928
1656914428,160700,7773457,1,2,0,3,5112,1702,7773382,6,489,254,13,0,2022-07-04T09:00:28,5063,84.38601166666668,1656914439.3174078,2022-07-04T09:00:39,5062484,84.37473333333334,15785.868137494197
1656914437,241700,7782538,1,2,0,3,5120,1704,7777866,0,254796,52,13,0,2022-07-04T09:00:37,5072,84.53736166666665,1656914450.1596599,2022-07-04T09:00:50,5071565,84.52608333333333,15683.705706827577
1656914446,300900,7791597,1,2,0,3,5128,1707,7788037,0,372213,105,13,0,2022-07-04T09:00:46,5081,84.68834833333334,1656914460.8747919,2022-07-04T09:01:00,5080624,84.67706666666666,15524.369584094165
1656914465,469900,7810766,1,2,0,3,5136,1707,7788037,0,372213,211,13,0,2022-07-04T09:01:05,5100,85.00783166666666,1656914474.097625,2022-07-04T09:01:14,5099793,84.99655,15190.787045272642
1656914474,851000,7820331,1,2,0,3,5139,1709,7818990,0,310315,8,13,0,2022-07-04T09:01:14,5109,85.16418333333333,1656914485.28522,2022-07-04T09:01:25,5109358,85.15596666666667,15026.099276080318
1656914488,213200,7833509,1,2,0,3,5150,1712,7831360,0,134063,88,13,0,2022-07-04T09:01:28,5123,85.38688666666667,1656914499.248353,2022-07-04T09:01:39,5122536,85.3756,14800.590855224988
1656914497,525900,7843076,1,2,0,3,5157,1715,7843001,-1,745654,141,13,0,2022-07-04T09:01:37,5132,85.54209833333333,1656914510.167613,2022-07-04T09:01:50,5132103,85.53505,14645.167271440618
1656914507,93500,7852389,1,2,0,3,5164,1716,7846189,0,254631,195,13,0,2022-07-04T09:01:47,5142,85.70155833333334,1656914523.168228,2022-07-04T09:02:03,5141416,85.69026666666667,14486.192590303424
1656914521,56800,7866352,1,2,0,3,5171,1720,7864644,0,294834,18,13,0,2022-07-04T09:02:01,5156,85.93428,1656914533.258257,2022-07-04T09:02:13,5155379,85.92298333333333,14255.749618911084
1656914548,169100,7893464,1,2,0,3,5192,1727,7889502,0,106724,178,13,0,2022-07-04T09:02:28,5183,86.38615166666666,1656914557.758816,2022-07-04T09:02:37,5182491,86.37485,13825.549339695031
1656914558,130900,7903426,1,2,0,3,5200,1731,7903015,0,294404,231,13,0,2022-07-04T09:02:38,5193,86.55218166666667,1656914568.6886358,2022-07-04T09:02:48,5192453,86.54088333333334,13673.00247019397
1656914571,385200,7916680,1,2,0,3,5210,1733,7914499,0,272442,55,13,0,2022-07-04T09:02:51,5206,86.77308666666666,1656914582.6683118,2022-07-04T09:03:02,5205707,86.76178333333334,13474.828529302073
1656914585,555500,7931035,1,2,0,3,5222,1739,7929249,-1,815501,135,13,0,2022-07-04T09:03:05,5220,87.00925833333334,1656914593.6282358,2022-07-04T09:03:13,5220062,87.00103333333333,13268.39149943831
1656914621,669300,7967076,1,2,0,3,5248,1751,7965562,0,204044,92,13,0,2022-07-04T09:03:41,5256,87.611155,1656914628.5803719,2022-07-04T09:03:48,5256103,87.60171666666666,12750.240132455016
1656914630,530300,7975937,1,2,0,3,5255,1755,7973378,0,224091,145,13,0,2022-07-04T09:03:50,5265,87.75883833333334,1656914642.058157,2022-07-04T09:04:02,5264964,87.7494,12622.10693393573
1656914639,653700,7985305,1,2,0,3,5258,1756,7985230,-1,755408,198,13,0,2022-07-04T09:03:59,5274,87.910895,1656914652.879169,2022-07-04T09:04:12,5274332,87.90553333333334,12493.546693054897
1656914648,995100,7994402,1,2,0,3,5265,1757,7990757,0,244820,251,13,0,2022-07-04T09:04:08,5283,88.066585,1656914665.979033,2022-07-04T09:04:25,5283429,88.05715000000001,12356.49555124131
1656914663,141700,8008922,1,2,0,3,5269,1758,8005958,-1,626202,75,13,0,2022-07-04T09:04:23,5298,88.30236166666667,1656914676.758457,2022-07-04T09:04:36,5297949,88.29915,12164.26618262858
1656914678,380700,8023787,1,2,0,3,5277,1761,8023102,0,324064,155,13,0,2022-07-04T09:04:38,5313,88.556345,1656914687.7083719,2022-07-04T09:04:47,5312814,88.54690000000001,11953.519017682127
1656914691,904700,8037311,1,2,0,3,5286,1761,8023102,0,324064,5,13,0,2022-07-04T09:04:51,5326,88.781745,1656914701.828472,2022-07-04T09:05:01,5326338,88.7723,11777.229151443693
1656914715,551200,8061113,1,2,0,3,5306,1763,8048348,0,100026,191,13,0,2022-07-04T09:05:15,5350,89.17585333333334,1656914726.728528,2022-07-04T09:05:26,5350140,89.16900000000001,11468.91711512152
1656914729,43300,8074705,1,2,0,3,5317,1766,8069866,-1,899897,42,13,0,2022-07-04T09:05:29,5364,89.40072166666667,1656914737.440289,2022-07-04T09:05:37,5363732,89.39553333333333,11295.269776789062
1656914742,626400,8088188,1,2,0,3,5327,1767,8075548,0,100186,148,13,0,2022-07-04T09:05:42,5377,89.62710666666666,1656914751.728781,2022-07-04T09:05:51,5377215,89.62025,11119.911990907161
1656914766,434700,8111996,1,2,0,3,5345,1771,8106164,0,100113,78,13,0,2022-07-04T09:06:06,5401,90.02391166666666,1656914776.989085,2022-07-04T09:06:16,5401023,90.01705,10828.07474166062
1656914776,611000,8122172,1,2,0,3,5354,1773,8118569,0,100673,158,13,0,2022-07-04T09:06:16,5411,90.19351666666667,1656914788.058832,2022-07-04T09:06:28,5411199,90.18665,10704.88762466202
1656914803,959800,8149250,1,2,0,3,5376,1777,8149175,0,100002,115,13,0,2022-07-04T09:06:43,5438,90.64932999999999,1656914813.458433,2022-07-04T09:06:53,5438277,90.63795,10378.752979190562
1656914817,582900,8162873,1,2,0,3,5387,1779,8160439,0,100340,221,13,0,2022-07-04T09:06:57,5452,90.87638166666667,1656914824.298524,2022-07-04T09:07:04,5451900,90.865,10219.220936631742
1656914831,34900,8176325,1,2,0,3,5397,1779,8160439,0,100340,72,13,0,2022-07-04T09:07:11,5466,91.10058166666666,1656914838.431905,2022-07-04T09:07:18,5465352,91.08919999999999,10060.992653617182
1656914841,210900,8186501,1,2,0,3,5406,1779,8160439,0,100340,152,13,0,2022-07-04T09:07:21,5476,91.27018166666667,1656914849.371101,2022-07-04T09:07:29,5475528,91.25880000000001,9941.020477818256
1656914854,833900,8200124,1,2,0,3,5417,1779,8160439,0,100340,2,13,0,2022-07-04T09:07:34,5489,91.49723166666666,1656914863.518941,2022-07-04T09:07:43,5489151,91.48585,9784.220165666278
1656914868,466300,8213756,1,2,0,3,5428,1781,8212335,0,100577,108,13,0,2022-07-04T09:07:48,5503,91.72443833333334,1656914874.519168,2022-07-04T09:07:54,5502783,91.71305000000001,9627.879500448225
1656914878,639300,8223929,1,2,0,3,5436,1781,8212335,0,100577,188,13,0,2022-07-04T09:07:58,5513,91.89398833333333,1656914889.0110729,2022-07-04T09:08:09,5512956,91.8826,9512.702036617364
1656914892,85300,8237375,1,2,0,3,5446,1781,8212335,0,100577,39,13,0,2022-07-04T09:08:12,5527,92.11808833333333,1656914900.280449,2022-07-04T09:08:20,5526402,92.1067,9358.976403407833
1656914902,264300,8247554,1,2,0,3,5453,1781,8212335,0,100577,118,13,0,2022-07-04T09:08:22,5537,92.28773833333334,1656914914.838225,2022-07-04T09:08:34,5536581,92.27635000000001,9245.55318998863
1656914915,890300,8261180,1,2,0,3,5465,1781,8212335,0,100577,225,13,0,2022-07-04T09:08:35,5550,92.51483833333333,1656914925.6785848,2022-07-04T09:08:45,5550207,92.50345,9094.14199317675
1656914929,336300,8274626,1,2,0,3,5476,1781,8212335,0,100577,75,13,0,2022-07-04T09:08:49,5564,92.73893833333334,1656914939.77878,2022-07-04T09:08:59,5563653,92.72755000000001,8947.326492565284
1656914939,515300,8284805,1,2,0,3,5485,1781,8212335,0,100577,155,13,0,2022-07-04T09:08:59,5574,92.90858833333333,1656914950.8582919,2022-07-04T09:09:10,5573832,92.89720000000001,8836.596558426209
1656914953,141300,8298431,1,2,0,3,5494,1781,8212335,0,100577,5,13,0,2022-07-04T09:09:13,5588,93.13568833333333,1656914962.069284,2022-07-04T09:09:22,5587458,93.12429999999999,8689.459763926627
1656914966,767300,8312057,1,2,0,3,5506,1781,8212335,0,100577,112,13,0,2022-07-04T09:09:26,5601,93.36278833333334,1656914976.220481,2022-07-04T09:09:36,5601084,93.3514,8544.502211371948
1656914980,219300,8325509,1,2,0,3,5516,1781,8212335,0,100577,218,13,0,2022-07-04T09:09:40,5615,93.58698833333332,1656914987.239032,2022-07-04T09:09:47,5614536,93.5756,8399.177746689316
1656914990,392300,8335682,1,2,0,3,5525,1781,8212335,0,100577,42,13,0,2022-07-04T09:09:50,5625,93.75653833333334,1656915001.4681568,2022-07-04T09:10:01,5624709,93.74515,8291.480183150377
1656915004,18300,8349308,1,2,0,3,5532,1781,8212335,0,100577,148,13,0,2022-07-04T09:10:04,5639,93.98363833333333,1656915012.258193,2022-07-04T09:10:12,5638335,93.97225,8150.541815781228
1656915017,470300,8362760,1,2,0,3,5543,1781,8212335,0,100577,255,13,0,2022-07-04T09:10:17,5652,94.20783833333333,1656915027.029981,2022-07-04T09:10:27,5651787,94.19645,8012.190585225671
1656915027,643300,8372933,1,2,0,3,5550,1781,8212335,0,100577,79,13,0,2022-07-04T09:10:27,5662,94.37738833333333,1656915037.977932,2022-07-04T09:10:37,5661960,94.366,7909.232452959988
1656915041,269300,8386559,1,2,0,3,5559,1781,8212335,0,100577,185,13,0,2022-07-04T09:10:41,5676,94.60448833333334,1656915052.179633,2022-07-04T09:10:52,5675586,94.5931,7771.985879615693
1656915054,898300,8400188,1,2,0,3,5569,1781,8212335,0,100577,35,13,0,2022-07-04T09:10:54,5689,94.83163833333333,1656915062.867969,2022-07-04T09:11:02,5689215,94.82025,7633.04637209656
1656915078,520300,8423810,1,2,0,3,5587,1781,8212335,0,100577,222,13,0,2022-07-04T09:11:18,5713,95.22533833333334,1656915087.735888,2022-07-04T09:11:27,5712837,95.21395000000001,7396.2865419640175
1656915092,149300,8437439,1,2,0,3,5599,1781,8212335,0,100577,72,13,0,2022-07-04T09:11:32,5727,95.45248833333333,1656915098.638521,2022-07-04T09:11:38,5726466,95.4411,7265.555194260387
1656915102,322300,8447612,1,2,0,3,5606,1781,8212335,0,100577,152,13,0,2022-07-04T09:11:42,5737,95.62203833333334,1656915112.529017,2022-07-04T09:11:52,5736639,95.61065,7165.738646141237
1656915115,763700,8461061,1,2,0,3,5617,1783,8452921,0,100055,2,13,0,2022-07-04T09:11:55,5750,95.84606166666667,1656915123.37196,2022-07-04T09:12:03,5750088,95.8348,7033.587598881245
1656915139,565700,8484863,1,2,0,3,5634,1783,8452921,0,100055,188,13,0,2022-07-04T09:12:19,5774,96.24276166666667,1656915149.199945,2022-07-04T09:12:29,5773890,96.23150000000001,6807.528418700001
1656915153,195000,8498492,1,2,0,3,5644,1785,8491868,0,100573,39,13,0,2022-07-04T09:12:33,5788,96.46991666666666,1656915163.1681519,2022-07-04T09:12:43,5787519,96.45865,6679.284961428241
1656915163,371000,8508668,1,2,0,3,5653,1785,8491868,0,100573,119,13,0,2022-07-04T09:12:43,5798,96.63951666666667,1656915174.2082639,2022-07-04T09:12:54,5797695,96.62825,6583.099480028474
1656915176,817100,8522114,1,2,0,3,5665,1787,8511082,0,100302,225,13,0,2022-07-04T09:12:56,5811,96.86361833333333,1656915188.317797,2022-07-04T09:13:08,5811141,96.85234999999999,6458.32341516176
1656915190,446300,8535743,1,2,0,3,5675,1789,8527978,0,100568,75,13,0,2022-07-04T09:13:10,5825,97.09077166666665,1656915199.0676649,2022-07-04T09:13:19,5824770,97.07950000000001,6327.112527532085
1656915204,72300,8549369,1,2,0,3,5686,1789,8527978,0,100568,182,13,0,2022-07-04T09:13:24,5839,97.31787166666666,1656915213.148232,2022-07-04T09:13:33,5838396,97.30659999999999,6203.238838889382
1656915217,518300,8562815,1,2,0,3,5696,1789,8527978,0,100568,32,13,0,2022-07-04T09:13:37,5852,97.54197166666667,1656915223.937305,2022-07-04T09:13:43,5851842,97.5307,6079.992516745983
1656915227,697300,8572994,1,2,0,3,5704,1789,8527978,0,100568,112,13,0,2022-07-04T09:13:47,5862,97.71162166666666,1656915238.117873,2022-07-04T09:13:58,5862021,97.70035,5990.7151523222665
1656915241,323300,8586620,1,2,0,3,5715,1789,8527978,0,100568,218,13,0,2022-07-04T09:14:01,5876,97.93872166666667,1656915249.597301,2022-07-04T09:14:09,5875647,97.92745,5872.361562807062
1656915251,496300,8596793,1,2,0,3,5723,1789,8527978,0,100568,42,13,0,2022-07-04T09:14:11,5886,98.10827166666667,1656915263.8371968,2022-07-04T09:14:23,5885820,98.097,5783.829796530383
1656915264,948300,8610245,1,2,0,3,5734,1789,8527978,0,100568,149,13,0,2022-07-04T09:14:24,5899,98.33247166666666,1656915274.656956,2022-07-04T09:14:34,5899272,98.3212,5669.090939698909
1656915278,574300,8623871,1,2,0,3,5741,1789,8527978,0,100568,255,13,0,2022-07-04T09:14:38,5913,98.55957166666667,1656915285.507297,2022-07-04T09:14:45,5912898,98.5483,5549.841566958218
1656915288,747300,8634044,1,2,0,3,5749,1789,8527978,0,100568,79,13,0,2022-07-04T09:14:48,5923,98.72912166666667,1656915300.008204,2022-07-04T09:15:00,5923071,98.71785,5463.962593160005
1656915302,379300,8647676,1,2,0,3,5759,1789,8527978,0,100568,185,13,0,2022-07-04T09:15:02,5937,98.95632166666665,1656915310.778116,2022-07-04T09:15:10,5936703,98.94505000000001,5351.978598596742
1656915315,825300,8661122,1,2,0,3,5769,1789,8527978,0,100568,36,13,0,2022-07-04T09:15:15,5950,99.18042166666667,1656915325.2974,2022-07-04T09:15:25,5950149,99.16915,5241.056699227346
1656915339,630300,8684927,1,2,0,3,5787,1789,8527978,0,100568,222,13,0,2022-07-04T09:15:39,5974,99.57717166666666,1656915349.956977,2022-07-04T09:15:49,5973954,99.5659,5045.669503444167
1656915351,117900,8702401,1,2,0,3,5794,1793,8696909,0,354039,72,13,0,2022-07-04T09:15:51,5986,99.76863166666666,1656915375.178313,2022-07-04T09:16:15,5991428,99.85713333333334,4901.711261112609
1656915394,358800,8744642,1,2,0,3,5814,1799,8741898,-6,999836,56,13,0,2022-07-04T09:16:34,6029,100.48931333333333,1656915409.625833,2022-07-04T09:16:49,6033669,100.56115,4590.5841654574715
1656915404,388800,8754672,1,2,0,3,5816,1799,8741898,-6,999836,109,13,0,2022-07-04T09:16:44,6039,100.65648,1656915420.4343128,2022-07-04T09:17:00,6043699,100.72831666666666,4463.847680848796
1656915423,425800,8768707,1,2,0,3,5827,1801,8763830,5,425994,189,13,0,2022-07-04T09:17:03,6058,100.97376333333334,1656915433.766273,2022-07-04T09:17:13,6057734,100.96223333333334,4348.534293309707
1656915432,66900,8777348,1,2,0,3,5834,1804,8775183,0,294576,242,13,0,2022-07-04T09:17:12,6067,101.11778166666666,1656915444.415844,2022-07-04T09:17:24,6066375,101.10625,4277.340565766873
1656915446,321700,8791777,1,2,0,3,5846,1808,8786347,-1,825894,66,13,0,2022-07-04T09:17:26,6081,101.35536166666667,1656915454.3858368,2022-07-04T09:17:34,6080804,101.34673333333333,4160.915433263082
1656915450,360000,8795641,1,2,0,3,5849,1809,8792034,0,174346,92,13,0,2022-07-04T09:17:30,6085,101.42266666666666,1656915468.5860238,2022-07-04T09:17:48,6084668,101.41113333333332,4127.906194967435
1656915473,71200,8818352,1,2,0,3,5860,1813,8816262,0,163966,225,13,0,2022-07-04T09:17:53,6108,101.80118666666667,1656915479.507629,2022-07-04T09:17:59,6107379,101.78965,3939.925637590237
1656915482,136300,8827417,1,2,0,3,5867,1816,8824010,0,353936,22,13,0,2022-07-04T09:18:02,6117,101.95227166666668,1656915493.445684,2022-07-04T09:18:13,6116444,101.94073333333334,3857.1245056642965
1656915496,857400,8842138,1,2,0,3,5879,1820,8839901,0,195003,102,13,0,2022-07-04T09:18:16,6131,102.19762333333333,1656915504.29648,2022-07-04T09:18:24,6131165,102.18608333333333,3744.82337200931
1656915511,214600,8855632,1,2,0,3,5884,1822,8853903,1,173909,182,13,0,2022-07-04T09:18:31,6146,102.43691,1656915517.79672,2022-07-04T09:18:37,6144659,102.41098333333333,3639.922245791889
1656915520,733800,8865319,1,2,0,3,5890,1824,8863262,-1,696045,235,13,0,2022-07-04T09:18:40,6155,102.59556333333333,1656915528.688545,2022-07-04T09:18:48,6154346,102.57243333333332,3567.146011983938
1656915543,771900,8888053,1,2,0,3,5907,1827,8883528,0,214027,112,13,0,2022-07-04T09:19:03,6178,102.97953166666666,1656915552.4758768,2022-07-04T09:19:12,6177080,102.95133333333334,3386.2926192592236
1656915548,781800,8898064,1,2,0,3,5909,1828,8895231,-6,999836,165,13,0,2022-07-04T09:19:08,6183,103.06303,1656915563.1157398,2022-07-04T09:19:23,6187091,103.11818333333333,3346.250618657223
1656915562,241700,8911523,1,2,0,3,5915,1828,8895231,-6,999836,245,13,0,2022-07-04T09:19:22,6197,103.28736166666665,1656915576.635808,2022-07-04T09:19:36,6200550,103.3425,3200.9903317117232
1656915571,340900,8920622,1,2,0,3,5922,1831,8914837,0,374057,42,13,0,2022-07-04T09:19:31,6206,103.439015,1656915587.6549358,2022-07-04T09:19:47,6209649,103.49415,3131.0337004570056
1656915586,46900,8935328,1,2,0,3,5931,1835,8929884,0,358448,122,13,0,2022-07-04T09:19:46,6221,103.684115,1656915597.585469,2022-07-04T09:19:57,6224355,103.73925,3015.683845934371
1656915594,883000,8944164,1,2,0,3,5939,1837,8942427,0,254059,175,13,0,2022-07-04T09:19:54,6229,103.83138333333333,1656915611.536244,2022-07-04T09:20:11,6233191,103.88651666666667,2945.4830860148018
1656915603,771100,8953052,1,2,0,3,5947,1839,8951538,0,124233,229,13,0,2022-07-04T09:20:03,6238,103.97951833333333,1656915622.155201,2022-07-04T09:20:22,6242079,104.03465,2877.4422874930797
1656915622,339800,8971976,1,2,0,3,5959,1843,8971342,-1,644756,79,13,0,2022-07-04T09:20:22,6257,104.28899666666666,1656915636.195196,2022-07-04T09:20:36,6261003,104.35005,2735.3564723426225
1656915632,385200,8981666,1,2,0,3,5967,1846,8980208,0,274358,132,13,0,2022-07-04T09:20:32,6267,104.45642,1656915646.0759408,2022-07-04T09:20:46,6270693,104.51155,2661.459889499778
1656915655,38700,9004594,1,2,0,3,5983,1853,9004271,-1,725242,9,13,0,2022-07-04T09:20:55,6290,104.83397833333333,1656915671.1548438,2022-07-04T09:21:11,6293621,104.89368333333333,2488.260616878896
1656915664,615300,9013896,1,2,0,3,5989,1854,9009793,0,274731,62,13,0,2022-07-04T09:21:04,6299,104.99358833333334,1656915680.645069,2022-07-04T09:21:20,6302923,105.04871666666666,2418.8071867263634
1656915678,759300,9028040,1,2,0,3,5998,1854,9009793,0,274731,142,13,0,2022-07-04T09:21:18,6313,105.22932166666666,1656915694.095376,2022-07-04T09:21:34,6317067,105.28445,2316.230701149654
1656915688,562500,9037844,1,2,0,3,6001,1854,9009793,0,274731,195,13,0,2022-07-04T09:21:28,6323,105.39270833333333,1656915704.9748008,2022-07-04T09:21:44,6326871,105.44785,2246.071325860985
1656915706,915600,9052529,1,2,0,3,6014,1858,9048414,0,474047,19,13,0,2022-07-04T09:21:46,6341,105.69859333333333,1656915719.194821,2022-07-04T09:21:59,6341556,105.6926,2141.4353930046173
1656915720,82500,9066000,1,2,0,3,6024,1861,9063491,-1,695913,99,13,0,2022-07-04T09:22:00,6355,105.91804166666667,1656915729.785141,2022-07-04T09:22:09,6355027,105.91711666666667,2048.230108174495
1656915744,399900,9090014,1,2,0,3,6034,1864,9084388,0,394292,232,13,0,2022-07-04T09:22:24,6379,106.32333166666668,1656915754.005488,2022-07-04T09:22:34,6379041,106.31735,1876.973267603644
1656915766,910800,9112524,1,2,0,3,6048,1867,9101717,0,303590,109,13,0,2022-07-04T09:22:46,6401,106.69851333333332,1656915778.505856,2022-07-04T09:22:58,6401551,106.69251666666668,1722.021492853203
1656915775,749900,9121363,1,2,0,3,6055,1869,9117904,0,147334,162,13,0,2022-07-04T09:22:55,6410,106.84583166666667,1656915789.087508,2022-07-04T09:23:09,6410390,106.83983333333335,1661.468082281367
1656915790,562900,9136176,1,2,0,3,6060,1869,9117904,0,147334,242,13,0,2022-07-04T09:23:10,6425,107.092715,1656915803.0044959,2022-07-04T09:23:23,6425203,107.08671666666667,1560.3623623897054
1656915805,767000,9151222,1,2,0,3,6073,1872,9147607,0,364416,66,13,0,2022-07-04T09:23:25,6440,107.34611666666666,1656915813.734889,2022-07-04T09:23:33,6440249,107.33748333333332,1456.1121770324546
1656915818,304100,9163759,1,2,0,3,6081,1875,9160148,0,264503,146,13,0,2022-07-04T09:23:38,6453,107.55506833333334,1656915827.725517,2022-07-04T09:23:47,6452786,107.54643333333334,1364.3705534247406
1656915827,617800,9173073,1,2,0,3,6087,1877,9168143,0,273909,199,13,0,2022-07-04T09:23:47,6462,107.71029666666666,1656915838.1157,2022-07-04T09:23:58,6462100,107.70166666666667,1295.4665582599084
1656915850,323300,9195778,1,2,0,3,6101,1882,9194230,0,324235,76,13,0,2022-07-04T09:24:10,6485,108.08872166666667,1656915862.498997,2022-07-04T09:24:22,6484805,108.08008333333333,1136.9817962631928
1656915865,172400,9210627,1,2,0,3,6112,1887,9210204,0,227551,156,13,0,2022-07-04T09:24:25,6500,108.33620666666667,1656915873.176149,2022-07-04T09:24:33,6499654,108.32756666666667,1031.6460380175017
