time_s,time_us,time_steady,num_vis,num_ch,satellites_total,satellites_with_ephs,satellites_with_alms,satellites_with_ephs_and_alms,sattelites_healthy,seq,srcSystem,srcComponent,time_gregorian,time_s_from_launch,mins_from_launch,log_timestamp,log_timestamp_gregorian,time_steady_from_launch,mins_steady_from_launch,baro_altitude
1656909105,845000,2450663,15,71,71,3,26,3,71,81,11,0,2022-07-04T07:31:45,-260,-4.319249999999999,1656909113.28646,2022-07-04T07:31:53,-260310,-4.3385,96.23523424960997
1656909111,851000,2456669,15,71,71,3,26,3,71,249,11,0,2022-07-04T07:31:51,-254,-4.21915,1656909126.143504,2022-07-04T07:32:06,-254304,-4.2384,96.88545729910182
1656909128,855000,2473672,16,71,71,4,26,3,70,224,11,0,2022-07-04T07:32:08,-237,-3.93575,1656909136.913312,2022-07-04T07:32:16,-237301,-3.9550166666666664,97.15177258608958
1656909152,836000,2497653,16,71,71,4,26,3,70,139,11,0,2022-07-04T07:32:32,-213,-3.5360666666666662,1656909161.674325,2022-07-04T07:32:41,-213320,-3.555333333333333,97.27684985736853
1656909164,961000,2509778,16,71,71,4,26,3,70,218,11,0,2022-07-04T07:32:44,-201,-3.3339833333333333,1656909172.271653,2022-07-04T07:32:52,-201195,-3.35325,97.0012543056125
1656909177,805000,2522622,16,71,71,4,26,3,70,75,11,0,2022-07-04T07:32:57,-188,-3.1199166666666667,1656909185.8949249,2022-07-04T07:33:05,-188351,-3.1391833333333334,97.25804072528322
1656909200,836000,2545653,16,71,71,4,26,3,70,222,11,0,2022-07-04T07:33:20,-165,-2.7360666666666664,1656909209.232216,2022-07-04T07:33:29,-165320,-2.755333333333333,96.79927443432508
1656909210,853000,2555670,16,71,71,4,26,3,70,247,11,0,2022-07-04T07:33:30,-155,-2.5691166666666665,1656909219.6013758,2022-07-04T07:33:39,-155303,-2.5883833333333333,96.60539409996291
1656909223,890000,2568707,16,71,71,4,26,3,70,99,11,0,2022-07-04T07:33:43,-142,-2.3518333333333334,1656909230.7744079,2022-07-04T07:33:50,-142266,-2.3710999999999998,96.59381866455078
1656909235,958000,2580775,16,71,71,4,26,3,70,188,11,0,2022-07-04T07:33:55,-130,-2.1507,1656909244.9477398,2022-07-04T07:34:04,-130198,-2.169966666666667,97.01600319295723
1656909243,805000,2588622,16,71,71,4,26,3,70,158,11,0,2022-07-04T07:34:03,-122,-2.0199166666666666,1656909255.2001529,2022-07-04T07:34:15,-122351,-2.0391833333333333,97.51230941355047
1656909259,889000,2604706,16,71,71,4,26,3,70,106,11,0,2022-07-04T07:34:19,-106,-1.7518500000000001,1656909268.7332518,2022-07-04T07:34:28,-106267,-1.7711166666666667,97.40361287727306
1656909271,846000,2616663,16,71,71,4,26,3,70,181,11,0,2022-07-04T07:34:31,-94,-1.5525666666666667,1656909279.6758199,2022-07-04T07:34:39,-94310,-1.5718333333333334,97.72278535784115
1656909283,863000,2628679,16,71,71,4,26,3,70,9,11,0,2022-07-04T07:34:43,-82,-1.3522833333333333,1656909292.867992,2022-07-04T07:34:52,-82294,-1.3715666666666666,97.6009982487169
1656909292,875000,2637691,16,71,71,4,26,3,70,11,11,0,2022-07-04T07:34:52,-73,-1.2020833333333334,1656909303.394881,2022-07-04T07:35:03,-73282,-1.2213666666666667,97.68101362199526
1656909316,852000,2661668,16,71,71,4,26,3,70,182,11,0,2022-07-04T07:35:16,-49,-0.8024666666666668,1656909326.9946399,2022-07-04T07:35:26,-49305,-0.82175,97.95346082598834
1656909329,887000,2674703,16,71,71,4,26,3,70,33,11,0,2022-07-04T07:35:29,-36,-0.5852166666666666,1656909337.057704,2022-07-04T07:35:37,-36270,-0.6045,98.49359221069795
1656909341,857000,2686673,16,71,71,4,26,3,70,119,11,0,2022-07-04T07:35:41,-24,-0.38571666666666665,1656909350.9006639,2022-07-04T07:35:50,-24300,-0.405,98.52177269364576
1656909352,860000,2697675,16,71,71,4,26,3,70,178,11,0,2022-07-04T07:35:52,-13,-0.20233333333333334,1656909361.351541,2022-07-04T07:36:01,-13298,-0.22163333333333332,98.16953352317697
1656909364,877000,2709692,16,71,71,4,26,3,70,10,11,0,2022-07-04T07:36:04,-1,-0.00205,1656909371.682601,2022-07-04T07:36:11,-1281,-0.021349999999999997,98.75120940927219
1656909368,851000,2713666,16,71,71,4,26,3,70,124,11,0,2022-07-04T07:36:08,3,0.06418333333333333,1656909384.804761,2022-07-04T07:36:24,2693,0.04488333333333334,112.98890213828331
1656909385,873000,2730688,16,71,71,4,26,3,70,85,11,0,2022-07-04T07:36:25,20,0.3478833333333334,1656909394.80524,2022-07-04T07:36:34,19715,0.32858333333333334,210.56443242334996
1656909398,834000,2743649,16,71,71,4,26,3,70,200,11,0,2022-07-04T07:36:38,33,0.5639000000000001,1656909408.9272609,2022-07-04T07:36:48,32676,0.5446000000000001,288.6438761118202
1656909409,843000,2754658,16,71,71,4,26,3,70,3,11,0,2022-07-04T07:36:49,44,0.7473833333333334,1656909418.772068,2022-07-04T07:36:58,43685,0.7280833333333334,362.0939902044406
1656909422,819000,2767634,16,71,71,5,26,4,70,115,11,0,2022-07-04T07:37:02,57,0.96365,1656909432.271324,2022-07-04T07:37:12,56661,0.94435,438.147487235003
1656909436,852000,2781667,16,71,71,5,27,5,70,251,11,0,2022-07-04T07:37:16,71,1.1975333333333333,1656909446.251457,2022-07-04T07:37:26,70694,1.1782333333333335,523.3781751520153
1656909449,849000,2794664,16,71,71,5,27,5,70,111,11,0,2022-07-04T07:37:29,84,1.41415,1656909456.712357,2022-07-04T07:37:36,83691,1.3948500000000001,604.492088533581
1656909461,886000,2806701,16,71,71,5,27,5,70,199,11,0,2022-07-04T07:37:41,96,1.6147666666666667,1656909470.618372,2022-07-04T07:37:50,95728,1.5954666666666666,683.6400369051553
1656909473,855000,2818670,16,71,71,5,27,5,70,30,11,0,2022-07-04T07:37:53,108,1.8142500000000001,1656909480.765256,2022-07-04T07:38:00,107697,1.79495,758.7814857979075
1656909485,878000,2830693,16,71,71,5,27,5,70,108,11,0,2022-07-04T07:38:05,120,2.0146333333333333,1656909494.4668999,2022-07-04T07:38:14,119720,1.9953333333333334,828.4446614858813
1656909496,891000,2841706,16,71,71,5,27,5,70,163,11,0,2022-07-04T07:38:16,131,2.198183333333333,1656909505.3797529,2022-07-04T07:38:25,130733,2.1788833333333333,889.609215794136
1656909505,812000,2850626,16,71,71,5,27,5,70,163,11,0,2022-07-04T07:38:25,140,2.3468666666666667,1656909515.87246,2022-07-04T07:38:35,139653,2.32755,942.8104002940862
1656909520,859000,2865673,16,71,71,5,27,5,70,81,11,0,2022-07-04T07:38:40,155,2.5976500000000002,1656909529.80988,2022-07-04T07:38:49,154700,2.578333333333333,1035.5410267656289
1656909532,834000,2877648,16,71,71,5,27,5,70,163,11,0,2022-07-04T07:38:52,167,2.7972333333333332,1656909540.3716369,2022-07-04T07:39:00,166675,2.777916666666667,1104.5490257762879
1656909544,874000,2889688,16,71,71,5,27,5,70,242,11,0,2022-07-04T07:39:04,179,2.9979,1656909554.191037,2022-07-04T07:39:14,178715,2.9785833333333334,1178.7940705119818
1656909556,853000,2901667,16,71,71,5,27,5,70,73,11,0,2022-07-04T07:39:16,191,3.19755,1656909564.309192,2022-07-04T07:39:24,190694,3.178233333333333,1251.3321278357403
1656909568,891000,2913705,16,71,71,5,27,5,70,161,11,0,2022-07-04T07:39:28,203,3.3981833333333333,1656909578.202044,2022-07-04T07:39:38,202732,3.3788666666666667,1317.3064977857425
1656909592,843000,2937657,16,71,71,5,27,5,70,66,11,0,2022-07-04T07:39:52,227,3.7973833333333333,1656909599.473569,2022-07-04T07:39:59,226684,3.7780666666666667,1481.2775647423177
1656909603,851000,2948665,16,71,71,5,27,5,70,124,11,0,2022-07-04T07:40:03,238,3.9808499999999998,1656909613.2042558,2022-07-04T07:40:13,237692,3.9615333333333336,1526.767901100801
1656909614,965000,2959779,16,71,71,5,27,5,70,185,11,0,2022-07-04T07:40:14,249,4.166083333333334,1656909623.8646,2022-07-04T07:40:23,248806,4.146766666666667,1598.1768090245953
1656909627,883000,2972697,16,71,71,5,27,5,70,43,11,0,2022-07-04T07:40:27,262,4.381383333333333,1656909637.329393,2022-07-04T07:40:37,261724,4.362066666666666,1675.5193717788388
1656909638,835000,2983649,16,71,71,5,27,5,70,93,11,0,2022-07-04T07:40:38,273,4.563916666666667,1656909647.3361678,2022-07-04T07:40:47,272676,4.5446,1740.3965270535534
1656909651,827000,2996640,16,71,71,5,27,5,70,202,11,0,2022-07-04T07:40:51,286,4.78045,1656909658.068673,2022-07-04T07:40:58,285667,4.761116666666666,1820.509040180455
1656909662,836000,3007649,16,71,71,5,27,5,70,5,11,0,2022-07-04T07:41:02,297,4.963933333333333,1656909671.0993118,2022-07-04T07:41:11,296676,4.944599999999999,1890.7501221182097
1656909675,848000,3020661,16,71,71,5,27,5,70,121,11,0,2022-07-04T07:41:15,310,5.1808000000000005,1656909681.6374369,2022-07-04T07:41:21,309688,5.161466666666667,1974.0373485966122
1656909687,880000,3032693,16,71,71,5,27,5,70,204,11,0,2022-07-04T07:41:27,322,5.381333333333333,1656909695.298156,2022-07-04T07:41:35,321720,5.362,2054.3201677800216
1656909698,845000,3043658,16,71,71,5,27,5,70,253,11,0,2022-07-04T07:41:38,333,5.5640833333333335,1656909706.3996398,2022-07-04T07:41:46,332685,5.54475,2125.0791434033204
1656909711,851000,3056664,16,71,71,5,27,5,70,113,11,0,2022-07-04T07:41:51,346,5.78085,1656909720.209872,2022-07-04T07:42:00,345691,5.761516666666666,2209.220369951938
1656909721,848000,3066661,16,71,71,5,27,5,70,143,11,0,2022-07-04T07:42:01,356,5.947466666666667,1656909730.1909518,2022-07-04T07:42:10,355688,5.928133333333333,2272.096300169194
1656909730,887000,3075699,16,71,71,5,27,5,70,145,11,0,2022-07-04T07:42:10,365,6.098116666666667,1656909740.691592,2022-07-04T07:42:20,364726,6.078766666666667,2329.60764754105
1656909745,846000,3090659,16,71,71,5,27,5,70,48,11,0,2022-07-04T07:42:25,380,6.347433333333333,1656909754.421484,2022-07-04T07:42:34,379686,6.3281,2417.6364502989595
1656909757,889000,3102701,16,71,71,5,27,5,70,135,11,0,2022-07-04T07:42:37,392,6.548150000000001,1656909765.693392,2022-07-04T07:42:45,391728,6.5288,2489.832478148606
1656909780,871000,3125683,16,71,71,5,27,5,70,24,11,0,2022-07-04T07:43:00,415,6.931183333333333,1656909788.731444,2022-07-04T07:43:08,414710,6.911833333333333,2623.69603364038
1656909787,845000,3132657,16,71,71,5,27,5,70,218,11,0,2022-07-04T07:43:07,422,7.047416666666667,1656909799.1846569,2022-07-04T07:43:19,421684,7.028066666666667,2664.101670092916
1656909803,854000,3148666,16,71,71,5,27,5,70,155,11,0,2022-07-04T07:43:23,438,7.314233333333333,1656909812.595285,2022-07-04T07:43:32,437693,7.294883333333333,2760.4418199643897
1656909814,888000,3159700,16,71,71,5,27,5,70,214,11,0,2022-07-04T07:43:34,449,7.498133333333333,1656909822.9721038,2022-07-04T07:43:42,448727,7.478783333333333,2828.0554848392135
1656909827,841000,3172653,16,71,71,5,27,5,70,73,11,0,2022-07-04T07:43:47,462,7.714016666666667,1656909836.522137,2022-07-04T07:43:56,461680,7.6946666666666665,2902.635888526669
1656909838,842000,3183654,16,71,71,5,27,5,70,126,11,0,2022-07-04T07:43:58,473,7.897366666666667,1656909847.102373,2022-07-04T07:44:07,472681,7.8780166666666664,3005.5155389283896
1656909851,847000,3196659,16,71,71,5,27,5,70,234,11,0,2022-07-04T07:44:11,486,8.114116666666666,1656909857.9532359,2022-07-04T07:44:17,485686,8.094766666666667,3048.581458279015
1656909862,861000,3207672,16,71,71,5,27,5,70,37,11,0,2022-07-04T07:44:22,497,8.297683333333334,1656909871.714412,2022-07-04T07:44:31,496699,8.278316666666667,3107.9694257049337
1656909871,845000,3216657,16,71,71,5,27,5,70,38,11,0,2022-07-04T07:44:31,506,8.447416666666667,1656909882.183956,2022-07-04T07:44:42,505684,8.428066666666668,3160.7289449254167
1656909887,845000,3232657,16,71,71,5,27,5,70,236,11,0,2022-07-04T07:44:47,522,8.714083333333333,1656909895.538724,2022-07-04T07:44:55,521684,8.694733333333334,3259.7900537731766
1656909898,870000,3243681,16,71,71,5,27,5,70,29,11,0,2022-07-04T07:44:58,533,8.897833333333333,1656909905.5835679,2022-07-04T07:45:05,532708,8.878466666666666,3329.4250162092458
1656909910,880000,3255692,16,71,71,5,27,5,70,116,11,0,2022-07-04T07:45:10,545,9.098,1656909919.3335478,2022-07-04T07:45:19,544719,9.078650000000001,3403.734559040154
1656909918,840000,3263651,16,71,71,5,27,5,70,88,11,0,2022-07-04T07:45:18,553,9.230666666666668,1656909929.6353478,2022-07-04T07:45:29,552678,9.2113,3447.442315702458
1656909928,882000,3273693,16,71,71,5,27,5,70,119,11,0,2022-07-04T07:45:28,563,9.398033333333332,1656909940.063748,2022-07-04T07:45:40,562720,9.378666666666668,3505.857437842851
1656909943,871000,3288683,16,71,71,5,27,5,70,27,11,0,2022-07-04T07:45:43,578,9.64785,1656909953.644176,2022-07-04T07:45:53,577710,9.6285,3594.317530976482
1656909955,863000,3300675,16,71,71,5,27,5,70,110,11,0,2022-07-04T07:45:55,590,9.847716666666667,1656909963.4443638,2022-07-04T07:46:03,589702,9.828366666666666,3669.85772019814
1656909966,878000,3311689,16,71,71,5,27,5,70,169,11,0,2022-07-04T07:46:06,601,10.0313,1656909977.2942128,2022-07-04T07:46:17,600716,10.011933333333333,3738.033530838345
1656909990,852000,3335663,16,71,71,5,27,5,70,81,11,0,2022-07-04T07:46:30,625,10.430866666666667,1656909998.244477,2022-07-04T07:46:38,624690,10.4115,3880.381979218078
1656910001,836000,3346647,16,71,71,5,27,5,70,132,11,0,2022-07-04T07:46:41,636,10.613933333333334,1656910011.9858289,2022-07-04T07:46:51,635674,10.594566666666667,3943.9474044673116
1656910014,859000,3359670,16,71,71,5,27,5,70,248,11,0,2022-07-04T07:46:54,649,10.830983333333334,1656910021.9946718,2022-07-04T07:47:01,648697,10.811616666666668,4020.948962265856
1656910026,840000,3371651,15,71,71,5,27,5,70,79,11,0,2022-07-04T07:47:06,661,11.030666666666667,1656910035.4767408,2022-07-04T07:47:15,660678,11.0113,4094.975253523236
1656910045,851000,3390662,15,71,71,5,27,5,70,100,11,0,2022-07-04T07:47:25,680,11.347516666666667,1656910055.127177,2022-07-04T07:47:35,679689,11.328149999999999,4205.336089537237
1656910059,884000,3404695,15,71,71,5,27,5,70,242,11,0,2022-07-04T07:47:39,694,11.5814,1656910068.911448,2022-07-04T07:47:48,693722,11.562033333333334,4285.936031078094
1656910071,872000,3416683,15,71,71,5,27,5,70,73,11,0,2022-07-04T07:47:51,706,11.7812,1656910079.735544,2022-07-04T07:47:59,705710,11.761833333333334,4356.558261070606
1656910083,851000,3428662,15,71,71,5,27,5,70,160,11,0,2022-07-04T07:48:03,718,11.98085,1656910090.4454958,2022-07-04T07:48:10,717689,11.961483333333332,4430.577957622986
1656910095,885000,3440695,15,71,71,5,27,5,70,238,11,0,2022-07-04T07:48:15,730,12.181416666666667,1656910104.315208,2022-07-04T07:48:24,729722,12.162033333333333,4506.358624299536
1656910107,878000,3452689,15,71,71,5,27,5,70,65,11,0,2022-07-04T07:48:27,742,12.381300000000001,1656910115.0630999,2022-07-04T07:48:35,741716,12.361933333333333,4583.791354850452
1656910120,849000,3465659,15,71,71,5,27,5,70,180,11,0,2022-07-04T07:48:40,755,12.597483333333335,1656910128.786845,2022-07-04T07:48:48,754686,12.578100000000001,4664.718252072484
1656910128,862000,3473672,15,71,71,5,27,5,70,153,11,0,2022-07-04T07:48:48,763,12.731033333333333,1656910139.225652,2022-07-04T07:48:59,762699,12.711649999999999,4735.070554870265
1656910143,887000,3488698,15,71,71,5,27,5,70,63,11,0,2022-07-04T07:49:03,778,12.981449999999999,1656910152.7765288,2022-07-04T07:49:12,777725,12.962083333333334,4789.023493470848
1656910155,822000,3500632,15,71,71,5,27,5,70,143,11,0,2022-07-04T07:49:15,790,13.180366666666666,1656910162.6475,2022-07-04T07:49:22,789659,13.160983333333332,4867.063574631025
1656910168,877000,3513687,15,71,71,5,27,5,70,4,11,0,2022-07-04T07:49:28,803,13.39795,1656910177.146613,2022-07-04T07:49:37,802714,13.378566666666668,4947.212934251735
1656910176,840000,3521650,15,71,71,5,27,5,70,232,11,0,2022-07-04T07:49:36,811,13.530666666666667,1656910187.065984,2022-07-04T07:49:47,810677,13.511283333333333,4996.802308651668
1656910190,871000,3535681,15,71,71,5,27,5,70,116,11,0,2022-07-04T07:49:50,825,13.764516666666667,1656910197.4849958,2022-07-04T07:49:57,824708,13.745133333333333,5085.330165168017
1656910214,866000,3559676,15,71,71,5,27,5,70,24,11,0,2022-07-04T07:50:14,849,14.164433333333333,1656910221.866376,2022-07-04T07:50:21,848703,14.14505,5235.669992798973
1656910226,866000,3571676,15,71,71,5,27,5,70,111,11,0,2022-07-04T07:50:26,861,14.364433333333332,1656910235.374384,2022-07-04T07:50:35,860703,14.345049999999999,5310.963280758853
1656910238,839000,3583650,15,71,71,5,27,5,70,194,11,0,2022-07-04T07:50:38,873,14.563983333333335,1656910246.144913,2022-07-04T07:50:46,872677,14.544616666666666,5419.899666284452
1656910262,878000,3607689,15,71,71,5,27,5,70,103,11,0,2022-07-04T07:51:02,897,14.964633333333333,1656910270.694108,2022-07-04T07:51:10,896716,14.945266666666667,5547.367360987926
1656910287,857000,3632667,15,71,71,5,27,5,70,46,11,0,2022-07-04T07:51:27,922,15.38095,1656910294.473928,2022-07-04T07:51:34,921694,15.361566666666667,5700.987738940884
1656910298,815000,3643626,15,71,71,5,27,5,70,96,11,0,2022-07-04T07:51:38,933,15.563583333333334,1656910305.424664,2022-07-04T07:51:45,932653,15.544216666666667,5763.028617717063
1656910310,802000,3655612,15,71,71,5,27,5,70,181,11,0,2022-07-04T07:51:50,945,15.763366666666666,1656910319.112836,2022-07-04T07:51:59,944639,15.743983333333334,5829.3698430969225
1656910321,815000,3666626,15,71,71,5,27,5,70,240,11,0,2022-07-04T07:52:01,956,15.946916666666668,1656910329.3029249,2022-07-04T07:52:09,955653,15.92755,5906.722524010955
1656910333,804000,3678614,15,71,71,5,27,5,70,71,11,0,2022-07-04T07:52:13,968,16.146733333333334,1656910339.972229,2022-07-04T07:52:19,967641,16.12735,5986.0164020076445
1656910353,829000,3698639,15,71,71,5,27,5,70,118,11,0,2022-07-04T07:52:33,988,16.480483333333332,1656910363.774173,2022-07-04T07:52:43,987666,16.461100000000002,6110.435218184622
1656910366,840000,3711650,15,71,71,5,27,5,70,234,11,0,2022-07-04T07:52:46,1001,16.697333333333333,1656910376.883877,2022-07-04T07:52:56,1000677,16.67795,6189.063815251865
1656910379,848000,3724658,15,71,71,5,27,5,70,94,11,0,2022-07-04T07:52:59,1014,16.914133333333332,1656910387.7527368,2022-07-04T07:53:07,1013685,16.89475,6265.158769364686
1656910390,858000,3735669,15,71,71,5,27,5,70,149,11,0,2022-07-04T07:53:10,1025,17.09763333333333,1656910397.6764889,2022-07-04T07:53:17,1024696,17.078266666666664,6330.6167989947835
1656910401,840000,3746650,15,71,71,5,27,5,70,199,11,0,2022-07-04T07:53:21,1036,17.280666666666665,1656910411.101485,2022-07-04T07:53:31,1035677,17.26128333333333,6395.740151104601
1656910412,857000,3757667,15,71,71,5,27,5,70,1,11,0,2022-07-04T07:53:32,1047,17.464283333333334,1656910421.512873,2022-07-04T07:53:41,1046694,17.4449,6461.873078469669
1656910427,822000,3772633,15,71,71,5,27,5,70,173,11,0,2022-07-04T07:53:47,1062,17.7137,1656910435.292356,2022-07-04T07:53:55,1061660,17.694333333333336,6559.69648226299
1656910439,848000,3784658,15,71,71,5,27,5,70,1,11,0,2022-07-04T07:53:59,1074,17.914133333333332,1656910445.8801079,2022-07-04T07:54:05,1073685,17.89475,6632.55834747272
1656910450,872000,3795683,15,71,71,5,27,5,70,52,11,0,2022-07-04T07:54:10,1085,18.09786666666667,1656910459.7199368,2022-07-04T07:54:19,1084710,18.078500000000002,6704.725021289547
1656910459,851000,3804662,15,71,71,5,27,5,70,51,11,0,2022-07-04T07:54:19,1094,18.24751666666667,1656910469.979776,2022-07-04T07:54:29,1093689,18.228150000000003,6758.292674279314
1656910484,800000,3829611,15,71,71,5,27,5,70,253,11,0,2022-07-04T07:54:44,1119,18.663333333333334,1656910493.6506689,2022-07-04T07:54:53,1118638,18.643966666666664,6914.3233356581
1656910495,847000,3840657,15,71,71,5,27,5,70,51,11,0,2022-07-04T07:54:55,1130,18.84745,1656910504.49178,2022-07-04T07:55:04,1129684,18.828066666666665,6973.4010814435405
1656910507,830000,3852641,15,71,71,5,27,5,70,130,11,0,2022-07-04T07:55:07,1142,19.047166666666666,1656910518.249693,2022-07-04T07:55:18,1141668,19.0278,7046.182768993429
1656910519,809000,3864620,15,71,71,5,27,5,70,217,11,0,2022-07-04T07:55:19,1154,19.246816666666668,1656910528.389833,2022-07-04T07:55:28,1153647,19.227449999999997,7117.330399601486
1656910531,802000,3876612,15,71,71,5,27,5,70,48,11,0,2022-07-04T07:55:31,1166,19.4467,1656910538.970589,2022-07-04T07:55:38,1165639,19.427316666666666,7189.427632511922
1656910544,805000,3889615,15,71,71,5,27,5,70,160,11,0,2022-07-04T07:55:44,1179,19.663416666666667,1656910552.538513,2022-07-04T07:55:52,1178642,19.644033333333333,7264.11156183725
1656910556,787000,3901598,15,71,71,5,27,5,70,236,11,0,2022-07-04T07:55:56,1191,19.863116666666667,1656910563.22158,2022-07-04T07:56:03,1190625,19.84375,7339.645782687282
1656910580,809000,3925620,15,71,71,5,27,5,70,155,11,0,2022-07-04T07:56:20,1215,20.263483333333333,1656910587.1766999,2022-07-04T07:56:27,1214647,20.244116666666667,7513.891155392824
1656910592,823000,3937633,15,71,71,5,27,5,70,239,11,0,2022-07-04T07:56:32,1227,20.463716666666667,1656910600.7813969,2022-07-04T07:56:40,1226660,20.444333333333336,7596.561602331425
1656910604,803000,3949614,15,71,71,5,27,5,70,63,11,0,2022-07-04T07:56:44,1239,20.663383333333336,1656910611.53004,2022-07-04T07:56:51,1238641,20.64401666666667,7672.3035447140965
1656910615,774000,3960585,15,71,71,5,27,5,70,118,11,0,2022-07-04T07:56:55,1250,20.84623333333333,1656910622.2469208,2022-07-04T07:57:02,1249612,20.826866666666668,7739.381351805532
1656910627,809000,3972620,15,71,71,5,27,5,70,206,11,0,2022-07-04T07:57:07,1262,21.046816666666665,1656910635.9477959,2022-07-04T07:57:15,1261647,21.027449999999998,7810.922012086527
1656910639,849000,3984659,15,71,71,5,27,5,70,38,11,0,2022-07-04T07:57:19,1274,21.24748333333333,1656910646.7767289,2022-07-04T07:57:26,1273686,21.228099999999998,7886.220650120196
1656910650,857000,3995668,15,71,71,5,27,5,70,90,11,0,2022-07-04T07:57:30,1285,21.43095,1656910660.416672,2022-07-04T07:57:40,1284695,21.411583333333333,7952.27270807957
1656910659,827000,4004639,15,71,71,5,27,5,70,83,11,0,2022-07-04T07:57:39,1294,21.58045,1656910670.206701,2022-07-04T07:57:50,1293666,21.5611,8006.8202305538425
1656910669,821000,4014632,15,71,71,5,27,5,70,113,11,0,2022-07-04T07:57:49,1304,21.747016666666664,1656910684.177397,2022-07-04T07:58:04,1303659,21.72765,8071.626656769314
1656910686,793000,4031604,15,71,71,5,27,5,70,87,11,0,2022-07-04T07:58:06,1321,22.02988333333333,1656910694.576097,2022-07-04T07:58:14,1320631,22.010516666666668,8194.995558822351
1656910695,871000,4040682,15,71,71,5,27,5,70,90,11,0,2022-07-04T07:58:15,1330,22.181183333333333,1656910704.7462409,2022-07-04T07:58:24,1329709,22.161816666666667,8252.28472242162
1656910721,805000,4066616,15,71,71,5,27,5,70,51,11,0,2022-07-04T07:58:41,1356,22.61341666666667,1656910729.238373,2022-07-04T07:58:49,1355643,22.59405,8417.786725369242
1656910733,779000,4078591,15,71,71,5,27,5,70,138,11,0,2022-07-04T07:58:53,1368,22.81298333333333,1656910742.987156,2022-07-04T07:59:02,1367618,22.793633333333332,8498.056828079441
1656910746,835000,4091647,15,71,71,5,27,5,70,255,11,0,2022-07-04T07:59:06,1381,23.030583333333333,1656910753.666297,2022-07-04T07:59:13,1380674,23.011233333333333,8581.29270416196
1656910758,813000,4103624,15,71,71,5,27,5,70,77,11,0,2022-07-04T07:59:18,1393,23.230216666666667,1656910764.035652,2022-07-04T07:59:24,1392651,23.21085,8667.1056717965
1656910804,805000,4149617,15,71,71,5,27,5,70,104,11,0,2022-07-04T08:00:04,1439,23.996750000000002,1656910812.533861,2022-07-04T08:00:12,1438644,23.9774,8957.701321648115
1656910810,822000,4155634,15,71,71,5,27,5,70,14,11,0,2022-07-04T08:00:10,1445,24.097033333333332,1656910822.454412,2022-07-04T08:00:22,1444661,24.077683333333333,8992.908292153143
1656910826,829000,4171641,15,71,71,5,27,5,70,211,11,0,2022-07-04T08:00:26,1461,24.363816666666665,1656910836.2693489,2022-07-04T08:00:36,1460668,24.344466666666666,9105.943061146125
1656910837,838000,4182651,15,71,71,5,27,5,70,14,11,0,2022-07-04T08:00:37,1472,24.5473,1656910847.035168,2022-07-04T08:00:47,1471678,24.527966666666668,9186.94515998176
1656910850,826000,4195638,15,71,71,5,27,5,70,130,11,0,2022-07-04T08:00:50,1485,24.763766666666665,1656910860.4341888,2022-07-04T08:01:00,1484665,24.744416666666666,9266.015494882255
1656910863,827000,4208639,15,71,71,5,27,5,70,236,11,0,2022-07-04T08:01:03,1498,24.98045,1656910871.1136808,2022-07-04T08:01:11,1497666,24.9611,9337.81368686235
1656910876,829000,4221642,15,71,71,5,27,5,70,92,11,0,2022-07-04T08:01:16,1511,25.19715,1656910885.254508,2022-07-04T08:01:25,1510669,25.17781666666667,9413.82566682887
1656910887,856000,4232668,16,71,71,5,27,5,70,151,11,0,2022-07-04T08:01:27,1522,25.380933333333335,1656910895.292577,2022-07-04T08:01:35,1521695,25.361583333333332,9488.827819580923
1656910898,823000,4243635,16,71,71,5,27,5,70,209,11,0,2022-07-04T08:01:38,1533,25.563716666666668,1656910905.662413,2022-07-04T08:01:45,1532662,25.54436666666667,9574.301809448958
1656910908,849000,4253661,16,71,71,5,27,5,70,236,11,0,2022-07-04T08:01:48,1543,25.730816666666666,1656910918.502573,2022-07-04T08:01:58,1542688,25.71146666666667,9649.98168290077
1656910921,814000,4266627,16,71,71,5,27,5,70,86,11,0,2022-07-04T08:02:01,1556,25.946900000000003,1656910930.072605,2022-07-04T08:02:10,1555654,25.927566666666667,9731.752823149329
1656910933,844000,4278657,16,71,71,5,27,5,70,174,11,0,2022-07-04T08:02:13,1568,26.1474,1656910940.324,2022-07-04T08:02:20,1567684,26.128066666666665,9805.333562597314
1656910945,826000,4290640,16,71,71,5,27,5,70,5,11,0,2022-07-04T08:02:25,1580,26.3471,1656910954.7926168,2022-07-04T08:02:34,1579667,26.327783333333333,9894.722362359551
1656910957,851000,4302664,16,71,71,5,27,5,70,89,11,0,2022-07-04T08:02:37,1592,26.54751666666667,1656910964.973996,2022-07-04T08:02:44,1591691,26.528183333333335,9988.662833692548
1656910969,839000,4314652,16,71,71,5,27,5,70,167,11,0,2022-07-04T08:02:49,1604,26.747316666666666,1656910978.991376,2022-07-04T08:02:58,1603679,26.727983333333334,10065.752743383591
1656910982,828000,4327642,16,71,71,5,27,5,70,26,11,0,2022-07-04T08:03:02,1617,26.9638,1656910989.6873,2022-07-04T08:03:09,1616669,26.944483333333334,10146.395024176218
1656911004,801000,4349615,16,71,71,5,27,5,70,143,11,0,2022-07-04T08:03:24,1639,27.330016666666666,1656911014.072221,2022-07-04T08:03:34,1638642,27.3107,10305.081166984623
1656911017,881000,4362695,16,71,71,5,27,5,70,253,11,0,2022-07-04T08:03:37,1652,27.54801666666667,1656911024.0816798,2022-07-04T08:03:44,1651722,27.5287,10408.22861842639
1656911029,820000,4374634,16,71,71,5,27,5,70,76,11,0,2022-07-04T08:03:49,1664,27.747,1656911037.64114,2022-07-04T08:03:57,1663661,27.727683333333335,10487.03996235915
1656911036,848000,4381662,16,71,71,5,27,5,70,21,11,0,2022-07-04T08:03:56,1671,27.86413333333333,1656911048.240437,2022-07-04T08:04:08,1670689,27.844816666666667,10539.866877532362
1656911052,852000,4397667,16,71,71,5,27,5,70,223,11,0,2022-07-04T08:04:12,1687,28.13086666666667,1656911061.9995968,2022-07-04T08:04:21,1686694,28.111566666666665,10638.8502405273
1656911063,851000,4408666,16,71,71,5,27,5,70,22,11,0,2022-07-04T08:04:23,1698,28.314183333333336,1656911072.5105848,2022-07-04T08:04:32,1697693,28.294883333333335,10699.077262005792
1656911075,831000,4420645,16,71,71,5,27,5,70,100,11,0,2022-07-04T08:04:35,1710,28.513849999999998,1656911085.7439048,2022-07-04T08:04:45,1709672,28.494533333333333,10759.687042819465
1656911089,816000,4434631,16,71,71,5,27,5,70,243,11,0,2022-07-04T08:04:49,1724,28.746933333333335,1656911096.51036,2022-07-04T08:04:56,1723658,28.727633333333333,10842.922558456132
1656911095,846000,4440661,16,71,71,5,27,5,70,159,11,0,2022-07-04T08:04:55,1730,28.847433333333335,1656911106.6486878,2022-07-04T08:05:06,1729688,28.828133333333334,10878.905056550644
1656911110,831000,4455646,16,71,71,5,27,5,70,76,11,0,2022-07-04T08:05:10,1745,29.09718333333333,1656911120.0398169,2022-07-04T08:05:20,1744673,29.077883333333332,10981.232763661603
1656911134,832000,4479647,15,71,71,5,27,5,70,237,11,0,2022-07-04T08:05:34,1769,29.497200000000003,1656911144.439,2022-07-04T08:05:44,1768674,29.477899999999998,11136.260741859576
1656911146,813000,4491628,15,71,71,5,27,5,70,68,11,0,2022-07-04T08:05:46,1781,29.696883333333336,1656911155.048164,2022-07-04T08:05:55,1780655,29.677583333333335,11213.97805518004
1656911157,825000,4502640,15,71,71,5,27,5,70,127,11,0,2022-07-04T08:05:57,1792,29.88041666666667,1656911165.627537,2022-07-04T08:06:05,1791667,29.861116666666664,11275.295774262573
1656911168,830000,4513646,15,71,71,5,27,5,70,182,11,0,2022-07-04T08:06:08,1803,30.06383333333333,1656911179.058456,2022-07-04T08:06:19,1802673,30.04455,11332.847057212915
1656911181,834000,4526650,15,71,71,5,27,5,70,31,11,0,2022-07-04T08:06:21,1816,30.28056666666667,1656911189.750288,2022-07-04T08:06:29,1815677,30.26128333333333,11405.00705325164
1656911194,835000,4539651,15,71,71,5,27,5,70,147,11,0,2022-07-04T08:06:34,1829,30.49725,1656911203.617864,2022-07-04T08:06:43,1828678,30.477966666666667,11477.685566561893
1656911205,854000,4550670,15,71,71,5,27,5,70,206,11,0,2022-07-04T08:06:45,1840,30.6809,1656911213.846937,2022-07-04T08:06:53,1839697,30.661616666666664,11542.25035712398
1656911219,776000,4564592,15,71,71,5,27,5,70,89,11,0,2022-07-04T08:06:59,1854,30.912933333333335,1656911224.728116,2022-07-04T08:07:04,1853619,30.893649999999997,11619.850006290118
1656911230,834000,4575650,15,71,71,5,27,5,70,140,11,0,2022-07-04T08:07:10,1865,31.097233333333335,1656911238.7375438,2022-07-04T08:07:18,1864677,31.077949999999998,11685.748694685328
1656911242,811000,4587628,15,71,71,5,27,5,70,226,11,0,2022-07-04T08:07:22,1877,31.29685,1656911249.477265,2022-07-04T08:07:29,1876655,31.277583333333332,11764.723572516543
1656911254,788000,4599604,14,71,71,5,27,5,70,57,11,0,2022-07-04T08:07:34,1889,31.496466666666667,1656911263.0979998,2022-07-04T08:07:43,1888631,31.477183333333336,11842.188741450535
1656911266,825000,4611642,14,71,71,5,27,5,70,145,11,0,2022-07-04T08:07:46,1901,31.697083333333335,1656911273.825789,2022-07-04T08:07:53,1900669,31.67781666666667,11915.874527357098
1656911279,807000,4624624,14,71,71,5,27,5,70,252,11,0,2022-07-04T08:07:59,1914,31.91345,1656911287.6364448,2022-07-04T08:08:07,1913651,31.894183333333334,11998.179551683075
1656911290,822000,4635639,14,71,71,5,27,5,70,50,11,0,2022-07-04T08:08:10,1925,32.09703333333333,1656911298.475764,2022-07-04T08:08:18,1924666,32.07776666666667,12068.205538077507
1656911313,832000,4658649,14,71,71,5,27,5,70,196,11,0,2022-07-04T08:08:33,1948,32.480533333333334,1656911323.1683679,2022-07-04T08:08:43,1947676,32.46126666666667,12197.90320388269
1656911326,826000,4671643,14,71,71,5,27,5,70,51,11,0,2022-07-04T08:08:46,1961,32.6971,1656911333.815765,2022-07-04T08:08:53,1960670,32.67783333333333,12285.529420490506
1656911331,865000,4676682,14,71,71,5,27,5,70,190,11,0,2022-07-04T08:08:51,1966,32.781083333333335,1656911347.074293,2022-07-04T08:09:07,1965709,32.76181666666667,12314.543443488468
1656911350,775000,4695592,14,71,71,5,27,5,70,215,11,0,2022-07-04T08:09:10,1985,33.096250000000005,1656911357.564904,2022-07-04T08:09:17,1984619,33.07698333333333,12413.96820361485
1656911362,797000,4707615,14,71,71,5,27,5,70,47,11,0,2022-07-04T08:09:22,1997,33.296616666666665,1656911371.3241599,2022-07-04T08:09:31,1996642,33.277366666666666,12501.900469489885
1656911384,804000,4729622,15,71,71,5,27,5,70,156,11,0,2022-07-04T08:09:44,2019,33.6634,1656911396.0835679,2022-07-04T08:09:56,2018649,33.644149999999996,12634.537944876749
1656911397,811000,4742629,15,71,71,5,27,5,70,11,11,0,2022-07-04T08:09:57,2032,33.880183333333335,1656911406.564908,2022-07-04T08:10:06,2031656,33.860933333333335,12707.14664062763
1656911404,851000,4749670,15,71,71,5,27,5,70,212,11,0,2022-07-04T08:10:04,2039,33.99751666666667,1656911417.2033439,2022-07-04T08:10:17,2038697,33.97828333333333,12750.377462420243
1656911421,834000,4766652,15,71,71,5,27,5,70,186,11,0,2022-07-04T08:10:21,2056,34.280566666666665,1656911431.1032689,2022-07-04T08:10:31,2055679,34.261316666666666,12870.831394798979
1656911434,828000,4779646,15,71,71,5,27,5,70,38,11,0,2022-07-04T08:10:34,2069,34.49713333333333,1656911442.032857,2022-07-04T08:10:42,2068673,34.47788333333333,12950.081027342658
1656911446,865000,4791683,15,71,71,5,27,5,70,119,11,0,2022-07-04T08:10:46,2081,34.69775,1656911456.0348198,2022-07-04T08:10:56,2080710,34.6785,13023.90210185626
1656911471,877000,4816696,15,71,71,5,27,5,70,66,11,0,2022-07-04T08:11:11,2106,35.11461666666666,1656911480.1821969,2022-07-04T08:11:20,2105723,35.09538333333333,13162.415294538037
1656911482,868000,4827687,15,71,71,5,27,5,70,120,11,0,2022-07-04T08:11:22,2117,35.2978,1656911490.632525,2022-07-04T08:11:30,2116714,35.27856666666666,13214.360293676975
1656911495,821000,4840641,15,71,71,5,27,5,70,225,11,0,2022-07-04T08:11:35,2130,35.51368333333333,1656911501.7145479,2022-07-04T08:11:41,2129668,35.49446666666667,13277.848064390872
1656911507,858000,4852677,15,71,71,5,27,5,70,57,11,0,2022-07-04T08:11:47,2142,35.7143,1656911515.761576,2022-07-04T08:11:55,2141704,35.69506666666667,13341.744215186904
1656911519,855000,4864674,15,71,71,5,27,5,70,144,11,0,2022-07-04T08:11:59,2154,35.91425,1656911526.744088,2022-07-04T08:12:06,2153701,35.89501666666667,13411.816672798761
1656911531,861000,4876681,15,71,71,5,27,5,70,227,11,0,2022-07-04T08:12:11,2166,36.114349999999995,1656911540.8413649,2022-07-04T08:12:20,2165708,36.09513333333334,13476.591001226136
1656911540,836000,4885655,15,71,71,5,27,5,70,219,11,0,2022-07-04T08:12:20,2175,36.26393333333333,1656911551.4420118,2022-07-04T08:12:31,2174682,36.244699999999995,13516.681709641922
1656911554,859000,4899679,15,71,71,5,27,5,70,107,11,0,2022-07-04T08:12:34,2189,36.49765,1656911565.1217759,2022-07-04T08:12:45,2188706,36.478433333333335,13575.19696970765
1656911566,789000,4911609,15,71,71,5,27,5,70,193,11,0,2022-07-04T08:12:46,2201,36.69648333333334,1656911575.2905278,2022-07-04T08:12:55,2200636,36.67726666666667,13624.226625640347
1656911602,848000,4947669,15,71,71,5,27,5,70,186,11,0,2022-07-04T08:13:22,2237,37.297466666666665,1656911609.859509,2022-07-04T08:13:29,2236696,37.27826666666667,13794.608501075409
1656911609,786000,4954606,15,71,71,5,27,5,70,129,11,0,2022-07-04T08:13:29,2244,37.4131,1656911623.6794598,2022-07-04T08:13:43,2243633,37.39388333333333,13841.052233985562
1656911624,823000,4969643,15,71,71,5,28,5,70,47,11,0,2022-07-04T08:13:44,2259,37.663716666666666,1656911634.1392848,2022-07-04T08:13:54,2258670,37.6445,13944.723365097809
1656911637,818000,4982639,15,71,71,5,28,5,70,154,11,0,2022-07-04T08:13:57,2272,37.880300000000005,1656911644.459152,2022-07-04T08:14:04,2271666,37.8611,14072.66743112608
1656911649,846000,4994667,15,71,71,5,28,5,70,237,11,0,2022-07-04T08:14:09,2284,38.08076666666667,1656911658.416533,2022-07-04T08:14:18,2283694,38.061566666666664,14111.82513946279
1656911662,857000,5007678,15,71,71,5,28,5,70,97,11,0,2022-07-04T08:14:22,2297,38.29761666666666,1656911668.698464,2022-07-04T08:14:28,2296705,38.278416666666665,14167.301685243443
1656911671,840000,5016661,15,71,71,5,28,5,70,98,11,0,2022-07-04T08:14:31,2306,38.44733333333333,1656911682.238653,2022-07-04T08:14:42,2305688,38.428133333333335,14207.571007122624
1656911685,843000,5030664,15,71,71,5,28,5,70,237,11,0,2022-07-04T08:14:45,2320,38.68071666666666,1656911693.158376,2022-07-04T08:14:53,2319691,38.661516666666664,14267.032784000354
1656911720,187000,5066008,15,71,71,5,28,5,70,162,11,0,2022-07-04T08:15:20,2355,39.25311666666666,1656911730.3973289,2022-07-04T08:15:30,2355035,39.25058333333333,14427.129933147993
1656911732,828000,5077649,15,71,71,5,28,5,70,238,11,0,2022-07-04T08:15:32,2367,39.4638,1656911744.477257,2022-07-04T08:15:44,2366676,39.4446,14487.199837290265
1656911746,819000,5091641,15,71,71,5,28,5,70,116,11,0,2022-07-04T08:15:46,2381,39.696983333333336,1656911755.228612,2022-07-04T08:15:55,2380668,39.677800000000005,14558.707837764305
1656911757,832000,5102654,15,71,71,5,28,5,70,175,11,0,2022-07-04T08:15:57,2392,39.88053333333333,1656911765.5896358,2022-07-04T08:16:05,2391681,39.86135,14619.157665803765
1656911770,847000,5115669,15,71,71,5,28,5,70,35,11,0,2022-07-04T08:16:10,2405,40.09745,1656911779.257185,2022-07-04T08:16:19,2404696,40.078266666666664,14691.839404615026
1656911795,840000,5140663,15,71,71,5,28,5,70,225,11,0,2022-07-04T08:16:35,2430,40.514,1656911803.8860009,2022-07-04T08:16:43,2429690,40.49483333333333,14826.037116752339
1656911802,828000,5147651,15,71,71,5,28,5,70,168,11,0,2022-07-04T08:16:42,2437,40.63046666666666,1656911814.506588,2022-07-04T08:16:54,2436678,40.6113,14862.285470597819
1656911820,824000,5165646,15,71,71,5,28,5,70,171,11,0,2022-07-04T08:17:00,2455,40.9304,1656911828.4080958,2022-07-04T08:17:08,2454673,40.91121666666666,14959.331061775372
1656911828,855000,5173678,14,71,71,5,28,5,70,144,11,0,2022-07-04T08:17:08,2463,41.06425,1656911838.88568,2022-07-04T08:17:18,2462705,41.04508333333333,15009.531563936824
1656911843,843000,5188665,14,71,71,5,28,5,70,50,11,0,2022-07-04T08:17:23,2478,41.314049999999995,1656911852.9369159,2022-07-04T08:17:32,2477692,41.294866666666664,15142.224667458713
1656911854,868000,5199691,14,71,71,5,28,5,70,106,11,0,2022-07-04T08:17:34,2489,41.4978,1656911863.0363169,2022-07-04T08:17:43,2488718,41.47863333333333,15207.525460615645
1656911866,829000,5211652,14,71,71,5,28,5,70,192,11,0,2022-07-04T08:17:46,2501,41.69715,1656911874.496584,2022-07-04T08:17:54,2500679,41.67798333333334,15265.793449029046
1656911879,829000,5224652,14,71,71,5,28,5,70,52,11,0,2022-07-04T08:17:59,2514,41.91381666666667,1656911887.81438,2022-07-04T08:18:07,2513679,41.89465,15327.567311004303
1656911891,850000,5236673,14,71,71,5,28,5,70,131,11,0,2022-07-04T08:18:11,2526,42.11416666666666,1656911898.424361,2022-07-04T08:18:18,2525700,42.095,15394.853775715426
1656911896,848000,5241671,14,71,71,5,28,5,70,13,11,0,2022-07-04T08:18:16,2531,42.197466666666664,1656911911.9093049,2022-07-04T08:18:31,2530698,42.1783,15429.935501896238
1656911912,811000,5257634,14,71,71,5,28,5,70,213,11,0,2022-07-04T08:18:32,2547,42.46351666666667,1656911922.4353008,2022-07-04T08:18:42,2546661,42.44435,15530.701933189224
1656911925,859000,5270682,14,71,71,5,28,5,70,74,11,0,2022-07-04T08:18:45,2560,42.68098333333333,1656911933.334652,2022-07-04T08:18:53,2559709,42.66181666666667,15610.151667198239
1656911949,827000,5294651,14,71,71,5,28,5,70,234,11,0,2022-07-04T08:19:09,2584,43.080450000000006,1656911957.8933558,2022-07-04T08:19:17,2583678,43.061299999999996,15721.061540156117
1656911961,861000,5306685,14,71,71,5,28,5,70,66,11,0,2022-07-04T08:19:21,2596,43.281016666666666,1656911971.076432,2022-07-04T08:19:31,2595712,43.26186666666667,15777.449337991846
1656911974,828000,5319652,14,71,71,5,28,5,70,181,11,0,2022-07-04T08:19:34,2609,43.49713333333333,1656911982.362957,2022-07-04T08:19:42,2608679,43.477983333333334,15852.32589348169
1656911985,828000,5330652,14,71,71,5,28,5,70,236,11,0,2022-07-04T08:19:45,2620,43.68046666666667,1656911991.9134839,2022-07-04T08:19:51,2619679,43.66131666666667,15908.218095629545
1656911997,816000,5342640,14,71,71,6,28,6,70,59,11,0,2022-07-04T08:19:57,2632,43.880266666666664,1656912005.9626038,2022-07-04T08:20:05,2631667,43.86111666666667,15968.405002330786
1656912006,836000,5351660,14,71,71,6,28,6,70,59,11,0,2022-07-04T08:20:06,2641,44.0306,1656912016.732285,2022-07-04T08:20:16,2640687,44.011449999999996,16009.358962162458
1656912021,828000,5366653,14,71,71,6,28,6,70,232,11,0,2022-07-04T08:20:21,2656,44.28046666666667,1656912030.6229968,2022-07-04T08:20:30,2655680,44.26133333333333,16076.195191159952
1656912029,832000,5374657,14,71,71,6,28,6,70,205,11,0,2022-07-04T08:20:29,2664,44.413866666666664,1656912041.123013,2022-07-04T08:20:41,2663684,44.394733333333335,16112.46332119342
1656912056,860000,5401685,14,71,71,6,28,6,70,195,11,0,2022-07-04T08:20:56,2691,44.864333333333335,1656912065.961268,2022-07-04T08:21:05,2690712,44.8452,16228.581700627627
1656912069,829000,5414654,14,71,71,6,28,6,70,54,11,0,2022-07-04T08:21:09,2704,45.08048333333333,1656912079.941145,2022-07-04T08:21:19,2703681,45.06135,16285.622259393187
1656912081,819000,5426645,14,71,71,6,28,6,70,141,11,0,2022-07-04T08:21:21,2716,45.280316666666664,1656912090.1516519,2022-07-04T08:21:30,2715672,45.2612,16341.214905428282
1656912093,855000,5438681,14,71,71,6,28,6,70,223,11,0,2022-07-04T08:21:33,2728,45.480916666666666,1656912100.8118799,2022-07-04T08:21:40,2727708,45.461800000000004,16394.579380217652
1656912106,824000,5451649,14,71,71,6,28,6,70,74,11,0,2022-07-04T08:21:46,2741,45.697066666666665,1656912114.6105359,2022-07-04T08:21:54,2740676,45.677933333333335,16457.273461737834
1656912117,800000,5462626,14,71,71,6,28,6,70,132,11,0,2022-07-04T08:21:57,2752,45.88,1656912125.2003639,2022-07-04T08:22:05,2751653,45.86088333333333,16511.629957997957
1656912129,867000,5474693,14,71,71,6,28,6,70,220,11,0,2022-07-04T08:22:09,2764,46.08111666666667,1656912139.052317,2022-07-04T08:22:19,2763720,46.062,16570.141087085467
1656912140,849000,5485675,14,71,71,6,28,6,70,16,11,0,2022-07-04T08:22:20,2775,46.26415,1656912149.600196,2022-07-04T08:22:29,2774702,46.24503333333334,16624.74978615779
1656912152,845000,5497671,14,71,71,6,28,6,70,95,11,0,2022-07-04T08:22:32,2787,46.46408333333333,1656912163.3619769,2022-07-04T08:22:43,2786698,46.444966666666666,16684.053627563753
1656912163,854000,5508680,14,71,71,6,28,6,70,154,11,0,2022-07-04T08:22:43,2798,46.64756666666666,1656912173.340956,2022-07-04T08:22:53,2797707,46.62845,16754.756525899225
1656912175,820000,5520646,14,71,71,6,28,6,70,241,11,0,2022-07-04T08:22:55,2810,46.847,1656912184.02016,2022-07-04T08:23:04,2809673,46.82788333333333,16857.74330319411
1656912188,856000,5533682,14,71,71,6,28,6,70,98,11,0,2022-07-04T08:23:08,2823,47.06426666666667,1656912197.449136,2022-07-04T08:23:17,2822709,47.04515,16993.789486312246
1656912200,858000,5545684,14,71,71,6,28,6,70,176,11,0,2022-07-04T08:23:20,2835,47.264300000000006,1656912208.069177,2022-07-04T08:23:28,2834711,47.24518333333333,17095.602366922296
1656912225,848000,5570674,14,71,71,6,28,6,70,123,11,0,2022-07-04T08:23:45,2860,47.6808,1656912232.449249,2022-07-04T08:23:52,2859701,47.661683333333336,17316.04559162473
1656912232,840000,5577667,14,71,71,6,28,6,70,67,11,0,2022-07-04T08:23:52,2867,47.797333333333334,1656912243.040613,2022-07-04T08:24:03,2866694,47.77823333333333,17371.610636430483
1656912247,821000,5592648,14,71,71,6,28,6,70,230,11,0,2022-07-04T08:24:07,2882,48.047016666666664,1656912256.369972,2022-07-04T08:24:16,2881675,48.02791666666667,17448.87705120701
1656912257,828000,5602655,14,71,71,6,28,6,70,255,11,0,2022-07-04T08:24:17,2892,48.2138,1656912266.772024,2022-07-04T08:24:26,2891682,48.1947,17498.22427900766
1656912271,852000,5616679,14,71,71,6,28,6,70,144,11,0,2022-07-04T08:24:31,2906,48.44753333333333,1656912281.1010559,2022-07-04T08:24:41,2905706,48.42843333333334,17554.98259915075
1656912282,816000,5627643,14,71,71,6,28,6,70,202,11,0,2022-07-04T08:24:42,2917,48.630266666666664,1656912291.192173,2022-07-04T08:24:51,2916670,48.61116666666667,17606.056718066284
1656912307,854000,5652681,14,71,71,6,28,6,70,136,11,0,2022-07-04T08:25:07,2942,49.04756666666666,1656912315.302505,2022-07-04T08:25:15,2941708,49.02846666666667,17714.537558215263
1656912330,850000,5675677,14,71,71,6,28,6,70,26,11,0,2022-07-04T08:25:30,2965,49.43083333333333,1656912342.4939718,2022-07-04T08:25:42,2964704,49.41173333333334,17815.489294910964
1656912343,836000,5688663,14,71,71,6,28,6,70,138,11,0,2022-07-04T08:25:43,2978,49.64726666666666,1656912353.185149,2022-07-04T08:25:53,2977690,49.628166666666665,17874.846256054705
1656912356,841000,5701669,14,71,71,6,28,6,70,244,11,0,2022-07-04T08:25:56,2991,49.864016666666664,1656912363.644353,2022-07-04T08:26:03,2990696,49.84493333333333,17933.54469452385
1656912368,823000,5713651,14,71,71,6,28,6,70,75,11,0,2022-07-04T08:26:08,3003,50.063716666666664,1656912377.436364,2022-07-04T08:26:17,3002678,50.04463333333333,17988.64910639311
1656912379,868000,5724696,14,71,71,6,28,6,70,134,11,0,2022-07-04T08:26:19,3014,50.2478,1656912389.835413,2022-07-04T08:26:29,3013723,50.228716666666664,18045.023990214984
1656912393,860000,5738688,14,71,71,6,28,6,70,18,11,0,2022-07-04T08:26:33,3028,50.481,1656912404.205812,2022-07-04T08:26:44,3027715,50.46191666666667,18118.296830003903
1656912405,860000,5750688,14,71,71,6,28,6,70,95,11,0,2022-07-04T08:26:45,3040,50.681000000000004,1656912414.1959488,2022-07-04T08:26:54,3039715,50.66191666666667,18180.235588155436
1656912418,858000,5763686,14,71,71,6,28,6,70,211,11,0,2022-07-04T08:26:58,3053,50.89763333333334,1656912424.716385,2022-07-04T08:27:04,3052713,50.878550000000004,18242.527771649096
1656912427,818000,5772647,14,71,71,6,28,6,70,212,11,0,2022-07-04T08:27:07,3062,51.04696666666667,1656912438.189936,2022-07-04T08:27:18,3061674,51.0279,18288.659101934136
1656912440,858000,5785687,14,71,71,6,28,6,70,73,11,0,2022-07-04T08:27:20,3075,51.264300000000006,1656912448.937273,2022-07-04T08:27:28,3074714,51.24523333333333,18358.584162584903
1656912448,802000,5793631,14,71,71,6,28,6,70,39,11,0,2022-07-04T08:27:28,3083,51.3967,1656912462.768512,2022-07-04T08:27:42,3082658,51.37763333333333,18395.726056591717
1656912463,839000,5808667,14,71,71,6,28,6,70,205,11,0,2022-07-04T08:27:43,3098,51.64731666666667,1656912473.3187518,2022-07-04T08:27:53,3097694,51.628233333333334,18466.735458564875
1656912473,816000,5818645,14,71,71,6,28,6,70,235,11,0,2022-07-04T08:27:53,3108,51.813599999999994,1656912486.9683878,2022-07-04T08:28:06,3107672,51.794533333333334,18513.784195316926
1656912488,849000,5833678,14,71,71,6,28,6,70,153,11,0,2022-07-04T08:28:08,3123,52.064150000000005,1656912497.299636,2022-07-04T08:28:17,3122705,52.04508333333333,18579.157150305848
1656912500,859000,5845688,14,71,71,6,28,6,70,237,11,0,2022-07-04T08:28:20,3135,52.264316666666666,1656912507.8022199,2022-07-04T08:28:27,3134715,52.245250000000006,18634.91488495038
1656912513,812000,5858641,14,71,71,6,28,6,70,86,11,0,2022-07-04T08:28:33,3148,52.480199999999996,1656912521.5819168,2022-07-04T08:28:41,3147668,52.461133333333336,18694.525539392183
1656912521,817000,5866646,14,71,71,6,28,6,70,59,11,0,2022-07-04T08:28:41,3156,52.613616666666665,1656912532.3803048,2022-07-04T08:28:52,3155673,52.59455,18732.466211013227
1656912536,813000,5881643,14,71,71,6,28,6,70,232,11,0,2022-07-04T08:28:56,3171,52.863550000000004,1656912546.050696,2022-07-04T08:29:06,3170670,52.844500000000004,18806.302478687125
1656912561,841000,5906670,14,71,71,6,28,6,70,166,11,0,2022-07-04T08:29:21,3196,53.28068333333333,1656912570.7830758,2022-07-04T08:29:30,3195697,53.26161666666667,18922.457536127382
1656912572,847000,5917677,14,71,71,7,28,7,70,224,11,0,2022-07-04T08:29:32,3207,53.46411666666667,1656912581.661432,2022-07-04T08:29:41,3206704,53.44506666666667,18975.354561850298
1656912579,861000,5924690,14,71,71,7,28,7,70,168,11,0,2022-07-04T08:29:39,3214,53.58101666666666,1656912592.041157,2022-07-04T08:29:52,3213717,53.56195,19008.663194076962
1656912596,837000,5941667,14,71,71,7,28,7,70,136,11,0,2022-07-04T08:29:56,3231,53.86395,1656912605.4016528,2022-07-04T08:30:05,3230694,53.8449,19084.762527713436
1656912621,828000,5966658,14,71,71,7,28,7,70,74,11,0,2022-07-04T08:30:21,3256,54.28046666666667,1656912630.062108,2022-07-04T08:30:30,3255685,54.26141666666667,19196.08515756125
1656912633,816000,5978646,14,71,71,7,28,7,70,161,11,0,2022-07-04T08:30:33,3268,54.480266666666665,1656912640.641389,2022-07-04T08:30:40,3267673,54.461216666666665,19261.2311867756
1656912644,825000,5989655,14,71,71,7,28,7,70,216,11,0,2022-07-04T08:30:44,3279,54.66375,1656912654.5631368,2022-07-04T08:30:54,3278682,54.64469999999999,19321.00931610835
1656912656,836000,6001666,14,71,71,7,28,7,70,37,11,0,2022-07-04T08:30:56,3291,54.86393333333333,1656912665.2029278,2022-07-04T08:31:05,3290693,54.844883333333335,19365.007644192247
1656912668,794000,6013624,14,71,71,7,28,7,70,123,11,0,2022-07-04T08:31:08,3303,55.06323333333333,1656912675.792945,2022-07-04T08:31:15,3302651,55.04418333333333,19424.58074444102
1656912680,797000,6025627,14,71,71,7,28,7,70,210,11,0,2022-07-04T08:31:20,3315,55.263283333333334,1656912689.6126919,2022-07-04T08:31:29,3314654,55.244233333333334,19483.950816919412
1656912693,806000,6038636,14,71,71,7,28,7,70,66,11,0,2022-07-04T08:31:33,3328,55.4801,1656912700.032445,2022-07-04T08:31:40,3327663,55.46105,19549.215413829377
1656912704,785000,6049616,14,71,71,7,28,7,70,114,11,0,2022-07-04T08:31:44,3339,55.66308333333333,1656912713.024169,2022-07-04T08:31:53,3338643,55.64405,19604.1187607994
1656912715,786000,6060617,14,71,71,7,28,7,70,172,11,0,2022-07-04T08:31:55,3350,55.84643333333334,1656912723.904208,2022-07-04T08:32:03,3349644,55.8274,19658.664358238966
1656912727,793000,6072623,14,71,71,7,28,7,70,3,11,0,2022-07-04T08:32:07,3362,56.04655,1656912734.5627759,2022-07-04T08:32:14,3361650,56.0275,19720.609406282645
1656912739,771000,6084602,14,71,71,7,28,7,70,86,11,0,2022-07-04T08:32:19,3374,56.246183333333335,1656912748.4128158,2022-07-04T08:32:28,3373629,56.22715,19776.319189764694
1656912762,792000,6107623,14,71,71,7,28,7,70,222,11,0,2022-07-04T08:32:42,3397,56.629866666666665,1656912772.8334088,2022-07-04T08:32:52,3396650,56.61083333333333,19884.72336091588
1656912773,822000,6118653,14,71,71,7,28,7,70,25,11,0,2022-07-04T08:32:53,3408,56.813700000000004,1656912782.823212,2022-07-04T08:33:02,3407680,56.794666666666664,19932.665991433685
1656912785,763000,6130594,14,71,71,7,28,7,70,107,11,0,2022-07-04T08:33:05,3420,57.01271666666666,1656912792.973516,2022-07-04T08:33:12,3419621,56.99368333333334,19987.01008683636
1656912798,786000,6143617,14,71,71,7,28,7,70,215,11,0,2022-07-04T08:33:18,3433,57.22976666666667,1656912806.9434888,2022-07-04T08:33:26,3432644,57.21073333333333,20045.704964575143
1656912810,787000,6155618,14,71,71,7,28,7,70,45,11,0,2022-07-04T08:33:30,3445,57.42978333333333,1656912817.7944078,2022-07-04T08:33:37,3444645,57.41075,20101.33520046131
1656912820,787000,6165618,14,71,71,7,28,7,70,75,11,0,2022-07-04T08:33:40,3455,57.59645,1656912831.2037208,2022-07-04T08:33:51,3454645,57.577416666666664,20144.418576764012
1656912830,807000,6175638,14,71,71,7,28,7,70,105,11,0,2022-07-04T08:33:50,3465,57.76345,1656912841.858453,2022-07-04T08:34:01,3464665,57.744416666666666,20197.227581962525
1656912841,781000,6186612,14,71,71,7,28,7,70,156,11,0,2022-07-04T08:34:01,3476,57.94635,1656912851.7240689,2022-07-04T08:34:11,3475639,57.92731666666667,20259.44462967646
1656912855,773000,6200605,14,71,71,7,28,7,70,38,11,0,2022-07-04T08:34:15,3490,58.17955,1656912864.844596,2022-07-04T08:34:24,3489632,58.16053333333333,20313.059764533074
1656912867,762000,6212593,14,71,71,7,28,7,70,125,11,0,2022-07-04T08:34:27,3502,58.37936666666667,1656912875.387285,2022-07-04T08:34:35,3501620,58.36033333333333,20368.11923987283
1656912872,767000,6217598,14,71,71,7,28,7,70,12,11,0,2022-07-04T08:34:32,3507,58.46278333333333,1656912885.365176,2022-07-04T08:34:45,3506625,58.44375,20388.929041444768
1656912889,758000,6234590,14,71,71,7,28,7,70,236,11,0,2022-07-04T08:34:49,3524,58.74596666666666,1656912898.975117,2022-07-04T08:34:58,3523617,58.72695,20470.75849774799
1656912902,790000,6247621,14,71,71,7,28,7,70,89,11,0,2022-07-04T08:35:02,3537,58.963166666666666,1656912909.734848,2022-07-04T08:35:09,3536648,58.94413333333333,20541.811178053573
1656912914,786000,6259618,14,71,71,7,28,7,70,176,11,0,2022-07-04T08:35:14,3549,59.1631,1656912923.315264,2022-07-04T08:35:23,3548645,59.144083333333334,20599.757532120955
1656912926,772000,6271604,14,71,71,7,28,7,70,7,11,0,2022-07-04T08:35:26,3561,59.36286666666667,1656912933.955752,2022-07-04T08:35:33,3560631,59.343849999999996,20662.23898298245
1656912937,792000,6282623,14,71,71,7,28,7,70,60,11,0,2022-07-04T08:35:37,3572,59.54653333333333,1656912947.54478,2022-07-04T08:35:47,3571650,59.5275,20719.334479063284
1656912949,810000,6294642,14,71,71,7,28,7,70,139,11,0,2022-07-04T08:35:49,3584,59.746833333333335,1656912957.703572,2022-07-04T08:35:57,3583669,59.72781666666666,20783.25473327861
1656912956,790000,6301622,14,71,71,7,28,7,70,83,11,0,2022-07-04T08:35:56,3591,59.863166666666665,1656912968.396128,2022-07-04T08:36:08,3590649,59.84415,20825.69413185306
1656912973,820000,6318652,14,71,71,7,28,7,70,58,11,0,2022-07-04T08:36:13,3608,60.147000000000006,1656912982.3855329,2022-07-04T08:36:22,3607679,60.12798333333333,20916.0926645676
1656912985,807000,6330639,14,71,71,7,28,7,70,141,11,0,2022-07-04T08:36:25,3620,60.34678333333333,1656912992.895457,2022-07-04T08:36:32,3619666,60.32776666666667,20985.737360839965
1656912998,823000,6343655,14,71,71,7,28,7,70,248,11,0,2022-07-04T08:36:38,3633,60.563716666666664,1656913006.585656,2022-07-04T08:36:46,3632682,60.5447,21062.865505547772
1656913010,813000,6355645,14,71,71,7,28,7,70,79,11,0,2022-07-04T08:36:50,3645,60.76355,1656913017.246412,2022-07-04T08:36:57,3644672,60.74453333333334,21127.106266966483
1656913022,799000,6367631,14,71,71,7,28,7,70,166,11,0,2022-07-04T08:37:02,3657,60.963316666666664,1656913030.75528,2022-07-04T08:37:10,3656658,60.9443,21189.079700729144
1656913033,799000,6378632,15,71,71,7,28,7,70,221,11,0,2022-07-04T08:37:13,3668,61.14665,1656913041.00824,2022-07-04T08:37:21,3667659,61.12765,21247.341611156997
1656913045,836000,6390668,15,71,71,7,28,7,70,47,11,0,2022-07-04T08:37:25,3680,61.34726666666666,1656913055.2558799,2022-07-04T08:37:35,3679695,61.328250000000004,21309.981559009077
1656913068,838000,6413671,15,71,71,7,28,7,70,189,11,0,2022-07-04T08:37:48,3703,61.73063333333334,1656913076.706668,2022-07-04T08:37:56,3702698,61.71163333333333,21421.373250303037
1656913081,790000,6426623,15,71,71,7,28,7,70,48,11,0,2022-07-04T08:38:01,3716,61.9465,1656913090.775549,2022-07-04T08:38:10,3715650,61.9275,21482.176610042374
1656913093,817000,6438650,15,71,71,7,28,7,70,129,11,0,2022-07-04T08:38:13,3728,62.14695,1656913101.505641,2022-07-04T08:38:21,3727677,62.127950000000006,21542.933870363926
1656913105,812000,6450645,16,71,71,7,28,7,70,209,11,0,2022-07-04T08:38:25,3740,62.34686666666666,1656913114.538013,2022-07-04T08:38:34,3739672,62.327866666666665,21598.217783929493
1656913117,801000,6462634,16,71,71,7,28,7,70,40,11,0,2022-07-04T08:38:37,3752,62.546683333333334,1656913125.296556,2022-07-04T08:38:45,3751661,62.527683333333336,21653.52912099979
1656913129,823000,6474656,16,71,71,7,28,7,70,127,11,0,2022-07-04T08:38:49,3764,62.747049999999994,1656913139.1272209,2022-07-04T08:38:59,3763683,62.72805,21705.56342106551
1656913141,793000,6486626,16,71,71,7,28,7,70,205,11,0,2022-07-04T08:39:01,3776,62.94655,1656913149.80686,2022-07-04T08:39:09,3775653,62.92755,21769.855278616018
1656913153,828000,6498661,16,71,71,7,28,7,70,31,11,0,2022-07-04T08:39:13,3788,63.147133333333336,1656913160.476593,2022-07-04T08:39:20,3787688,63.12813333333334,21825.911693617185
1656913181,794000,6526627,16,71,71,7,28,7,70,59,11,0,2022-07-04T08:39:41,3816,63.61323333333333,1656913197.6662478,2022-07-04T08:39:57,3815654,63.594233333333335,21968.64091186793
1656913199,805000,6544638,16,71,71,7,28,7,70,52,11,0,2022-07-04T08:39:59,3834,63.91341666666666,1656913207.586468,2022-07-04T08:40:07,3833665,63.894416666666665,22065.841314129684
1656913222,808000,6567641,16,71,71,7,28,7,70,197,11,0,2022-07-04T08:40:22,3857,64.2968,1656913231.926184,2022-07-04T08:40:31,3856668,64.2778,22186.369563276032
1656913233,823000,6578656,16,71,71,7,28,7,70,251,11,0,2022-07-04T08:40:33,3868,64.48038333333334,1656913242.456805,2022-07-04T08:40:42,3867683,64.46138333333333,22250.72700189693
1656913246,820000,6591654,16,71,71,7,28,7,70,102,11,0,2022-07-04T08:40:46,3881,64.697,1656913256.186064,2022-07-04T08:40:56,3880681,64.67801666666666,22328.27609945491
1656913258,812000,6603646,16,71,71,7,28,7,70,189,11,0,2022-07-04T08:40:58,3893,64.89686666666667,1656913266.9264278,2022-07-04T08:41:06,3892673,64.87788333333333,22396.842397932065
1656913282,804000,6627638,16,71,71,7,28,7,70,101,11,0,2022-07-04T08:41:22,3917,65.29673333333334,1656913291.057152,2022-07-04T08:41:31,3916665,65.27775,22532.95995722444
1656913293,833000,6638666,16,71,71,7,28,7,70,153,11,0,2022-07-04T08:41:33,3928,65.48055000000001,1656913301.436452,2022-07-04T08:41:41,3927693,65.46155,22599.787177325394
1656913304,789000,6649622,16,71,71,7,28,7,70,211,11,0,2022-07-04T08:41:44,3939,65.66315,1656913315.017284,2022-07-04T08:41:55,3938649,65.64415,22658.045139116137
1656913316,840000,6661674,16,71,71,7,28,7,70,43,11,0,2022-07-04T08:41:56,3951,65.864,1656913325.686101,2022-07-04T08:42:05,3950701,65.84501666666667,22721.38509217404
1656913323,839000,6668672,16,71,71,7,28,7,70,243,11,0,2022-07-04T08:42:03,3958,65.98065,1656913335.786212,2022-07-04T08:42:15,3957699,65.96165,22758.876518991347
1656913349,804000,6694638,16,71,71,7,28,7,70,204,11,0,2022-07-04T08:42:29,3984,66.4134,1656913360.027045,2022-07-04T08:42:40,3983665,66.39441666666667,22894.429545454546
1656913364,789000,6709623,16,71,71,7,28,7,70,120,11,0,2022-07-04T08:42:44,3999,66.66315,1656913373.77616,2022-07-04T08:42:53,3998650,66.64416666666666,22974.994940483597
1656913377,801000,6722635,16,71,71,7,28,7,70,232,11,0,2022-07-04T08:42:57,4012,66.88001666666666,1656913384.44694,2022-07-04T08:43:04,4011662,66.86103333333332,23033.020374239062
1656913388,823000,6733657,15,71,71,7,28,7,70,25,11,0,2022-07-04T08:43:08,4023,67.06371666666666,1656913398.266309,2022-07-04T08:43:18,4022684,67.04473333333334,23083.91056171746
1656913401,796000,6746630,15,71,71,7,28,7,70,140,11,0,2022-07-04T08:43:21,4036,67.27993333333333,1656913408.938045,2022-07-04T08:43:28,4035657,67.26095000000001,23143.903201150286
1656913407,831000,6752665,15,71,71,7,28,7,70,56,11,0,2022-07-04T08:43:27,4042,67.38051666666667,1656913418.896245,2022-07-04T08:43:38,4041692,67.36153333333333,23179.54376388177
1656913423,838000,6768672,15,71,71,7,28,7,70,254,11,0,2022-07-04T08:43:43,4058,67.6473,1656913431.9262528,2022-07-04T08:43:51,4057699,67.62831666666666,23259.142672308742
1656913435,822000,6780656,15,71,71,7,28,7,70,76,11,0,2022-07-04T08:43:55,4070,67.84703333333333,1656913443.1085038,2022-07-04T08:44:03,4069683,67.82805,23320.727980905525
1656913459,830000,6804665,15,71,71,7,28,7,70,249,11,0,2022-07-04T08:44:19,4094,68.24716666666667,1656913466.776136,2022-07-04T08:44:26,4093692,68.2282,23447.48126232341
1656913471,798000,6816632,15,71,71,7,28,7,70,73,11,0,2022-07-04T08:44:31,4106,68.44663333333332,1656913480.556365,2022-07-04T08:44:40,4105659,68.42765,23512.775851483468
1656913482,794000,6827628,15,71,71,7,28,7,70,124,11,0,2022-07-04T08:44:42,4117,68.62989999999999,1656913491.377301,2022-07-04T08:44:51,4116655,68.61091666666667,23577.278812921864
1656913491,792000,6836626,15,71,71,7,28,7,70,125,11,0,2022-07-04T08:44:51,4126,68.77986666666668,1656913501.916013,2022-07-04T08:45:01,4125653,68.76088333333334,23628.06432499959
1656913507,818000,6852652,15,71,71,7,28,7,70,71,11,0,2022-07-04T08:45:07,4142,69.04696666666668,1656913515.4088569,2022-07-04T08:45:15,4141679,69.02798333333334,23712.04944846361
1656913518,815000,6863649,15,71,71,7,28,7,70,126,11,0,2022-07-04T08:45:18,4153,69.23025,1656913525.636545,2022-07-04T08:45:25,4152676,69.21126666666667,23767.64220672947
1656913530,808000,6875642,15,71,71,7,28,7,70,203,11,0,2022-07-04T08:45:30,4165,69.43013333333333,1656913539.116104,2022-07-04T08:45:39,4164669,69.41114999999999,23837.50122403027
1656913542,817000,6887652,15,71,71,7,28,7,70,34,11,0,2022-07-04T08:45:42,4177,69.63028333333334,1656913549.515812,2022-07-04T08:45:49,4176679,69.61131666666667,23912.887924428465
1656913564,808000,6909642,15,71,71,7,28,7,70,147,11,0,2022-07-04T08:46:04,4199,69.9968,1656913573.8761969,2022-07-04T08:46:13,4198669,69.97781666666667,24025.524562942217
1656913577,811000,6922646,15,71,71,7,28,7,70,253,11,0,2022-07-04T08:46:17,4212,70.21351666666666,1656913584.72924,2022-07-04T08:46:24,4211673,70.19454999999999,24114.072050946488
1656913589,818000,6934652,15,71,71,7,28,7,70,84,11,0,2022-07-04T08:46:29,4224,70.41363333333334,1656913597.907089,2022-07-04T08:46:37,4223679,70.39465,24160.577861245416
1656913601,790000,6946625,15,71,71,7,28,7,70,170,11,0,2022-07-04T08:46:41,4236,70.61316666666667,1656913608.966116,2022-07-04T08:46:48,4235652,70.5942,24232.855207842993
1656913611,779000,6956613,15,71,71,7,28,7,70,196,11,0,2022-07-04T08:46:51,4246,70.77965,1656913621.376956,2022-07-04T08:47:01,4245640,70.76066666666667,24281.135910133988
1656913624,783000,6969618,15,71,71,7,28,7,70,47,11,0,2022-07-04T08:47:04,4259,70.99638333333334,1656913632.245952,2022-07-04T08:47:12,4258645,70.97741666666667,24353.063296560435
1656913648,770000,6993605,15,71,71,7,28,7,70,219,11,0,2022-07-04T08:47:28,4283,71.39616666666667,1656913656.345813,2022-07-04T08:47:36,4282632,71.37719999999999,24476.09912168154
1656913659,812000,7004646,15,71,71,7,28,7,70,18,11,0,2022-07-04T08:47:39,4294,71.5802,1656913667.1258519,2022-07-04T08:47:47,4293673,71.56121666666667,24532.6183860376
1656913672,812000,7017646,15,71,71,7,28,7,70,124,11,0,2022-07-04T08:47:52,4307,71.79686666666666,1656913680.966141,2022-07-04T08:48:00,4306673,71.77788333333334,24596.231433424906
1656913684,792000,7029626,15,71,71,7,28,7,70,210,11,0,2022-07-04T08:48:04,4319,71.99653333333335,1656913691.876569,2022-07-04T08:48:11,4318653,71.97755000000001,24654.86510356838
1656913696,821000,7041656,15,71,71,7,28,7,70,41,11,0,2022-07-04T08:48:16,4331,72.19701666666667,1656913705.5358,2022-07-04T08:48:25,4330683,72.17805,24714.665494608555
1656913708,790000,7053624,15,71,71,7,28,7,70,120,11,0,2022-07-04T08:48:28,4343,72.3965,1656913715.966349,2022-07-04T08:48:35,4342651,72.37751666666666,24761.591374848504
1656913720,821000,7065655,15,71,71,7,28,7,70,202,11,0,2022-07-04T08:48:40,4355,72.59701666666666,1656913726.478145,2022-07-04T08:48:46,4354682,72.57803333333332,24821.844386592253
1656913742,838000,7087673,15,71,71,7,28,7,70,62,11,0,2022-07-04T08:49:02,4377,72.96396666666666,1656913750.465772,2022-07-04T08:49:10,4376700,72.945,24916.665274300212
1656913766,782000,7111617,15,71,71,8,28,8,70,221,11,0,2022-07-04T08:49:26,4401,73.36303333333333,1656913774.3862438,2022-07-04T08:49:34,4400644,73.34406666666668,25034.355686339575
1656913778,813000,7123647,15,71,71,8,28,8,70,52,11,0,2022-07-04T08:49:38,4413,73.56355,1656913784.936121,2022-07-04T08:49:44,4412674,73.54456666666667,25094.92757571409
1656913790,833000,7135667,15,71,71,8,28,8,70,135,11,0,2022-07-04T08:49:50,4425,73.76388333333333,1656913798.875701,2022-07-04T08:49:58,4424694,73.7449,25144.521965023636
1656913802,802000,7147637,15,71,71,8,28,8,70,212,11,0,2022-07-04T08:50:02,4437,73.96336666666666,1656913809.54566,2022-07-04T08:50:09,4436664,73.9444,25208.842294144208
1656913815,827000,7160661,15,71,71,8,28,8,70,72,11,0,2022-07-04T08:50:15,4450,74.18045000000001,1656913823.0259528,2022-07-04T08:50:23,4449688,74.16146666666667,25275.817890625003
1656913826,822000,7171656,15,71,71,8,28,8,70,130,11,0,2022-07-04T08:50:26,4461,74.36370000000001,1656913834.0961928,2022-07-04T08:50:34,4460683,74.34471666666667,25341.664119282566
1656913832,801000,7177636,15,71,71,8,28,8,70,41,11,0,2022-07-04T08:50:32,4467,74.46335,1656913847.2659159,2022-07-04T08:50:47,4466663,74.44438333333332,25384.185397570545
1656913849,826000,7194660,15,71,71,8,28,8,70,6,11,0,2022-07-04T08:50:49,4484,74.7471,1656913858.036849,2022-07-04T08:50:58,4483687,74.72811666666666,25471.11014456342
1656913858,810000,7203645,15,71,71,8,28,8,70,7,11,0,2022-07-04T08:50:58,4493,74.89683333333333,1656913868.556185,2022-07-04T08:51:08,4492672,74.87786666666666,25525.944315165936
1656913874,818000,7219653,15,71,71,8,28,8,70,208,11,0,2022-07-04T08:51:14,4509,75.16363333333334,1656913882.006012,2022-07-04T08:51:22,4508680,75.14466666666667,25620.567990291132
1656913886,828000,7231663,15,71,71,8,28,8,70,32,11,0,2022-07-04T08:51:26,4521,75.36380000000001,1656913892.815572,2022-07-04T08:51:32,4520690,75.34483333333333,25676.900638714393
1656913898,819000,7243654,15,71,71,8,28,8,70,113,11,0,2022-07-04T08:51:38,4533,75.56365000000001,1656913906.5161169,2022-07-04T08:51:46,4532681,75.54468333333332,25750.275211545853
1656913909,837000,7254671,15,71,71,8,28,8,70,172,11,0,2022-07-04T08:51:49,4544,75.74728333333334,1656913917.17676,2022-07-04T08:51:57,4543698,75.7283,25804.736088083097
1656913921,825000,7266659,15,71,71,8,28,8,70,3,11,0,2022-07-04T08:52:01,4556,75.94708333333332,1656913930.717128,2022-07-04T08:52:10,4555686,75.9281,25873.463787109147
1656913932,831000,7277665,15,71,71,8,28,8,70,58,11,0,2022-07-04T08:52:12,4567,76.13051666666667,1656913941.61562,2022-07-04T08:52:21,4566692,76.11153333333333,25923.219400366914
1656913943,800000,7288634,15,71,71,8,28,8,70,106,11,0,2022-07-04T08:52:23,4578,76.31333333333333,1656913950.916601,2022-07-04T08:52:30,4577661,76.29435,25974.257214185574
1656913955,831000,7300665,15,71,71,8,28,8,70,194,11,0,2022-07-04T08:52:35,4590,76.51385,1656913964.615517,2022-07-04T08:52:44,4589692,76.49486666666667,26046.466664066127
1656913967,818000,7312653,15,71,71,8,28,8,70,25,11,0,2022-07-04T08:52:47,4602,76.71363333333333,1656913975.239168,2022-07-04T08:52:55,4601680,76.69466666666668,26100.462619115948
1656913974,809000,7319643,15,71,71,8,28,8,70,225,11,0,2022-07-04T08:52:54,4609,76.83015,1656913988.9053168,2022-07-04T08:53:08,4608670,76.81116666666667,26138.08927125059
1656913991,835000,7336670,15,71,71,8,28,8,70,190,11,0,2022-07-04T08:53:11,4626,77.11391666666667,1656913999.5955799,2022-07-04T08:53:19,4625697,77.09495,26211.156383039175
1656914003,824000,7348659,15,71,71,8,28,8,70,17,11,0,2022-07-04T08:53:23,4638,77.31373333333333,1656914010.0770729,2022-07-04T08:53:30,4637686,77.29476666666666,26255.206400032737
1656914014,809000,7359644,15,71,71,8,28,8,70,75,11,0,2022-07-04T08:53:34,4649,77.49681666666667,1656914023.555393,2022-07-04T08:53:43,4648671,77.47785,26307.69276593543
1656914027,861000,7372696,15,71,71,8,29,8,70,191,11,0,2022-07-04T08:53:47,4662,77.71435,1656914034.4370089,2022-07-04T08:53:54,4661723,77.69538333333334,26366.69491298752
1656914039,832000,7384666,15,71,71,8,29,8,70,10,11,0,2022-07-04T08:53:59,4674,77.91386666666668,1656914048.386957,2022-07-04T08:54:08,4673693,77.89488333333334,26405.128123395305
1656914064,821000,7409656,15,71,71,8,29,8,70,210,11,0,2022-07-04T08:54:24,4699,78.33035,1656914072.9951248,2022-07-04T08:54:32,4698683,78.31138333333334,26486.69612813099
1656914075,816000,7420651,15,71,71,8,29,8,70,8,11,0,2022-07-04T08:54:35,4710,78.5136,1656914083.5556169,2022-07-04T08:54:43,4709678,78.49463333333333,26442.82044437427
1656914086,792000,7431627,15,71,71,8,29,8,70,57,11,0,2022-07-04T08:54:46,4721,78.69653333333333,1656914097.286269,2022-07-04T08:54:57,4720654,78.67756666666668,26199.613369637562
1656914097,826000,7442660,15,71,71,8,29,8,70,116,11,0,2022-07-04T08:54:57,4732,78.88043333333333,1656914107.5764,2022-07-04T08:55:07,4731687,78.86145,25788.89610918299
1656914105,788000,7450623,15,71,71,8,29,8,70,88,11,0,2022-07-04T08:55:05,4740,79.01313333333333,1656914117.535353,2022-07-04T08:55:17,4739650,78.99416666666666,25460.56575367696
1656914122,776000,7467610,15,71,71,8,29,8,70,58,11,0,2022-07-04T08:55:22,4757,79.29626666666667,1656914131.7465398,2022-07-04T08:55:31,4756637,79.27728333333333,24721.581025833126
1656914131,765000,7476599,15,71,71,8,29,8,70,52,11,0,2022-07-04T08:55:31,4766,79.44608333333333,1656914142.5655599,2022-07-04T08:55:42,4765626,79.42710000000001,24337.027096338774
1656914147,788000,7492622,15,71,71,8,29,8,70,252,11,0,2022-07-04T08:55:47,4782,79.71313333333333,1656914156.594985,2022-07-04T08:55:56,4781649,79.69415000000001,23656.4392449741
1656914157,848000,7502682,15,71,71,8,29,8,70,27,11,0,2022-07-04T08:55:57,4792,79.8808,1656914166.9657888,2022-07-04T08:56:06,4791709,79.86181666666667,23178.04708698898
1656914171,838000,7516672,15,71,71,8,29,8,70,167,11,0,2022-07-04T08:56:11,4806,80.11396666666666,1656914177.074913,2022-07-04T08:56:17,4805699,80.09498333333333,22671.839672925693
1656914183,843000,7528677,15,71,71,8,29,8,70,245,11,0,2022-07-04T08:56:23,4818,80.31405,1656914191.1952999,2022-07-04T08:56:31,4817704,80.29506666666666,22283.202375863464
1656914195,791000,7540626,15,71,71,8,29,8,70,75,11,0,2022-07-04T08:56:35,4830,80.51318333333333,1656914201.835104,2022-07-04T08:56:41,4829653,80.49421666666667,21870.479726478807
1656914204,838000,7549673,15,71,71,8,29,8,70,77,11,0,2022-07-04T08:56:44,4839,80.66396666666667,1656914214.6261759,2022-07-04T08:56:54,4838700,80.645,21553.720007198528
1656914225,811000,7570645,15,71,71,8,29,8,70,156,11,0,2022-07-04T08:57:05,4860,81.01351666666666,1656914235.695425,2022-07-04T08:57:15,4859672,80.99453333333332,20875.434816600453
1656914241,841000,7586676,15,71,71,8,29,8,70,97,11,0,2022-07-04T08:57:21,4876,81.28068333333334,1656914249.68656,2022-07-04T08:57:29,4875703,81.26171666666667,20390.415683351574
1656914252,818000,7597653,15,71,71,8,29,8,70,155,11,0,2022-07-04T08:57:32,4887,81.46363333333333,1656914260.155668,2022-07-04T08:57:40,4886680,81.44466666666668,20067.443746298548
1656914264,868000,7609703,15,71,71,8,29,8,70,243,11,0,2022-07-04T08:57:44,4899,81.66446666666667,1656914273.777704,2022-07-04T08:57:53,4898730,81.6455,19727.833795771225
1656914277,835000,7622669,15,71,71,8,29,8,70,90,11,0,2022-07-04T08:57:57,4912,81.88058333333333,1656914284.4054968,2022-07-04T08:58:04,4911696,81.8616,19367.14952598477
1656914301,839000,7646674,15,71,71,8,29,8,70,7,11,0,2022-07-04T08:58:21,4936,82.28065,1656914308.8253489,2022-07-04T08:58:28,4935701,82.26168333333334,18727.41389729458
1656914312,810000,7657644,15,71,71,8,29,8,70,61,11,0,2022-07-04T08:58:32,4947,82.46350000000001,1656914322.6965768,2022-07-04T08:58:42,4946671,82.44451666666667,18450.196793785868
1656914324,804000,7669639,15,71,71,8,29,8,70,141,11,0,2022-07-04T08:58:44,4959,82.6634,1656914333.046085,2022-07-04T08:58:53,4958666,82.64443333333334,18148.938656278213
1656914336,841000,7681675,15,71,71,8,29,8,70,226,11,0,2022-07-04T08:58:56,4971,82.86401666666667,1656914343.396952,2022-07-04T08:59:03,4970702,82.84503333333333,17855.212994326415
1656914348,839000,7693674,15,71,71,8,29,8,70,57,11,0,2022-07-04T08:59:08,4983,83.06398333333333,1656914357.138201,2022-07-04T08:59:17,4982701,83.04501666666667,17570.90084353605
1656914360,838000,7705671,15,71,71,8,29,8,70,144,11,0,2022-07-04T08:59:20,4995,83.26396666666666,1656914368.026021,2022-07-04T08:59:28,4994698,83.24496666666667,17290.843816521312
1656914372,817000,7717650,15,71,71,8,29,8,70,222,11,0,2022-07-04T08:59:32,5007,83.46361666666667,1656914381.6884968,2022-07-04T08:59:41,5006677,83.44461666666666,17017.89175073247
1656914384,803000,7729636,15,71,71,8,29,8,70,48,11,0,2022-07-04T08:59:44,5019,83.66338333333333,1656914392.2276208,2022-07-04T08:59:52,5018663,83.64438333333332,16749.28370098994
1656914396,799000,7741632,15,71,71,8,29,8,70,135,11,0,2022-07-04T08:59:56,5031,83.86331666666666,1656914406.047813,2022-07-04T09:00:06,5030659,83.84431666666666,16484.46914966682
1656914406,813000,7751646,15,71,71,8,29,8,70,165,11,0,2022-07-04T09:00:06,5041,84.03021666666667,1656914415.62778,2022-07-04T09:00:15,5040673,84.01121666666667,16267.82219354842
1656914413,898000,7758731,15,71,71,8,29,8,70,111,11,0,2022-07-04T09:00:13,5048,84.1483,1656914426.0180478,2022-07-04T09:00:26,5047758,84.1293,16116.285579705056
1656914431,818000,7776650,15,71,71,8,29,8,70,99,11,0,2022-07-04T09:00:31,5066,84.44696666666667,1656914439.91734,2022-07-04T09:00:39,5065677,84.42795,15745.395880283677
1656914442,841000,7787673,15,71,71,8,29,8,70,158,11,0,2022-07-04T09:00:42,5077,84.63068333333334,1656914450.813021,2022-07-04T09:00:50,5076700,84.61166666666666,15584.174683834754
1656914450,849000,7795681,15,71,71,6,29,6,70,131,11,0,2022-07-04T09:00:50,5085,84.76415,1656914464.641844,2022-07-04T09:01:04,5084708,84.74513333333333,15445.984766791222
1656914479,836000,7824667,15,71,71,6,29,6,70,178,11,0,2022-07-04T09:01:19,5114,85.24726666666668,1656914485.918172,2022-07-04T09:01:25,5113694,85.22823333333334,14941.546479319684
1656914491,809000,7836641,15,71,71,6,29,6,70,8,11,0,2022-07-04T09:01:31,5126,85.44681666666666,1656914499.787832,2022-07-04T09:01:39,5125668,85.42779999999999,14739.54279677524
1656914503,848000,7848679,15,71,71,6,29,6,70,96,11,0,2022-07-04T09:01:43,5138,85.64746666666666,1656914510.707525,2022-07-04T09:01:50,5137706,85.62843333333333,14540.349545689474
1656914514,839000,7859670,15,71,71,6,29,6,70,151,11,0,2022-07-04T09:01:54,5149,85.83065,1656914523.707845,2022-07-04T09:02:03,5148697,85.81161666666667,14356.945109809616
1656914526,825000,7871657,15,71,71,6,29,6,70,228,11,0,2022-07-04T09:02:06,5161,86.03041666666667,1656914534.558785,2022-07-04T09:02:14,5160684,86.01140000000001,14161.738906331735
1656914539,830000,7884661,15,71,71,6,29,6,70,88,11,0,2022-07-04T09:02:19,5174,86.24716666666667,1656914548.4396648,2022-07-04T09:02:28,5173688,86.22813333333333,13955.729331129012
1656914551,839000,7896670,15,71,71,6,29,6,70,175,11,0,2022-07-04T09:02:31,5186,86.44731666666667,1656914559.010812,2022-07-04T09:02:39,5185697,86.42828333333334,13769.351488264372
1656914563,823000,7908654,15,71,71,6,29,6,70,2,11,0,2022-07-04T09:02:43,5198,86.64705000000001,1656914569.849736,2022-07-04T09:02:49,5197681,86.62801666666665,13585.838299473113
1656914575,796000,7920627,15,71,71,6,29,6,70,80,11,0,2022-07-04T09:02:55,5210,86.84660000000001,1656914583.748224,2022-07-04T09:03:03,5209654,86.82756666666667,13411.62656231584
1656914587,806000,7932637,15,71,71,6,29,6,70,167,11,0,2022-07-04T09:03:07,5222,87.04676666666666,1656914594.709105,2022-07-04T09:03:14,5221664,87.02773333333333,13233.993239259415
1656914600,809000,7945640,15,71,71,6,29,6,70,27,11,0,2022-07-04T09:03:20,5235,87.26348333333334,1656914608.550036,2022-07-04T09:03:28,5234667,87.24445,13046.78379102763
1656914610,846000,7955677,15,71,71,6,29,6,70,54,11,0,2022-07-04T09:03:30,5245,87.43076666666666,1656914619.1984248,2022-07-04T09:03:39,5244704,87.41173333333333,12903.40168278374
1656914622,875000,7967706,15,71,71,6,29,6,70,133,11,0,2022-07-04T09:03:42,5257,87.63125,1656914632.9293358,2022-07-04T09:03:52,5256733,87.61221666666667,12732.639490691989
1656914630,831000,7975662,15,71,71,6,29,6,70,103,11,0,2022-07-04T09:03:50,5265,87.76385,1656914642.608505,2022-07-04T09:04:02,5264689,87.74481666666667,12617.964416232033
1656914645,817000,7990648,15,71,71,6,29,6,70,20,11,0,2022-07-04T09:04:05,5280,88.01361666666666,1656914653.4297369,2022-07-04T09:04:13,5279675,87.99458333333334,12403.354537326815
1656914669,821000,8014652,15,71,71,6,29,6,70,188,11,0,2022-07-04T09:04:29,5304,88.41368333333334,1656914677.308477,2022-07-04T09:04:37,5303679,88.39465,12067.976589772534
1656914681,806000,8026637,15,71,71,6,29,6,70,12,11,0,2022-07-04T09:04:41,5316,88.61343333333333,1656914691.460381,2022-07-04T09:04:51,5315664,88.5944,11909.014724273651
1656914694,821000,8039651,15,71,71,6,29,6,70,128,11,0,2022-07-04T09:04:54,5329,88.83035,1656914703.160241,2022-07-04T09:05:03,5328678,88.8113,11738.520995225894
1656914706,864000,8051694,15,71,71,6,29,6,70,216,11,0,2022-07-04T09:05:06,5341,89.03106666666666,1656914717.182268,2022-07-04T09:05:17,5340721,89.01201666666665,11581.834834870348
1656914719,819000,8064650,15,71,71,6,29,6,70,68,11,0,2022-07-04T09:05:19,5354,89.24698333333335,1656914727.8989558,2022-07-04T09:05:27,5353677,89.22794999999999,11414.118726587038
1656914731,811000,8076641,15,71,71,6,29,6,70,148,11,0,2022-07-04T09:05:31,5366,89.44685,1656914738.628913,2022-07-04T09:05:38,5365668,89.42779999999999,11258.814547260468
1656914744,847000,8089677,15,71,71,6,29,6,70,8,11,0,2022-07-04T09:05:44,5379,89.66411666666666,1656914752.9287329,2022-07-04T09:05:52,5378704,89.64506666666666,11093.27741171571
1656914756,843000,8101673,15,71,71,6,29,6,70,95,11,0,2022-07-04T09:05:56,5391,89.86404999999999,1656914763.809424,2022-07-04T09:06:03,5390700,89.845,10943.97505827072
1656914768,826000,8113656,15,71,71,6,29,6,70,175,11,0,2022-07-04T09:06:08,5403,90.06376666666667,1656914778.178817,2022-07-04T09:06:18,5402683,90.04471666666667,10799.08383140104
1656914781,846000,8126676,15,71,71,6,29,6,70,29,11,0,2022-07-04T09:06:21,5416,90.28076666666666,1656914789.17976,2022-07-04T09:06:29,5415703,90.26171666666667,10642.125184140974
1656914794,803000,8139632,15,71,71,6,29,6,70,144,11,0,2022-07-04T09:06:34,5429,90.49671666666667,1656914803.278705,2022-07-04T09:06:43,5428659,90.47765,10486.783647974544
1656914805,829000,8150659,15,71,71,6,29,6,70,203,11,0,2022-07-04T09:06:45,5440,90.68048333333333,1656914813.458433,2022-07-04T09:06:53,5439686,90.66143333333333,10357.167245660186
1656914819,803000,8164633,15,71,71,6,29,6,70,82,11,0,2022-07-04T09:06:59,5454,90.91338333333333,1656914828.20094,2022-07-04T09:07:08,5453660,90.89433333333334,10192.84052376989
1656914831,843000,8176672,15,71,71,6,29,6,70,165,11,0,2022-07-04T09:07:11,5466,91.11404999999999,1656914839.0096369,2022-07-04T09:07:19,5465699,91.09498333333333,10051.662761536069
1656914844,811000,8189641,15,71,71,6,29,6,70,24,11,0,2022-07-04T09:07:24,5479,91.33018333333332,1656914849.968564,2022-07-04T09:07:29,5478668,91.31113333333333,9898.929997993348
1656914856,853000,8201682,15,71,71,6,29,6,70,112,11,0,2022-07-04T09:07:36,5491,91.53088333333334,1656914864.0485399,2022-07-04T09:07:44,5490709,91.51181666666666,9761.514449610017
1656914868,827000,8213656,15,71,71,6,29,6,70,191,11,0,2022-07-04T09:07:48,5503,91.73045,1656914875.158537,2022-07-04T09:07:55,5502683,91.71138333333333,9623.813532473903
1656914880,819000,8225649,15,71,71,6,29,6,70,15,11,0,2022-07-04T09:08:00,5515,91.93031666666667,1656914889.5986,2022-07-04T09:08:09,5514676,91.91126666666668,9487.711141758102
1656914892,822000,8237652,15,71,71,6,29,6,70,102,11,0,2022-07-04T09:08:12,5527,92.13036666666667,1656914900.8788118,2022-07-04T09:08:20,5526679,92.11131666666667,9350.767455443793
1656914905,837000,8250666,15,71,71,6,29,6,70,218,11,0,2022-07-04T09:08:25,5540,92.34728333333334,1656914915.5584838,2022-07-04T09:08:35,5539693,92.32821666666668,9205.74307950795
1656914917,836000,8262665,15,71,71,6,29,6,70,42,11,0,2022-07-04T09:08:37,5552,92.54726666666667,1656914925.6785848,2022-07-04T09:08:45,5551692,92.5282,9072.578865615906
1656914930,824000,8275653,15,71,71,6,29,6,70,151,11,0,2022-07-04T09:08:50,5565,92.76373333333332,1656914940.388309,2022-07-04T09:09:00,5564680,92.74466666666667,8931.020836610616
1656914942,849000,8287678,15,71,71,6,29,6,70,238,11,0,2022-07-04T09:09:02,5577,92.96415,1656914951.490553,2022-07-04T09:09:11,5576705,92.94508333333333,8800.48977959626
1656914955,827000,8300655,15,71,71,6,29,6,70,93,11,0,2022-07-04T09:09:15,5590,93.18045000000001,1656914965.9314969,2022-07-04T09:09:25,5589682,93.16136666666667,8660.999463060458
1656914968,837000,8313666,15,71,71,6,29,6,70,200,11,0,2022-07-04T09:09:28,5603,93.39728333333333,1656914976.7893999,2022-07-04T09:09:36,5602693,93.37821666666667,8522.17384564958
1656914980,838000,8325666,15,71,71,6,29,6,70,30,11,0,2022-07-04T09:09:40,5615,93.59729999999999,1656914987.798521,2022-07-04T09:09:47,5614693,93.57821666666668,8392.468064727027
1656914994,834000,8339662,15,71,71,6,29,6,70,174,11,0,2022-07-04T09:09:54,5629,93.83056666666667,1656915002.070168,2022-07-04T09:10:02,5628689,93.81148333333334,8245.446387031296
1656915005,844000,8350673,15,71,71,6,29,6,70,229,11,0,2022-07-04T09:10:05,5640,94.01406666666666,1656915012.8484359,2022-07-04T09:10:12,5639700,93.99499999999999,8131.675006808785
1656915018,860000,8363688,15,71,71,6,29,6,70,79,11,0,2022-07-04T09:10:18,5653,94.231,1656915027.029981,2022-07-04T09:10:27,5652715,94.21191666666667,7998.110559611607
1656915030,824000,8375652,15,71,71,6,29,6,70,165,11,0,2022-07-04T09:10:30,5665,94.43039999999999,1656915037.977932,2022-07-04T09:10:37,5664679,94.41131666666666,7877.271609942379
1656915041,816000,8386644,15,71,71,6,29,6,70,223,11,0,2022-07-04T09:10:41,5676,94.61359999999999,1656915052.179633,2022-07-04T09:10:52,5675671,94.59451666666668,7766.470715217819
1656915056,835000,8401663,15,71,71,6,29,6,70,135,11,0,2022-07-04T09:10:56,5691,94.86391666666667,1656915063.489161,2022-07-04T09:11:03,5690690,94.84483333333333,7613.032846624699
1656915068,888000,8413715,15,71,71,6,29,6,70,215,11,0,2022-07-04T09:11:08,5703,95.0648,1656915077.487725,2022-07-04T09:11:17,5702742,95.0457,7491.930959141123
1656915081,822000,8426649,15,71,71,6,29,6,70,73,11,0,2022-07-04T09:11:21,5716,95.28036666666667,1656915088.418701,2022-07-04T09:11:28,5715676,95.26126666666667,7364.377506437821
1656915092,812000,8437639,15,71,71,6,29,6,70,131,11,0,2022-07-04T09:11:32,5727,95.46353333333333,1656915102.478164,2022-07-04T09:11:42,5726666,95.44443333333334,7259.091975532276
1656915105,818000,8450645,15,71,71,6,29,6,70,240,11,0,2022-07-04T09:11:45,5740,95.6803,1656915113.142433,2022-07-04T09:11:53,5739672,95.6612,7130.078444388895
1656915117,918000,8462745,15,71,71,6,29,6,70,66,11,0,2022-07-04T09:11:57,5752,95.88196666666666,1656915123.938817,2022-07-04T09:12:03,5751772,95.86286666666666,7012.9525422969355
1656915129,820000,8474647,15,71,71,6,29,6,70,151,11,0,2022-07-04T09:12:09,5764,96.08033333333333,1656915138.1774359,2022-07-04T09:12:18,5763674,96.06123333333333,6898.860476476223
1656915141,818000,8486645,15,71,71,6,29,6,70,238,11,0,2022-07-04T09:12:21,5776,96.2803,1656915149.199945,2022-07-04T09:12:29,5775672,96.26119999999999,6786.483779857596
1656915153,836000,8498663,15,71,71,6,29,6,70,65,11,0,2022-07-04T09:12:33,5788,96.48060000000001,1656915163.1681519,2022-07-04T09:12:43,5787690,96.46149999999999,6673.140482441506
1656915166,799000,8511626,15,71,71,6,29,6,70,172,11,0,2022-07-04T09:12:46,5801,96.69665,1656915174.2082639,2022-07-04T09:12:54,5800653,96.67755000000001,6551.282295760197
1656915180,842000,8525669,15,71,71,6,29,6,70,61,11,0,2022-07-04T09:13:00,5815,96.93069999999999,1656915188.867472,2022-07-04T09:13:08,5814696,96.91159999999999,6418.8085426709495
1656915193,853000,8538680,15,71,71,6,29,6,70,177,11,0,2022-07-04T09:13:13,5828,97.14755,1656915199.618048,2022-07-04T09:13:19,5827707,97.12845,6295.705402676564
1656915205,784000,8550610,15,71,71,6,29,6,70,255,11,0,2022-07-04T09:13:25,5840,97.34639999999999,1656915213.738421,2022-07-04T09:13:33,5839637,97.32728333333333,6188.133756446842
1656915217,889000,8562716,15,71,71,6,29,6,70,82,11,0,2022-07-04T09:13:37,5852,97.54815,1656915224.467053,2022-07-04T09:13:44,5851743,97.52905000000001,6076.747875181382
1656915230,812000,8575639,15,71,71,6,29,6,70,196,11,0,2022-07-04T09:13:50,5865,97.76353333333333,1656915238.657428,2022-07-04T09:13:58,5864666,97.74443333333333,5963.218261425172
1656915242,813000,8587640,15,71,71,6,29,6,70,27,11,0,2022-07-04T09:14:02,5877,97.96355,1656915249.597301,2022-07-04T09:14:09,5876667,97.94445,5859.395514419788
1656915253,823000,8598650,15,71,71,6,29,6,70,79,11,0,2022-07-04T09:14:13,5888,98.14705000000001,1656915263.8371968,2022-07-04T09:14:23,5887677,98.12795,5763.5970344288135
1656915266,795000,8611622,15,71,71,6,29,6,70,188,11,0,2022-07-04T09:14:26,5901,98.36325000000001,1656915274.656956,2022-07-04T09:14:34,5900649,98.34415,5653.10436560132
1656915278,842000,8623670,15,71,71,6,29,6,70,20,11,0,2022-07-04T09:14:38,5913,98.56403333333333,1656915285.507297,2022-07-04T09:14:45,5912697,98.54495,5547.590065833054
1656915290,843000,8635671,15,71,71,6,29,6,70,107,11,0,2022-07-04T09:14:50,5925,98.76405,1656915300.5476239,2022-07-04T09:15:00,5924698,98.74496666666667,5446.284479583042
1656915304,883000,8649711,15,71,71,6,29,6,70,242,11,0,2022-07-04T09:15:04,5939,98.99804999999999,1656915314.556905,2022-07-04T09:15:14,5938738,98.97896666666666,5331.734134403184
1656915329,825000,8674653,15,71,71,6,29,6,70,184,11,0,2022-07-04T09:15:29,5964,99.41375,1656915336.616344,2022-07-04T09:15:36,5963680,99.39466666666667,5125.318993116217
1656915366,856000,8711685,15,71,71,6,29,6,70,204,11,0,2022-07-04T09:16:06,6001,100.03093333333332,1656915375.758229,2022-07-04T09:16:15,6000712,100.01186666666668,4817.82006140915
1656915390,909000,8735738,15,71,71,6,29,6,70,123,11,0,2022-07-04T09:16:30,6025,100.43181666666666,1656915396.4769359,2022-07-04T09:16:36,6024765,100.41275,4619.921148348019
1656915400,857000,8745686,15,71,71,6,29,6,70,141,11,0,2022-07-04T09:16:40,6035,100.59761666666667,1656915410.186193,2022-07-04T09:16:50,6034713,100.57854999999999,4493.257954229902
1656915413,839000,8758668,15,71,71,6,29,6,70,254,11,0,2022-07-04T09:16:53,6048,100.81398333333333,1656915420.4343128,2022-07-04T09:17:00,6047695,100.79491666666667,4411.260762812585
1656915424,843000,8769670,15,71,71,6,29,6,70,56,11,0,2022-07-04T09:17:04,6059,100.99738333333333,1656915434.336336,2022-07-04T09:17:14,6058697,100.97828333333334,4336.722786309377
1656915437,827000,8782654,15,71,71,6,29,6,70,167,11,0,2022-07-04T09:17:17,6072,101.21378333333334,1656915445.065985,2022-07-04T09:17:25,6071681,101.19468333333333,4230.351477279151
1656915448,817000,8793644,15,71,71,6,29,6,70,215,11,0,2022-07-04T09:17:28,6083,101.39695,1656915458.638713,2022-07-04T09:17:38,6082671,101.37785000000001,4140.518743487897
1656915461,840000,8806668,15,71,71,6,29,6,70,75,11,0,2022-07-04T09:17:41,6096,101.614,1656915469.7756839,2022-07-04T09:17:49,6095695,101.59491666666666,4034.3149035179586
1656915474,913000,8819740,15,71,71,6,29,6,70,192,11,0,2022-07-04T09:17:54,6109,101.83188333333332,1656915483.956449,2022-07-04T09:18:03,6108767,101.81278333333333,3923.470145478505
1656915486,859000,8831687,15,71,71,6,29,6,70,18,11,0,2022-07-04T09:18:06,6121,102.03098333333334,1656915494.638864,2022-07-04T09:18:14,6120714,102.0119,3817.8263535639253
1656915499,835000,8844662,15,71,71,6,29,6,70,124,11,0,2022-07-04T09:18:19,6134,102.24725,1656915505.377141,2022-07-04T09:18:25,6133689,102.22815,3721.2114691392117
1656915512,861000,8857689,15,71,71,6,29,6,70,240,11,0,2022-07-04T09:18:32,6147,102.46435,1656915518.966604,2022-07-04T09:18:38,6146716,102.44526666666667,3627.3806178128775
1656915522,883000,8867710,15,71,71,6,29,6,70,14,11,0,2022-07-04T09:18:42,6157,102.63138333333333,1656915529.865445,2022-07-04T09:18:49,6156737,102.61228333333334,3550.495014349916
1656915534,875000,8879703,15,71,71,6,29,6,70,96,11,0,2022-07-04T09:18:54,6169,102.83125,1656915543.656225,2022-07-04T09:19:03,6168730,102.81216666666666,3457.5222602383724
1656915542,841000,8887669,15,71,71,6,29,6,70,60,11,0,2022-07-04T09:19:02,6177,102.96401666666667,1656915553.777937,2022-07-04T09:19:13,6176696,102.94493333333334,3393.7389682506755
1656915568,829000,8913677,15,71,71,6,29,6,70,34,11,0,2022-07-04T09:19:28,6203,103.39715,1656915578.295349,2022-07-04T09:19:38,6202704,103.3784,3150.822222936387
1656915578,833000,8923681,15,71,71,6,29,6,70,60,11,0,2022-07-04T09:19:38,6213,103.56388333333332,1656915588.776424,2022-07-04T09:19:48,6212708,103.54513333333333,3072.333030531095
1656915592,838000,8937686,15,71,71,6,29,6,70,194,11,0,2022-07-04T09:19:52,6227,103.79729999999999,1656915602.512264,2022-07-04T09:20:02,6226713,103.77855,2961.222924547021
1656915604,804000,8949653,15,71,71,6,29,6,70,24,11,0,2022-07-04T09:20:04,6239,103.99673333333334,1656915613.2166848,2022-07-04T09:20:13,6238680,103.97800000000001,2869.5817391162627
1656915617,847000,8962695,15,71,71,6,29,6,70,140,11,0,2022-07-04T09:20:17,6252,104.21411666666667,1656915627.0565999,2022-07-04T09:20:27,6251722,104.19536666666666,2770.291062230792
1656915630,871000,8975720,15,71,71,6,29,6,70,249,11,0,2022-07-04T09:20:30,6265,104.43118333333334,1656915637.825305,2022-07-04T09:20:37,6264747,104.41245,2672.38817046076
1656915637,873000,8982722,15,71,71,6,29,6,70,187,11,0,2022-07-04T09:20:37,6272,104.54788333333333,1656915651.525193,2022-07-04T09:20:51,6271749,104.52915,2620.2240867445807
1656915677,958000,9022807,15,71,71,6,29,6,70,46,11,0,2022-07-04T09:21:17,6312,105.21596666666666,1656915686.1852,2022-07-04T09:21:26,6311834,105.19723333333333,2322.1850772550197
1656915683,838000,9028687,15,71,71,6,29,6,70,209,11,0,2022-07-04T09:21:23,6318,105.31396666666666,1656915695.935108,2022-07-04T09:21:35,6317714,105.29523333333333,2279.7209726775386
1656915698,813000,9043662,15,71,71,6,29,6,70,124,11,0,2022-07-04T09:21:38,6333,105.56355,1656915710.504869,2022-07-04T09:21:50,6332689,105.54481666666668,2182.212213670975
1656915712,819000,9057668,15,71,71,6,29,6,70,12,11,0,2022-07-04T09:21:52,6347,105.79698333333334,1656915721.515228,2022-07-04T09:22:01,6346695,105.77825,2100.765645539249
1656915724,821000,9069670,15,71,71,6,29,6,70,92,11,0,2022-07-04T09:22:04,6359,105.99701666666667,1656915731.425024,2022-07-04T09:22:11,6358697,105.97828333333334,2013.8535460859475
1656915724,821000,9069670,15,71,71,6,29,6,70,92,11,0,2022-07-04T09:22:04,6359,105.99701666666667,1656915735.0528128,2022-07-04T09:22:15,6358697,105.97828333333334,2013.8535460859475
1656915735,857000,9080706,15,71,71,6,29,6,70,144,11,0,2022-07-04T09:22:15,6370,106.18095,1656915745.135392,2022-07-04T09:22:25,6369733,106.16221666666667,1935.1746080019918
1656915748,857000,9093706,15,71,71,6,29,6,70,3,11,0,2022-07-04T09:22:28,6383,106.39761666666666,1656915755.84686,2022-07-04T09:22:35,6382733,106.37888333333333,1846.7049478949136
1656915759,863000,9104712,15,71,71,6,29,6,70,61,11,0,2022-07-04T09:22:39,6394,106.58105,1656915769.6057088,2022-07-04T09:22:49,6393739,106.56231666666666,1770.6942384454167
1656915772,846000,9117695,15,71,71,6,29,6,70,166,11,0,2022-07-04T09:22:52,6407,106.79743333333333,1656915780.295557,2022-07-04T09:23:00,6406722,106.7787,1681.0366294364865
1656915795,861000,9140710,15,71,71,6,29,6,70,52,11,0,2022-07-04T09:23:15,6430,107.18101666666666,1656915804.235112,2022-07-04T09:23:24,6429737,107.16228333333333,1523.3363342361802
1656915808,832000,9153681,15,71,71,6,29,6,70,163,11,0,2022-07-04T09:23:28,6443,107.39720000000001,1656915814.965416,2022-07-04T09:23:34,6442708,107.37846666666665,1433.816703793841
1656915832,822000,9177671,15,71,71,6,29,6,70,72,11,0,2022-07-04T09:23:52,6467,107.79703333333333,1656915839.364444,2022-07-04T09:23:59,6466698,107.7783,1256.9651923541094
1656915843,826000,9188675,15,71,71,6,29,6,70,130,11,0,2022-07-04T09:24:03,6478,107.98043333333334,1656915853.094817,2022-07-04T09:24:13,6477702,107.96170000000001,1185.0364335208706
1656915855,833000,9200682,15,71,71,6,29,6,70,213,11,0,2022-07-04T09:24:15,6490,108.18055,1656915863.035801,2022-07-04T09:24:23,6489709,108.16181666666667,1097.2058915565701
1656915867,846000,9212696,15,71,71,6,29,6,70,35,11,0,2022-07-04T09:24:27,6502,108.38076666666666,1656915873.767428,2022-07-04T09:24:33,6501723,108.36205,1012.8781488145567
1656915878,848000,9223698,15,71,71,6,29,6,70,93,11,0,2022-07-04T09:24:38,6513,108.56413333333333,1656915887.4551718,2022-07-04T09:24:47,6512725,108.54541666666667,948.4970703125
