time_s,time_us,time_steady,ofs_i,mag_i,ofs_q,mag_q,post_status,seq,srcSystem,srcComponent,time_gregorian,time_s_from_launch,mins_from_launch,log_timestamp,log_timestamp_gregorian,time_steady_from_launch,mins_steady_from_launch,baro_altitude
1656909110,984000,2455802,-8,120,5,121,0,225,11,0,2022-07-04T07:31:50,-255,-4.2336,1656909120.19314,2022-07-04T07:32:00,-255171,-4.25285,96.92746932755364
1656909124,981000,2469799,-14,91,10,88,0,114,11,0,2022-07-04T07:32:04,-241,-4.0003166666666665,1656909130.7857208,2022-07-04T07:32:10,-241174,-4.019566666666667,96.83333089436339
1656909134,966000,2479783,-13,102,7,100,0,144,11,0,2022-07-04T07:32:14,-231,-3.8339,1656909144.312424,2022-07-04T07:32:24,-231190,-3.8531666666666666,97.28864490190558
1656909142,918000,2487735,-18,100,13,95,0,116,11,0,2022-07-04T07:32:22,-223,-3.7013666666666665,1656909154.791373,2022-07-04T07:32:34,-223238,-3.7206333333333332,97.41363301318653
1656909157,929000,2502746,-15,96,9,91,0,26,11,0,2022-07-04T07:32:37,-208,-3.4511833333333333,1656909168.766284,2022-07-04T07:32:48,-208227,-3.47045,97.0725024645226
1656909171,946000,2516763,-66,78,16,124,0,164,11,0,2022-07-04T07:32:51,-194,-3.217566666666667,1656909179.43958,2022-07-04T07:32:59,-194210,-3.2368333333333337,97.13487561924815
1656909184,950000,2529767,-7,115,6,110,0,24,11,0,2022-07-04T07:33:04,-181,-3.0008333333333335,1656909193.404028,2022-07-04T07:33:13,-181206,-3.0201,96.67354829647105
1656909191,977000,2536794,-9,152,3,149,0,225,11,0,2022-07-04T07:33:11,-174,-2.8837166666666665,1656909203.546737,2022-07-04T07:33:23,-174179,-2.9029833333333332,96.36837098635851
1656909201,954000,2546771,-10,131,6,127,0,255,11,0,2022-07-04T07:33:21,-164,-2.717433333333333,1656909213.539461,2022-07-04T07:33:33,-164202,-2.7367,96.84366090942913
1656909217,981000,2562798,-12,141,3,133,0,189,11,0,2022-07-04T07:33:37,-148,-2.4503166666666667,1656909227.323225,2022-07-04T07:33:47,-148175,-2.4695833333333335,96.59381866455078
1656909229,951000,2574767,-9,115,2,110,0,18,11,0,2022-07-04T07:33:49,-136,-2.2508166666666667,1656909238.4197369,2022-07-04T07:33:58,-136206,-2.2701,96.59381866455078
1656909242,938000,2587754,-15,76,-3,80,0,134,11,0,2022-07-04T07:34:02,-123,-2.0343666666666667,1656909252.3100998,2022-07-04T07:34:12,-123219,-2.0536499999999998,97.61377479530033
1656909254,948000,2599764,-10,118,4,114,0,222,11,0,2022-07-04T07:34:14,-111,-1.8342,1656909262.342644,2022-07-04T07:34:22,-111209,-1.8534833333333334,97.06958797420985
1656909266,955000,2611772,-11,126,6,124,0,47,11,0,2022-07-04T07:34:26,-99,-1.6340833333333333,1656909276.7156088,2022-07-04T07:34:36,-99201,-1.6533499999999999,98.10012485145157
1656909300,1000,2644817,-16,96,12,88,0,216,11,0,2022-07-04T07:35:00,-65,-1.0833166666666665,1656909310.4415798,2022-07-04T07:35:10,-66156,-1.1026,97.87637774833568
1656909312,991000,2657807,-9,127,8,130,0,76,11,0,2022-07-04T07:35:12,-53,-0.8668166666666667,1656909320.724452,2022-07-04T07:35:20,-53166,-0.8861,97.79396149475934
1656909324,996000,2669811,-10,114,11,109,0,155,11,0,2022-07-04T07:35:24,-41,-0.6667333333333333,1656909330.5975769,2022-07-04T07:35:30,-41162,-0.6860333333333333,98.44838795854861
1656909335,998000,2680813,-14,132,9,129,0,208,11,0,2022-07-04T07:35:35,-30,-0.48336666666666667,1656909344.368237,2022-07-04T07:35:44,-30160,-0.5026666666666667,98.20537819185986
1656909347,0,2691815,-9,121,7,111,0,11,11,0,2022-07-04T07:35:47,-18,-0.3,1656909354.919229,2022-07-04T07:35:54,-19158,-0.31930000000000003,98.52917305793514
1656909358,2000,2702818,-16,91,12,86,0,70,11,0,2022-07-04T07:35:58,-7,-0.11663333333333334,1656909367.622844,2022-07-04T07:36:07,-8155,-0.13591666666666666,97.72537825336535
1656909380,975000,2725790,-8,122,4,114,0,206,11,0,2022-07-04T07:36:20,15,0.26625,1656909388.8539488,2022-07-04T07:36:28,14817,0.24695,181.49435787816458
1656909392,972000,2737787,-11,102,2,97,0,33,11,0,2022-07-04T07:36:32,27,0.4662,1656909402.3959439,2022-07-04T07:36:42,26814,0.4469,253.04587294198242
1656909405,1000,2749816,-7,118,5,116,0,121,11,0,2022-07-04T07:36:45,40,0.6666833333333333,1656909412.379633,2022-07-04T07:36:52,38843,0.6473833333333334,330.4374339282331
1656909410,961000,2755777,-14,113,5,134,0,36,11,0,2022-07-04T07:36:50,45,0.7660166666666667,1656909428.1797159,2022-07-04T07:37:08,44804,0.7467333333333334,368.56607580488657
1656909429,4000,2773819,-11,140,4,133,0,38,11,0,2022-07-04T07:37:09,64,1.0667333333333333,1656909438.8301718,2022-07-04T07:37:18,62846,1.0474333333333332,477.5973794922865
1656909442,963000,2787778,-10,103,9,100,0,171,11,0,2022-07-04T07:37:22,77,1.2993833333333333,1656909449.614177,2022-07-04T07:37:29,76805,1.2800833333333335,559.6474145977616
1656909455,973000,2800788,-13,117,7,114,0,31,11,0,2022-07-04T07:37:35,90,1.5162166666666665,1656909463.325645,2022-07-04T07:37:43,89815,1.4969166666666667,644.6032069857449
1656909466,977000,2811792,-12,108,11,101,0,90,11,0,2022-07-04T07:37:46,101,1.6996166666666668,1656909473.8251798,2022-07-04T07:37:53,100819,1.6803166666666667,716.2366152956473
1656909479,973000,2824788,-15,112,4,108,0,205,11,0,2022-07-04T07:37:59,114,1.9162166666666667,1656909487.3856199,2022-07-04T07:38:07,113815,1.8969166666666666,794.8800239603083
1656909490,3000,2834817,-2,130,3,128,0,223,11,0,2022-07-04T07:38:10,125,2.0833833333333334,1656909498.176512,2022-07-04T07:38:18,123844,2.0640666666666667,851.4138846160537
1656909502,955000,2847769,-13,109,3,110,0,82,11,0,2022-07-04T07:38:22,137,2.2992500000000002,1656909511.7383249,2022-07-04T07:38:31,136796,2.279933333333333,925.7724242693853
1656909515,34000,2859848,-13,50,0,53,0,171,11,0,2022-07-04T07:38:35,150,2.5005666666666664,1656909521.8093529,2022-07-04T07:38:41,148875,2.48125,998.7378239563241
1656909525,951000,2870766,-12,108,8,101,0,228,11,0,2022-07-04T07:38:45,160,2.6825166666666664,1656909532.719781,2022-07-04T07:38:52,159793,2.6632166666666666,1063.8411147506993
1656909539,4000,2883818,-11,111,-1,107,0,78,11,0,2022-07-04T07:38:59,174,2.9000666666666666,1656909546.4500408,2022-07-04T07:39:06,172845,2.88075,1142.603827111733
1656909549,970000,2894784,-11,108,10,103,0,133,11,0,2022-07-04T07:39:09,184,3.0828333333333333,1656909557.8420088,2022-07-04T07:39:17,183811,3.0635166666666667,1211.0692463473108
1656909562,968000,2907782,-14,82,-4,78,0,249,11,0,2022-07-04T07:39:22,197,3.2994666666666665,1656909570.9694998,2022-07-04T07:39:30,196809,3.28015,1284.6477584656095
1656909573,990000,2918804,-8,142,2,135,0,52,11,0,2022-07-04T07:39:33,208,3.483166666666667,1656909581.7648609,2022-07-04T07:39:41,207831,3.46385,1347.1991078070675
1656909586,972000,2931786,-4,95,3,88,0,161,11,0,2022-07-04T07:39:46,221,3.6995333333333336,1656909595.445468,2022-07-04T07:39:55,220813,3.6802166666666665,1461.1891132844044
1656909598,958000,2943772,-4,130,2,129,0,241,11,0,2022-07-04T07:39:58,233,3.8992999999999998,1656909605.9944649,2022-07-04T07:40:05,232799,3.8799833333333336,1502.2008964856564
1656909609,969000,2954783,-7,110,7,98,0,44,11,0,2022-07-04T07:40:09,244,4.082816666666667,1656909619.56446,2022-07-04T07:40:19,243810,4.0635,1564.2766583857415
1656909620,984000,2965797,1,162,15,141,0,103,11,0,2022-07-04T07:40:20,255,4.2664,1656909630.4960558,2022-07-04T07:40:30,254824,4.247066666666667,1634.2137253597705
1656909634,4000,2978817,-13,103,7,99,0,219,11,0,2022-07-04T07:40:34,269,4.4834000000000005,1656909640.2761838,2022-07-04T07:40:40,267844,4.464066666666667,1712.1447688989233
1656909643,980000,2988793,-3,184,-4,179,0,236,11,0,2022-07-04T07:40:43,278,4.649666666666667,1656909653.9173958,2022-07-04T07:40:53,277820,4.630333333333334,1773.737410919096
1656909656,918000,3001732,-5,129,0,125,0,93,11,0,2022-07-04T07:40:56,291,4.8653,1656909664.647421,2022-07-04T07:41:04,290759,4.845983333333334,1849.888433735657
1656909669,977000,3014790,-14,110,10,105,0,210,11,0,2022-07-04T07:41:09,304,5.082949999999999,1656909678.1786568,2022-07-04T07:41:18,303817,5.063616666666666,1936.517494726731
1656909681,972000,3026785,-13,110,0,109,0,41,11,0,2022-07-04T07:41:21,316,5.282866666666666,1656909688.688809,2022-07-04T07:41:28,315812,5.263533333333333,2014.2265693624424
1656909693,994000,3038806,-16,91,-3,92,0,118,11,0,2022-07-04T07:41:33,328,5.483233333333334,1656909699.65812,2022-07-04T07:41:39,327833,5.463883333333333,2093.60382131598
1656909705,981000,3050794,-1,125,-1,124,0,202,11,0,2022-07-04T07:41:45,340,5.683016666666666,1656909713.6999528,2022-07-04T07:41:53,339821,5.663683333333334,2171.3064731600766
1656909714,963000,3059776,-3,134,3,130,0,203,11,0,2022-07-04T07:41:54,349,5.832716666666667,1656909724.199457,2022-07-04T07:42:04,348803,5.813383333333333,2229.5349568908814
1656909739,974000,3084787,-2,61,-2,49,0,143,11,0,2022-07-04T07:42:19,374,6.2495666666666665,1656909747.949944,2022-07-04T07:42:27,373814,6.2302333333333335,2383.0816585485454
1656909764,984000,3109796,-11,53,1,96,0,83,11,0,2022-07-04T07:42:44,399,6.666399999999999,1656909772.270684,2022-07-04T07:42:52,398823,6.647049999999999,2534.5215450290175
1656909771,975000,3116787,9,140,3,109,0,27,11,0,2022-07-04T07:42:51,406,6.782916666666667,1656909782.862808,2022-07-04T07:43:02,405814,6.763566666666667,2573.933471319514
1656909786,989000,3131801,-15,101,12,104,0,198,11,0,2022-07-04T07:43:06,421,7.03315,1656909795.602764,2022-07-04T07:43:15,420828,7.0138,2659.117470412659
1656909799,1000,3143813,0,136,-2,135,0,17,11,0,2022-07-04T07:43:19,434,7.23335,1656909806.525169,2022-07-04T07:43:26,432840,7.2139999999999995,2730.703817822146
1656909823,959000,3168771,-1,136,-3,133,0,219,11,0,2022-07-04T07:43:43,458,7.6493166666666665,1656909830.652237,2022-07-04T07:43:50,457798,7.629966666666666,2881.4377793004105
1656909829,982000,3174793,-10,100,3,91,0,135,11,0,2022-07-04T07:43:49,464,7.749700000000001,1656909840.062276,2022-07-04T07:44:00,463820,7.730333333333333,2916.7153726129295
1656909844,960000,3189772,-4,137,-1,137,0,40,11,0,2022-07-04T07:44:04,479,7.999333333333333,1656909854.514585,2022-07-04T07:44:14,478799,7.979983333333333,3026.3819354877437
1656909880,969000,3225781,1,140,-6,136,0,44,11,0,2022-07-04T07:44:40,515,8.599483333333334,1656909888.6631758,2022-07-04T07:44:48,514808,8.580133333333333,3217.183279020737
1656909888,976000,3233788,-4,94,-2,91,0,16,11,0,2022-07-04T07:44:48,523,8.732933333333333,1656909899.133036,2022-07-04T07:44:59,522815,8.713583333333334,3266.9335587632168
1656909905,979000,3250790,-7,109,-2,100,0,233,11,0,2022-07-04T07:45:05,540,9.016316666666667,1656909912.807116,2022-07-04T07:45:12,539817,8.99695,3374.326145275733
1656909926,994000,3271805,-7,105,6,103,0,66,11,0,2022-07-04T07:45:26,561,9.366566666666667,1656909935.9567409,2022-07-04T07:45:35,560832,9.347199999999999,3494.998107639532
1656909938,983000,3283794,-7,129,2,120,0,152,11,0,2022-07-04T07:45:38,573,9.566383333333333,1656909946.655853,2022-07-04T07:45:46,572821,9.547016666666668,3563.5278751411624
1656909949,992000,3294803,-7,105,8,101,0,199,11,0,2022-07-04T07:45:49,584,9.749866666666666,1656909957.104313,2022-07-04T07:45:57,583830,9.730500000000001,3632.874821087659
1656909955,964000,3300775,-8,128,3,117,0,114,11,0,2022-07-04T07:45:55,590,9.849400000000001,1656909970.915809,2022-07-04T07:46:10,589802,9.830033333333335,3670.493944488748
1656909970,964000,3315775,-7,107,3,104,0,31,11,0,2022-07-04T07:46:10,605,10.099400000000001,1656909981.404388,2022-07-04T07:46:21,604802,10.080033333333335,3763.5666782698413
1656909984,986000,3329797,-8,128,3,123,0,176,11,0,2022-07-04T07:46:24,619,10.3331,1656909994.0443408,2022-07-04T07:46:34,618824,10.313733333333333,3847.618628537845
1656909996,985000,3341796,-3,137,0,126,0,251,11,0,2022-07-04T07:46:36,631,10.533083333333334,1656910004.8845558,2022-07-04T07:46:44,630823,10.513716666666665,3915.198038631687
1656910007,961000,3352772,-5,107,6,104,0,52,11,0,2022-07-04T07:46:47,642,10.716016666666667,1656910015.4853969,2022-07-04T07:46:55,641799,10.69665,3981.3074477586165
1656910018,985000,3363795,-10,114,7,110,0,111,11,0,2022-07-04T07:46:58,653,10.899750000000001,1656910028.344913,2022-07-04T07:47:08,652822,10.880366666666667,4045.9350735390326
1656910054,988000,3399799,-3,126,-7,114,0,103,11,0,2022-07-04T07:47:34,689,11.4998,1656910062.955113,2022-07-04T07:47:42,688826,11.480433333333334,4255.118311596977
1656910066,980000,3411790,-8,109,4,107,0,190,11,0,2022-07-04T07:47:46,701,11.699666666666667,1656910073.7254488,2022-07-04T07:47:53,700817,11.680283333333334,4327.486017592362
1656910079,969000,3424780,-4,127,-6,112,0,50,11,0,2022-07-04T07:47:59,714,11.91615,1656910087.504917,2022-07-04T07:48:07,713807,11.896783333333333,4409.216164995342
1656910089,978000,3434789,0,139,0,132,0,79,11,0,2022-07-04T07:48:09,724,12.082966666666666,1656910098.325124,2022-07-04T07:48:18,723816,12.063600000000001,4467.535407744479
1656910103,998000,3448808,-4,102,-2,113,0,211,11,0,2022-07-04T07:48:23,738,12.316633333333334,1656910112.185137,2022-07-04T07:48:32,737835,12.29725,4560.298172320973
1656910114,970000,3459781,-3,101,1,114,0,13,11,0,2022-07-04T07:48:34,749,12.499500000000001,1656910122.1961129,2022-07-04T07:48:42,748808,12.480133333333333,4624.443652759414
1656910138,955000,3483766,-4,110,5,111,0,187,11,0,2022-07-04T07:48:58,773,12.89925,1656910146.455245,2022-07-04T07:49:06,772793,12.879883333333334,4773.75421514351
1656910151,943000,3496753,-2,114,-7,111,0,33,11,0,2022-07-04T07:49:11,786,13.115716666666666,1656910156.8758168,2022-07-04T07:49:16,785780,13.096333333333332,4842.943381597628
1656910162,961000,3507772,-8,89,-7,85,0,92,11,0,2022-07-04T07:49:22,797,13.29935,1656910170.3860729,2022-07-04T07:49:30,796799,13.279983333333332,4910.817865191095
1656910175,1000,3519811,-4,114,-4,111,0,180,11,0,2022-07-04T07:49:35,810,13.500016666666665,1656910181.1054878,2022-07-04T07:49:41,808838,13.480633333333333,4985.199416029103
1656910185,978000,3530788,-1,134,0,137,0,238,11,0,2022-07-04T07:49:45,820,13.682966666666665,1656910194.6950128,2022-07-04T07:49:54,819815,13.663583333333333,5054.458039023444
1656910197,958000,3542768,-4,115,-2,115,0,57,11,0,2022-07-04T07:49:57,832,13.882633333333333,1656910205.426997,2022-07-04T07:50:05,831795,13.863249999999999,5125.8981757118645
1656910208,981000,3553791,-7,122,5,119,0,113,11,0,2022-07-04T07:50:08,843,14.06635,1656910218.4045799,2022-07-04T07:50:18,842818,14.046966666666666,5197.223962561159
1656910221,963000,3566773,-4,117,-1,112,0,228,11,0,2022-07-04T07:50:21,856,14.282716666666666,1656910229.0855849,2022-07-04T07:50:29,855800,14.263333333333332,5279.395857394481
1656910228,956000,3573766,-10,87,3,91,0,172,11,0,2022-07-04T07:50:28,863,14.399266666666668,1656910239.6066408,2022-07-04T07:50:39,862793,14.379883333333334,5333.180265398387
1656910244,961000,3589772,-3,145,6,126,0,109,11,0,2022-07-04T07:50:44,879,14.666016666666668,1656910253.3136358,2022-07-04T07:50:53,878799,14.64665,5450.432810190924
1656910256,958000,3601769,-8,127,-1,120,0,191,11,0,2022-07-04T07:50:56,891,14.865966666666667,1656910264.013532,2022-07-04T07:51:04,890796,14.8466,5512.421936815497
1656910268,948000,3613758,-1,122,2,113,0,22,11,0,2022-07-04T07:51:08,903,15.0658,1656910277.826629,2022-07-04T07:51:17,902785,15.046416666666666,5585.253013711522
1656910281,997000,3626807,-3,124,0,119,0,139,11,0,2022-07-04T07:51:21,916,15.283283333333333,1656910288.623028,2022-07-04T07:51:28,915834,15.2639,5667.723503423665
1656910293,971000,3638781,-5,121,1,120,0,219,11,0,2022-07-04T07:51:33,928,15.482850000000001,1656910302.4739158,2022-07-04T07:51:42,927808,15.463466666666667,5735.557226216811
1656910305,950000,3650760,-5,143,-2,133,0,43,11,0,2022-07-04T07:51:45,940,15.682500000000001,1656910312.462616,2022-07-04T07:51:52,939787,15.663116666666667,5803.492775098214
1656910311,924000,3656734,0,131,1,120,0,214,11,0,2022-07-04T07:51:51,946,15.782066666666667,1656910323.182837,2022-07-04T07:52:03,945761,15.762683333333333,5837.011686104453
1656910327,931000,3672741,-2,104,-3,116,0,160,11,0,2022-07-04T07:52:07,962,16.04885,1656910336.5160198,2022-07-04T07:52:16,961768,16.029466666666668,5947.970674529184
1656910339,925000,3684735,-2,128,-2,123,0,247,11,0,2022-07-04T07:52:19,974,16.248749999999998,1656910346.9227688,2022-07-04T07:52:26,973762,16.229366666666667,6024.724789780334
1656910351,940000,3696750,-7,96,14,98,0,66,11,0,2022-07-04T07:52:31,986,16.449,1656910360.421553,2022-07-04T07:52:40,985777,16.429616666666668,6098.972943171307
1656910361,944000,3706754,-6,126,-4,115,0,95,11,0,2022-07-04T07:52:41,996,16.61573333333333,1656910370.392273,2022-07-04T07:52:50,995781,16.596349999999997,6157.796353567022
1656910372,961000,3717771,-6,111,4,99,0,154,11,0,2022-07-04T07:52:52,1007,16.79935,1656910381.176357,2022-07-04T07:53:01,1006798,16.779966666666667,6227.235300854059
1656910385,923000,3730733,-2,127,0,127,0,13,11,0,2022-07-04T07:53:05,1020,17.015383333333332,1656910394.830977,2022-07-04T07:53:14,1019760,16.996,6301.360591051053
1656910408,978000,3753788,-6,108,4,105,0,147,11,0,2022-07-04T07:53:28,1043,17.399633333333334,1656910418.731376,2022-07-04T07:53:38,1042815,17.38025,6438.04404314323
1656910421,996000,3766807,-1,110,-1,105,0,7,11,0,2022-07-04T07:53:41,1056,17.616600000000002,1656910428.7917209,2022-07-04T07:53:48,1055834,17.597233333333335,6520.519441714603
1656910427,973000,3772783,-23,113,2,124,0,178,11,0,2022-07-04T07:53:47,1062,17.716216666666664,1656910438.7505798,2022-07-04T07:53:58,1061810,17.696833333333334,6560.636849280425
1656910445,9000,3789820,-18,109,-6,76,0,150,11,0,2022-07-04T07:54:05,1080,18.00015,1656910452.450913,2022-07-04T07:54:12,1078847,17.98078333333333,6665.108621956136
1656910455,971000,3800782,-4,113,-4,107,0,197,11,0,2022-07-04T07:54:15,1090,18.18285,1656910462.981597,2022-07-04T07:54:22,1089809,18.163483333333332,6734.692742520959
1656910467,959000,3812769,2,91,5,59,0,28,11,0,2022-07-04T07:54:27,1102,18.38265,1656910476.761965,2022-07-04T07:54:36,1101796,18.363266666666668,6808.278142058828
1656910479,952000,3824762,-12,105,4,111,0,115,11,0,2022-07-04T07:54:39,1114,18.582533333333334,1656910487.900632,2022-07-04T07:54:47,1113789,18.56315,6882.832471781417
1656910485,969000,3830779,-3,109,4,92,0,31,11,0,2022-07-04T07:54:45,1120,18.682816666666668,1656910500.869225,2022-07-04T07:55:00,1119806,18.663433333333334,6920.638345925774
1656910501,968000,3846778,-4,143,-7,133,0,221,11,0,2022-07-04T07:55:01,1136,18.94946666666667,1656910511.7701359,2022-07-04T07:55:11,1135805,18.930083333333336,7011.085551033557
1656910514,964000,3859775,-7,116,0,107,0,79,11,0,2022-07-04T07:55:14,1149,19.166066666666666,1656910522.419124,2022-07-04T07:55:22,1148802,19.1467,7088.237806705082
1656910525,936000,3870746,-2,107,-10,111,0,137,11,0,2022-07-04T07:55:25,1160,19.34893333333333,1656910536.320636,2022-07-04T07:55:36,1159773,19.329549999999998,7154.163531098378
1656910534,912000,3879723,-12,117,4,94,0,138,11,0,2022-07-04T07:55:34,1169,19.498533333333334,1656910546.008425,2022-07-04T07:55:46,1168750,19.479166666666668,7207.405266484005
1656910551,937000,3896748,-4,127,2,112,0,102,11,0,2022-07-04T07:55:51,1186,19.782283333333332,1656910559.781333,2022-07-04T07:55:59,1185775,19.76291666666667,7309.687058677908
1656910563,931000,3908741,-3,117,-1,110,0,185,11,0,2022-07-04T07:56:03,1198,19.982183333333335,1656910570.4378889,2022-07-04T07:56:10,1197768,19.9628,7383.899891663079
1656910575,905000,3920715,-4,97,-12,99,0,16,11,0,2022-07-04T07:56:15,1210,20.18175,1656910584.20928,2022-07-04T07:56:24,1209742,20.162366666666667,7475.711697730055
1656910585,905000,3930716,-2,142,-3,134,0,46,11,0,2022-07-04T07:56:25,1220,20.348416666666665,1656910594.0974479,2022-07-04T07:56:34,1219743,20.32905,7551.0284459503755
1656910597,917000,3942728,-5,129,2,118,0,130,11,0,2022-07-04T07:56:37,1232,20.548616666666664,1656910604.3012009,2022-07-04T07:56:44,1231755,20.52925,7629.136337447599
1656910609,901000,3954712,1,127,3,112,0,207,11,0,2022-07-04T07:56:49,1244,20.748350000000002,1656910618.227161,2022-07-04T07:56:58,1243739,20.728983333333336,7703.897801405537
1656910621,894000,3966705,-2,125,-2,119,0,38,11,0,2022-07-04T07:57:01,1256,20.948233333333334,1656910628.80716,2022-07-04T07:57:08,1255732,20.928866666666668,7775.785372304633
1656910633,929000,3978740,-5,139,-2,134,0,126,11,0,2022-07-04T07:57:13,1268,21.14881666666667,1656910642.586753,2022-07-04T07:57:22,1267767,21.129450000000002,7847.803129301839
1656910644,957000,3989768,6,142,-6,140,0,185,11,0,2022-07-04T07:57:24,1279,21.33261666666667,1656910653.4665,2022-07-04T07:57:33,1278795,21.31325,7917.006168402483
1656910656,920000,4001731,10,109,-10,99,0,3,11,0,2022-07-04T07:57:36,1291,21.532,1656910663.65712,2022-07-04T07:57:43,1290758,21.512633333333333,7988.692229382234
1656910669,921000,4014732,-6,126,3,111,0,117,11,0,2022-07-04T07:57:49,1304,21.748683333333336,1656910677.3163328,2022-07-04T07:57:57,1303759,21.729316666666666,8072.353553434723
1656910703,947000,4048758,1,116,-5,104,0,61,11,0,2022-07-04T07:58:23,1338,22.315783333333332,1656910711.4273238,2022-07-04T07:58:31,1337785,22.29641666666667,8303.823018704683
1656910727,918000,4072729,5,166,0,157,0,227,11,0,2022-07-04T07:58:47,1362,22.7153,1656910735.846148,2022-07-04T07:58:55,1361756,22.695933333333336,8456.97567624451
1656910738,933000,4083744,14,120,-9,106,0,30,11,0,2022-07-04T07:58:58,1373,22.898883333333334,1656910745.844869,2022-07-04T07:59:05,1372771,22.879516666666667,8531.41876916782
1656910758,963000,4103775,1,108,-11,107,0,82,11,0,2022-07-04T07:59:18,1393,23.232716666666665,1656910770.065301,2022-07-04T07:59:30,1392802,23.213366666666666,8668.065454073983
1656910784,916000,4129728,-9,117,2,115,0,52,11,0,2022-07-04T07:59:44,1419,23.665266666666664,1656910794.695216,2022-07-04T07:59:54,1418755,23.64591666666667,8839.932806377215
1656910797,914000,4142725,-4,134,0,128,0,168,11,0,2022-07-04T07:59:57,1432,23.881899999999998,1656910805.3062088,2022-07-04T08:00:05,1431752,23.86253333333333,8917.32723951019
1656910809,953000,4154765,-7,131,-4,120,0,247,11,0,2022-07-04T08:00:09,1444,24.08255,1656910818.9540439,2022-07-04T08:00:18,1443792,24.0632,8987.823556010735
1656910845,932000,4190744,2,131,-7,128,0,247,11,0,2022-07-04T08:00:45,1480,24.6822,1656910854.2733889,2022-07-04T08:00:54,1479771,24.66285,9245.985014550777
1656910856,956000,4201768,0,98,-1,92,0,50,11,0,2022-07-04T08:00:56,1491,24.86593333333333,1656910864.432869,2022-07-04T08:01:04,1490795,24.846583333333335,9295.74821774335
1656910868,975000,4213787,-4,94,3,89,0,124,11,0,2022-07-04T08:01:08,1503,25.06625,1656910878.032728,2022-07-04T08:01:18,1502814,25.0469,9367.494626806472
1656910879,947000,4224760,1,138,-4,132,0,182,11,0,2022-07-04T08:01:19,1514,25.249116666666666,1656910888.653012,2022-07-04T08:01:28,1513787,25.229783333333334,9432.491384678024
1656910892,951000,4237764,20,129,-19,129,0,42,11,0,2022-07-04T08:01:32,1527,25.46585,1656910901.724753,2022-07-04T08:01:41,1526791,25.446516666666664,9529.26739310375
1656910904,934000,4249747,3,135,-13,124,0,129,11,0,2022-07-04T08:01:44,1539,25.665566666666667,1656910912.452417,2022-07-04T08:01:52,1538774,25.64623333333333,9620.429847217163
1656910916,957000,4261770,8,99,-9,101,0,206,11,0,2022-07-04T08:01:56,1551,25.86595,1656910923.342005,2022-07-04T08:02:03,1550797,25.846616666666666,9701.099735950958
1656910927,931000,4272744,18,135,-20,124,0,6,11,0,2022-07-04T08:02:07,1562,26.04885,1656910937.372416,2022-07-04T08:02:17,1561771,26.029516666666666,9770.005601968454
1656910939,906000,4284719,16,130,-19,129,0,93,11,0,2022-07-04T08:02:19,1574,26.24843333333333,1656910948.082324,2022-07-04T08:02:28,1573746,26.229100000000003,9848.77949236604
1656910952,915000,4297728,6,149,-2,139,0,209,11,0,2022-07-04T08:02:32,1587,26.46525,1656910961.46206,2022-07-04T08:02:41,1586755,26.44591666666667,9953.348013113802
1656910964,940000,4309753,0,138,-9,130,0,33,11,0,2022-07-04T08:02:44,1599,26.665666666666667,1656910972.441593,2022-07-04T08:02:52,1598780,26.646333333333335,10034.315987609854
1656910976,922000,4321736,7,111,-9,104,0,114,11,0,2022-07-04T08:02:56,1611,26.865366666666667,1656910986.084509,2022-07-04T08:03:06,1610763,26.846049999999998,10110.525646042264
1656910988,946000,4333759,-2,109,-22,97,0,202,11,0,2022-07-04T08:03:08,1623,27.065766666666665,1656910997.140473,2022-07-04T08:03:17,1622786,27.046433333333333,10186.755291958467
1656911012,950000,4357764,16,135,-20,136,0,121,11,0,2022-07-04T08:03:32,1647,27.465833333333332,1656911020.690404,2022-07-04T08:03:40,1646791,27.446516666666664,10386.661214064134
1656911020,985000,4365799,26,137,-21,131,0,84,11,0,2022-07-04T08:03:40,1655,27.599749999999997,1656911031.130472,2022-07-04T08:03:51,1654826,27.580433333333335,10421.805017359758
1656911035,930000,4380744,21,129,-19,125,0,252,11,0,2022-07-04T08:03:55,1670,27.848833333333335,1656911044.742472,2022-07-04T08:04:04,1669771,27.829516666666667,10533.08674777102
1656911045,969000,4390783,5,128,-7,118,0,27,11,0,2022-07-04T08:04:05,1680,28.01615,1656911054.861589,2022-07-04T08:04:14,1679810,27.99683333333333,10597.739477646977
1656911058,967000,4403781,14,120,-16,114,0,143,11,0,2022-07-04T08:04:18,1693,28.232783333333334,1656911065.429941,2022-07-04T08:04:25,1692808,28.213466666666665,10673.247741324296
1656911071,953000,4416767,16,140,-20,134,0,250,11,0,2022-07-04T08:04:31,1706,28.449216666666665,1656911079.199105,2022-07-04T08:04:39,1705794,28.4299,10739.54943044221
1656911082,976000,4427790,16,111,-17,104,0,48,11,0,2022-07-04T08:04:42,1717,28.632933333333334,1656911089.7791278,2022-07-04T08:04:49,1716817,28.613616666666665,10801.128018820787
1656911095,946000,4440761,27,137,-26,127,0,163,11,0,2022-07-04T08:04:55,1730,28.8491,1656911103.141149,2022-07-04T08:05:03,1729788,28.8298,10879.531275509666
1656911106,955000,4451770,19,146,-20,131,0,222,11,0,2022-07-04T08:05:06,1741,29.03258333333333,1656911113.5997,2022-07-04T08:05:13,1740797,29.013283333333334,10948.478227773248
1656911117,959000,4462774,11,118,-16,105,0,25,11,0,2022-07-04T08:05:17,1752,29.215983333333334,1656911124.240969,2022-07-04T08:05:24,1751801,29.196683333333333,11059.157146548649
1656911126,919000,4471734,5,107,-8,113,0,14,11,0,2022-07-04T08:05:26,1761,29.36531666666667,1656911137.8893569,2022-07-04T08:05:37,1760761,29.346016666666667,11100.101152592973
1656911137,938000,4482753,13,135,-11,125,0,71,11,0,2022-07-04T08:05:37,1772,29.54896666666667,1656911147.958456,2022-07-04T08:05:47,1771780,29.529666666666667,11155.273128009507
1656911151,911000,4496726,8,110,-10,98,0,215,11,0,2022-07-04T08:05:51,1786,29.781850000000002,1656911162.1699328,2022-07-04T08:06:02,1785753,29.762549999999997,11244.610723693244
1656911163,943000,4508758,24,136,-22,126,0,47,11,0,2022-07-04T08:06:03,1798,29.982383333333335,1656911172.8204238,2022-07-04T08:06:12,1797785,29.963083333333334,11306.214624030852
1656911176,942000,4521758,12,124,-11,93,0,152,11,0,2022-07-04T08:06:16,1811,30.199033333333333,1656911186.787204,2022-07-04T08:06:26,1810785,30.179750000000002,11378.474890885453
1656911188,965000,4533781,-7,100,-14,94,0,236,11,0,2022-07-04T08:06:28,1823,30.399416666666664,1656911197.6069,2022-07-04T08:06:37,1822808,30.380133333333333,11443.290855553683
1656911201,926000,4546742,1,112,-10,106,0,95,11,0,2022-07-04T08:06:41,1836,30.615433333333332,1656911211.1871889,2022-07-04T08:06:51,1835769,30.59615,11519.234611836033
1656911213,924000,4558740,11,136,-19,134,0,182,11,0,2022-07-04T08:06:53,1848,30.8154,1656911221.077744,2022-07-04T08:07:01,1847767,30.796116666666666,11589.096753129075
1656911224,916000,4569732,20,112,-18,101,0,234,11,0,2022-07-04T08:07:04,1859,30.9986,1656911232.6384249,2022-07-04T08:07:12,1858759,30.979316666666666,11649.558046590602
1656911236,948000,4581764,9,136,-12,131,0,59,11,0,2022-07-04T08:07:16,1871,31.199133333333336,1656911245.42714,2022-07-04T08:07:25,1870791,31.17985,11724.682823356143
1656911247,957000,4592773,4,89,-10,68,0,118,11,0,2022-07-04T08:07:27,1882,31.382616666666667,1656911255.867332,2022-07-04T08:07:35,1881800,31.363333333333333,11799.844001079162
1656911259,933000,4604750,22,118,-17,112,0,205,11,0,2022-07-04T08:07:39,1894,31.582216666666667,1656911266.616461,2022-07-04T08:07:46,1893777,31.56295,11874.037575338598
1656911272,939000,4617756,6,100,-27,89,0,65,11,0,2022-07-04T08:07:52,1907,31.798983333333336,1656911280.538756,2022-07-04T08:08:00,1906783,31.779716666666666,11954.63688436904
1656911284,904000,4629721,14,118,-9,107,0,138,11,0,2022-07-04T08:08:04,1919,31.9984,1656911291.086257,2022-07-04T08:08:11,1918748,31.979133333333333,12030.51691044274
1656911296,936000,4641753,-2,71,-18,88,0,226,11,0,2022-07-04T08:08:16,1931,32.19893333333333,1656911305.1256049,2022-07-04T08:08:25,1930780,32.17966666666667,12100.210701999034
1656911307,967000,4652785,2,133,-18,118,0,29,11,0,2022-07-04T08:08:27,1942,32.382783333333336,1656911316.236196,2022-07-04T08:08:36,1941812,32.36353333333333,12166.059699872128
1656911319,949000,4664766,2,85,-21,92,0,116,11,0,2022-07-04T08:08:39,1954,32.582483333333336,1656911330.204629,2022-07-04T08:08:50,1953793,32.56321666666666,12241.508130947113
1656911331,965000,4676782,2,124,-20,115,0,194,11,0,2022-07-04T08:08:51,1966,32.78275,1656911340.964725,2022-07-04T08:09:00,1965809,32.76348333333333,12315.09695916737
1656911352,912000,4697730,14,117,-15,107,0,21,11,0,2022-07-04T08:09:12,1987,33.13186666666667,1656911364.614848,2022-07-04T08:09:24,1986757,33.11261666666667,12426.597304401152
1656911367,941000,4712759,19,115,-14,105,0,195,11,0,2022-07-04T08:09:27,2002,33.38235,1656911375.288133,2022-07-04T08:09:35,2001786,33.3631,12534.038385957638
1656911380,933000,4725751,22,142,-20,137,0,50,11,0,2022-07-04T08:09:40,2015,33.59888333333333,1656911389.563449,2022-07-04T08:09:49,2014778,33.579633333333334,12612.06098282453
1656911392,967000,4737785,15,120,-16,111,0,129,11,0,2022-07-04T08:09:52,2027,33.79945,1656911400.4445848,2022-07-04T08:10:00,2026812,33.7802,12680.130528182746
1656911403,931000,4748750,8,125,-5,121,0,187,11,0,2022-07-04T08:10:03,2038,33.98218333333333,1656911414.3230119,2022-07-04T08:10:14,2037777,33.96295,12742.863672663423
1656911416,938000,4761756,12,115,-13,108,0,47,11,0,2022-07-04T08:10:16,2051,34.19896666666667,1656911425.005532,2022-07-04T08:10:25,2050783,34.179716666666664,12836.12655563497
1656911429,944000,4774762,9,154,-9,141,0,163,11,0,2022-07-04T08:10:29,2064,34.415733333333336,1656911439.12702,2022-07-04T08:10:39,2063789,34.396483333333336,12923.234828042989
1656911441,965000,4786784,15,125,-18,128,0,236,11,0,2022-07-04T08:10:41,2076,34.616083333333336,1656911449.942344,2022-07-04T08:10:49,2075811,34.59685,12993.213999861699
1656911453,956000,4798775,16,116,-14,113,0,67,11,0,2022-07-04T08:10:53,2088,34.815933333333334,1656911463.703181,2022-07-04T08:11:03,2087802,34.7967,13069.551197155595
1656911472,948000,4817767,6,121,-8,105,0,98,11,0,2022-07-04T08:11:12,2107,35.132466666666666,1656911483.814673,2022-07-04T08:11:23,2106794,35.11323333333333,13167.476989932251
1656911489,954000,4834773,-1,114,-2,113,0,61,11,0,2022-07-04T08:11:29,2124,35.4159,1656911498.161777,2022-07-04T08:11:38,2123800,35.39666666666667,13248.875171301623
1656911502,956000,4847776,18,121,-20,115,0,174,11,0,2022-07-04T08:11:42,2137,35.632600000000004,1656911509.094641,2022-07-04T08:11:49,2136803,35.61338333333333,13313.484323934497
1656911513,925000,4858744,2,109,-15,113,0,232,11,0,2022-07-04T08:11:53,2148,35.81541666666667,1656911523.8209488,2022-07-04T08:12:03,2147771,35.79618333333334,13376.72029846482
1656911525,944000,4870764,1,107,-19,111,0,63,11,0,2022-07-04T08:12:05,2160,36.01573333333333,1656911534.102061,2022-07-04T08:12:14,2159791,35.99651666666667,13447.196967241995
1656911538,944000,4883764,17,121,-19,113,0,168,11,0,2022-07-04T08:12:18,2173,36.2324,1656911544.761405,2022-07-04T08:12:24,2172791,36.21318333333333,13508.070745642006
1656911549,962000,4894782,17,48,-19,41,0,224,11,0,2022-07-04T08:12:29,2184,36.41603333333333,1656911558.041852,2022-07-04T08:12:38,2183809,36.39681666666667,13561.535282077944
1656911561,940000,4906760,16,116,-17,110,0,55,11,0,2022-07-04T08:12:41,2196,36.61566666666667,1656911568.701041,2022-07-04T08:12:48,2195787,36.59645,13602.812325174407
1656911573,976000,4918796,4,128,-9,126,0,143,11,0,2022-07-04T08:12:53,2208,36.81626666666667,1656911582.461421,2022-07-04T08:13:02,2207823,36.79705,13657.88327275958
1656911584,935000,4929755,27,136,-27,127,0,196,11,0,2022-07-04T08:13:04,2219,36.998916666666666,1656911593.250613,2022-07-04T08:13:13,2218782,36.9797,13708.833120976193
1656911593,944000,4938765,20,138,-19,127,0,189,11,0,2022-07-04T08:13:13,2228,37.14906666666666,1656911603.2204568,2022-07-04T08:13:23,2227792,37.129866666666665,13751.22855079947
1656911608,916000,4953737,17,112,-17,110,0,105,11,0,2022-07-04T08:13:28,2243,37.3986,1656911616.9517648,2022-07-04T08:13:36,2242764,37.379400000000004,13835.05727553904
1656911619,932000,4964753,13,117,-16,103,0,164,11,0,2022-07-04T08:13:39,2254,37.58219999999999,1656911627.740356,2022-07-04T08:13:47,2253780,37.563,13903.291059856952
1656911631,960000,4976780,23,143,-22,132,0,252,11,0,2022-07-04T08:13:51,2266,37.782666666666664,1656911640.8614569,2022-07-04T08:14:00,2265807,37.76345,14037.181102428434
1656911643,990000,4988811,22,136,-21,132,0,70,11,0,2022-07-04T08:14:03,2278,37.98316666666666,1656911651.681161,2022-07-04T08:14:11,2277838,37.96396666666667,14092.760661576209
1656911656,936000,5001757,7,116,-18,125,0,185,11,0,2022-07-04T08:14:16,2291,38.198933333333336,1656911665.5294049,2022-07-04T08:14:25,2290784,38.17973333333334,14140.222392052638
1656911668,980000,5013801,22,135,-22,127,0,17,11,0,2022-07-04T08:14:28,2303,38.39966666666667,1656911675.948621,2022-07-04T08:14:35,2302828,38.38046666666666,14195.304811777356
1656911679,947000,5024768,16,110,-14,104,0,75,11,0,2022-07-04T08:14:39,2314,38.58245,1656911686.4290879,2022-07-04T08:14:46,2313795,38.563250000000004,14242.334793251583
1656911695,973000,5040795,8,93,-9,94,0,7,11,0,2022-07-04T08:14:55,2330,38.84955,1656911710.207649,2022-07-04T08:15:10,2329822,38.83036666666667,14306.571651828079
1656911726,928000,5071749,21,138,-17,124,0,74,11,0,2022-07-04T08:15:26,2361,39.36546666666666,1656911737.057157,2022-07-04T08:15:37,2360776,39.346266666666665,14458.901622701262
1656911738,953000,5083775,22,131,-19,129,0,156,11,0,2022-07-04T08:15:38,2373,39.56588333333333,1656911747.3675249,2022-07-04T08:15:47,2372802,39.5467,14518.117280237906
1656911750,947000,5095769,18,138,-16,128,0,235,11,0,2022-07-04T08:15:50,2385,39.76578333333334,1656911762.0365648,2022-07-04T08:16:02,2384796,39.746599999999994,14580.848676695688
1656911764,979000,5109801,19,139,-17,126,0,124,11,0,2022-07-04T08:16:04,2399,39.999649999999995,1656911772.0865169,2022-07-04T08:16:12,2398828,39.980466666666665,14661.668850535787
1656911775,945000,5120767,9,111,-10,102,0,182,11,0,2022-07-04T08:16:15,2410,40.18241666666667,1656911786.097797,2022-07-04T08:16:26,2409794,40.16323333333333,14718.933999246443
1656911786,969000,5131791,8,31,-10,17,0,240,11,0,2022-07-04T08:16:26,2421,40.36615,1656911796.567317,2022-07-04T08:16:36,2420818,40.34696666666667,14780.007202952627
1656911813,940000,5158763,16,134,-16,125,0,231,11,0,2022-07-04T08:16:53,2448,40.815666666666665,1656911821.1670449,2022-07-04T08:17:01,2447790,40.7965,14919.799666970799
1656911825,936000,5170758,15,110,-17,108,0,62,11,0,2022-07-04T08:17:05,2460,41.0156,1656911831.715792,2022-07-04T08:17:11,2459785,40.99641666666666,14988.974014376148
1656911837,989000,5182812,22,134,-15,128,0,148,11,0,2022-07-04T08:17:17,2472,41.216483333333336,1656911845.5656528,2022-07-04T08:17:25,2471839,41.197316666666666,15094.779890671132
1656911848,944000,5193767,18,111,-12,96,0,194,11,0,2022-07-04T08:17:28,2483,41.39906666666666,1656911856.2351038,2022-07-04T08:17:36,2482794,41.3799,15174.326586173922
1656911860,947000,5205771,9,36,-14,45,0,25,11,0,2022-07-04T08:17:40,2495,41.59911666666667,1656911870.4797728,2022-07-04T08:17:50,2494798,41.579966666666664,15238.806104609683
1656911872,943000,5217767,21,139,-22,128,0,112,11,0,2022-07-04T08:17:52,2507,41.79905,1656911881.1656358,2022-07-04T08:18:01,2506794,41.7799,15294.37225134541
1656911884,979000,5229802,18,105,-15,98,0,200,11,0,2022-07-04T08:18:04,2519,41.999649999999995,1656911891.1754398,2022-07-04T08:18:11,2518829,41.98048333333334,15353.42089916257
1656911896,949000,5241772,22,135,-22,126,0,17,11,0,2022-07-04T08:18:16,2531,42.19915,1656911905.6245918,2022-07-04T08:18:25,2530799,42.17998333333333,15430.573572352234
1656911920,960000,5265783,10,114,-8,107,0,191,11,0,2022-07-04T08:18:40,2555,42.599333333333334,1656911929.92394,2022-07-04T08:18:49,2554810,42.58016666666666,15581.763455964938
1656911932,944000,5277768,21,132,-22,128,0,22,11,0,2022-07-04T08:18:52,2567,42.79906666666667,1656911940.5135329,2022-07-04T08:19:00,2566795,42.779916666666665,15645.255219551942
1656911943,954000,5288778,17,118,-14,104,0,72,11,0,2022-07-04T08:19:03,2578,42.98256666666667,1656911954.4353728,2022-07-04T08:19:14,2577805,42.96341666666667,15694.747736486583
1656911957,981000,5302805,19,133,-19,133,0,212,11,0,2022-07-04T08:19:17,2592,43.216350000000006,1656911965.063109,2022-07-04T08:19:25,2591832,43.197199999999995,15757.650046357081
1656911964,973000,5309797,-1,103,1,92,0,156,11,0,2022-07-04T08:19:24,2599,43.332883333333335,1656911978.983517,2022-07-04T08:19:38,2598824,43.31373333333333,15794.372196918273
1656911991,949000,5336773,16,115,-11,108,0,154,11,0,2022-07-04T08:19:51,2626,43.78248333333333,1656911998.652925,2022-07-04T08:19:58,2625800,43.763333333333335,15939.319565570186
1656912014,938000,5359763,2,142,-5,135,0,36,11,0,2022-07-04T08:20:14,2649,44.16563333333333,1656912023.3636038,2022-07-04T08:20:23,2648790,44.146499999999996,16044.223328182274
1656912038,974000,5383799,17,136,-18,132,0,211,11,0,2022-07-04T08:20:38,2673,44.56623333333334,1656912047.941537,2022-07-04T08:20:47,2672826,44.5471,16152.262146673627
1656912050,945000,5395770,14,108,-12,109,0,28,11,0,2022-07-04T08:20:50,2685,44.765750000000004,1656912058.621749,2022-07-04T08:20:58,2684797,44.74661666666667,16203.33683895541
1656912062,927000,5407752,20,137,-18,125,0,114,11,0,2022-07-04T08:21:02,2697,44.965450000000004,1656912072.782333,2022-07-04T08:21:12,2696779,44.94631666666667,16254.622677837131
1656912074,978000,5419803,0,120,-1,98,0,202,11,0,2022-07-04T08:21:14,2709,45.1663,1656912083.281028,2022-07-04T08:21:23,2708830,45.147166666666664,16310.887907109
1656912099,972000,5444798,-1,110,-6,99,0,137,11,0,2022-07-04T08:21:39,2734,45.58286666666667,1656912108.012717,2022-07-04T08:21:48,2733825,45.56375,16422.172748653647
1656912112,955000,5457780,18,131,-16,129,0,250,11,0,2022-07-04T08:21:52,2747,45.79925,1656912121.88904,2022-07-04T08:22:01,2746807,45.780116666666665,16489.674889799644
1656912123,931000,5468757,3,113,-2,95,0,52,11,0,2022-07-04T08:22:03,2758,45.98218333333333,1656912131.790477,2022-07-04T08:22:11,2757784,45.96306666666667,16541.254305077273
1656912135,956000,5480782,8,106,-10,99,0,139,11,0,2022-07-04T08:22:15,2770,46.1826,1656912142.499872,2022-07-04T08:22:22,2769809,46.16348333333334,16600.10263564831
1656912159,980000,5504806,8,86,-15,80,0,44,11,0,2022-07-04T08:22:39,2794,46.583,1656912166.719761,2022-07-04T08:22:46,2793833,46.56388333333334,16728.218780663294
1656912171,946000,5516773,1,110,-7,97,0,131,11,0,2022-07-04T08:22:51,2806,46.78243333333333,1656912180.647889,2022-07-04T08:23:00,2805800,46.763333333333335,16819.591450839773
1656912183,971000,5528797,6,111,-7,104,0,219,11,0,2022-07-04T08:23:03,2818,46.98285,1656912191.3234959,2022-07-04T08:23:11,2817824,46.96373333333334,16942.444172344636
1656912195,951000,5540777,11,76,-10,64,0,42,11,0,2022-07-04T08:23:15,2830,47.182516666666665,1656912205.17154,2022-07-04T08:23:25,2829804,47.1634,17055.86064081922
1656912207,949000,5552775,-9,112,0,98,0,124,11,0,2022-07-04T08:23:27,2842,47.38248333333333,1656912215.830205,2022-07-04T08:23:35,2841802,47.36336666666667,17153.796262038857
1656912216,967000,5561794,2,110,-9,100,0,126,11,0,2022-07-04T08:23:36,2851,47.532783333333334,1656912226.358837,2022-07-04T08:23:46,2850821,47.51368333333333,17235.267025335186
1656912231,971000,5576798,19,136,-22,127,0,43,11,0,2022-07-04T08:23:51,2866,47.78285,1656912240.193444,2022-07-04T08:24:00,2865825,47.763749999999995,17367.046776553034
1656912241,968000,5586795,17,131,-16,122,0,72,11,0,2022-07-04T08:24:01,2876,47.949466666666666,1656912249.791697,2022-07-04T08:24:09,2875822,47.93036666666667,17419.54954662769
1656912254,965000,5599792,1,110,-8,104,0,174,11,0,2022-07-04T08:24:14,2889,48.16608333333333,1656912263.404285,2022-07-04T08:24:23,2888819,48.14698333333333,17484.407404235564
1656912277,922000,5622749,11,112,-8,94,0,63,11,0,2022-07-04T08:24:37,2912,48.548700000000004,1656912285.101325,2022-07-04T08:24:45,2911776,48.529599999999995,17581.865742278198
1656912289,954000,5634781,-4,113,1,114,0,151,11,0,2022-07-04T08:24:49,2924,48.749233333333336,1656912299.094429,2022-07-04T08:24:59,2923808,48.730133333333335,17636.458684311277
1656912300,968000,5645795,-9,110,3,99,0,198,11,0,2022-07-04T08:25:00,2935,48.9328,1656912308.842373,2022-07-04T08:25:08,2934822,48.9137,17685.83420919419
1656912322,950000,5667777,16,134,-15,120,0,57,11,0,2022-07-04T08:25:22,2957,49.299166666666665,1656912335.972424,2022-07-04T08:25:35,2956804,49.28006666666667,17780.696506484765
1656912338,951000,5683779,13,112,-10,98,0,3,11,0,2022-07-04T08:25:38,2973,49.56585,1656912347.0440478,2022-07-04T08:25:47,2972806,49.54676666666667,17852.47928871372
1656912351,944000,5696771,18,140,-17,124,0,108,11,0,2022-07-04T08:25:51,2986,49.7824,1656912360.954108,2022-07-04T08:26:00,2985798,49.763299999999994,17911.589667610846
1656912357,960000,5702788,5,111,-7,101,0,21,11,0,2022-07-04T08:25:57,2992,49.882666666666665,1656912370.795269,2022-07-04T08:26:10,2991815,49.86358333333333,17938.56157733285
1656912374,956000,5719784,20,123,-15,122,0,251,11,0,2022-07-04T08:26:14,3009,50.165933333333335,1656912386.953045,2022-07-04T08:26:26,3008811,50.14685,18019.525868388104
1656912387,950000,5732778,-4,95,-6,99,0,110,11,0,2022-07-04T08:26:27,3022,50.3825,1656912397.6156409,2022-07-04T08:26:37,3021805,50.363416666666666,18087.576757321385
1656912436,934000,5781762,4,142,-6,131,0,218,11,0,2022-07-04T08:27:16,3071,51.1989,1656912445.547349,2022-07-04T08:27:25,3070789,51.17981666666667,18339.38932963336
1656912482,940000,5827768,14,120,-14,119,0,241,11,0,2022-07-04T08:28:02,3117,51.96566666666667,1656912491.108208,2022-07-04T08:28:11,3116795,51.946583333333336,18553.25597176755
1656912496,945000,5841774,4,131,-6,74,0,130,11,0,2022-07-04T08:28:16,3131,52.199083333333334,1656912505.079056,2022-07-04T08:28:25,3130801,52.18001666666667,18616.248715046415
1656912508,968000,5853797,2,101,-1,94,0,206,11,0,2022-07-04T08:28:28,3143,52.39946666666666,1656912515.519141,2022-07-04T08:28:35,3142824,52.3804,18670.02819170586
1656912520,948000,5865777,7,172,-5,160,0,35,11,0,2022-07-04T08:28:40,3155,52.599133333333334,1656912529.55918,2022-07-04T08:28:49,3154804,52.58006666666667,18728.76933645557
1656912543,944000,5888773,19,123,-16,110,0,181,11,0,2022-07-04T08:29:03,3178,52.9824,1656912553.569876,2022-07-04T08:29:13,3177800,52.96333333333334,18840.370248659256
1656912552,935000,5897764,7,195,-14,200,0,177,11,0,2022-07-04T08:29:12,3187,53.13225,1656912563.970424,2022-07-04T08:29:23,3186791,53.11318333333334,18880.61296483538
1656912565,936000,5910765,-2,136,-4,124,0,28,11,0,2022-07-04T08:29:25,3200,53.348933333333335,1656912574.4476368,2022-07-04T08:29:34,3199792,53.32986666666667,18941.703183312333
1656912578,938000,5923767,14,125,-13,126,0,143,11,0,2022-07-04T08:29:38,3213,53.56563333333334,1656912588.0812838,2022-07-04T08:29:48,3212794,53.54656666666666,19004.79279212397
1656912589,942000,5934771,1,136,-6,130,0,201,11,0,2022-07-04T08:29:49,3224,53.74903333333334,1656912597.932345,2022-07-04T08:29:57,3223798,53.72996666666666,19051.092861774076
1656912601,940000,5946770,4,102,-5,85,0,22,11,0,2022-07-04T08:30:01,3236,53.949,1656912608.9007568,2022-07-04T08:30:08,3235797,53.92995,19121.177965433675
1656912614,995000,5959824,0,140,-6,128,0,135,11,0,2022-07-04T08:30:14,3249,54.16658333333333,1656912622.710949,2022-07-04T08:30:22,3248851,54.14751666666667,19168.16473495375
1656912626,979000,5971809,9,97,-13,87,0,222,11,0,2022-07-04T08:30:26,3261,54.36631666666666,1656912633.510972,2022-07-04T08:30:33,3260836,54.34726666666666,19219.49222448232
1656912649,945000,5994775,3,119,-4,101,0,103,11,0,2022-07-04T08:30:49,3284,54.74908333333334,1656912657.9167569,2022-07-04T08:30:57,3283802,54.73003333333334,19334.567745266548
1656912662,965000,6007795,0,142,-4,131,0,213,11,0,2022-07-04T08:31:02,3297,54.96608333333334,1656912671.7034888,2022-07-04T08:31:11,3296822,54.94703333333334,19396.025279941277
1656912673,951000,6018781,9,128,-16,117,0,15,11,0,2022-07-04T08:31:13,3308,55.14918333333333,1656912682.312564,2022-07-04T08:31:22,3307808,55.13013333333333,19449.60525381344
1656912694,927000,6039757,21,121,-13,109,0,98,11,0,2022-07-04T08:31:34,3329,55.498783333333336,1656912706.382673,2022-07-04T08:31:46,3328784,55.479733333333336,19554.839336739366
1656912722,943000,6067773,17,124,-16,113,0,121,11,0,2022-07-04T08:32:02,3357,55.96571666666667,1656912730.602808,2022-07-04T08:32:10,3356800,55.94666666666667,19694.150481398217
1656912731,926000,6076757,0,135,-2,132,0,122,11,0,2022-07-04T08:32:11,3366,56.115433333333335,1656912741.0945039,2022-07-04T08:32:21,3365784,56.0964,19742.6233905308
1656912744,926000,6089756,14,125,-14,110,0,231,11,0,2022-07-04T08:32:24,3379,56.3321,1656912751.1830409,2022-07-04T08:32:31,3378783,56.31305,19799.008238332903
1656912756,906000,6101737,0,135,-4,129,0,55,11,0,2022-07-04T08:32:36,3391,56.53176666666666,1656912765.2131438,2022-07-04T08:32:45,3390764,56.51273333333334,19859.562051001845
1656912768,921000,6113752,16,122,-16,117,0,142,11,0,2022-07-04T08:32:48,3403,56.73201666666667,1656912775.745517,2022-07-04T08:32:55,3402779,56.712983333333334,19910.94161709386
1656912780,913000,6125744,7,126,-15,118,0,229,11,0,2022-07-04T08:33:00,3415,56.93188333333333,1656912789.604168,2022-07-04T08:33:09,3414771,56.912850000000006,19964.93480289085
1656912792,906000,6137737,15,122,-10,120,0,54,11,0,2022-07-04T08:33:12,3427,57.131766666666664,1656912800.243548,2022-07-04T08:33:20,3426764,57.11273333333334,20020.150492081804
1656912803,889000,6148720,15,124,-13,110,0,105,11,0,2022-07-04T08:33:23,3438,57.314816666666665,1656912814.315188,2022-07-04T08:33:34,3437747,57.29578333333333,20067.353072392503
1656912828,911000,6173742,14,126,-13,113,0,52,11,0,2022-07-04T08:33:48,3463,57.73185,1656912835.1247919,2022-07-04T08:33:55,3462769,57.71281666666666,20180.197965846073
1656912851,890000,6196721,0,136,-1,122,0,184,11,0,2022-07-04T08:34:11,3486,58.11483333333333,1656912858.514204,2022-07-04T08:34:18,3485748,58.095800000000004,20288.454186274084
1656912857,864000,6202696,-1,131,-3,128,0,99,11,0,2022-07-04T08:34:17,3492,58.2144,1656912868.827256,2022-07-04T08:34:28,3491723,58.19538333333333,20324.010687359165
1656912872,918000,6217749,6,109,-12,96,0,17,11,0,2022-07-04T08:34:32,3507,58.4653,1656912882.4052799,2022-07-04T08:34:42,3506776,58.446266666666666,20389.65305182404
1656912883,897000,6228729,5,129,-6,126,0,75,11,0,2022-07-04T08:34:43,3518,58.64828333333333,1656912892.894541,2022-07-04T08:34:52,3517756,58.629266666666666,20442.05183480667
1656912908,909000,6253741,5,100,-19,100,0,9,11,0,2022-07-04T08:35:08,3543,59.06515,1656912916.764492,2022-07-04T08:35:16,3542768,59.04613333333334,20572.312198101947
1656912921,926000,6266758,3,111,-2,126,0,125,11,0,2022-07-04T08:35:21,3556,59.2821,1656912930.40534,2022-07-04T08:35:30,3555785,59.263083333333334,20638.040945237222
1656912933,924000,6278756,1,125,-8,127,0,212,11,0,2022-07-04T08:35:33,3568,59.48206666666667,1656912941.1548119,2022-07-04T08:35:41,3567783,59.463049999999996,20699.10183380811
1656912944,920000,6289752,13,122,-13,109,0,2,11,0,2022-07-04T08:35:44,3579,59.665333333333336,1656912951.707973,2022-07-04T08:35:51,3578779,59.646316666666664,20756.619457186054
1656912956,890000,6301722,5,107,-12,103,0,87,11,0,2022-07-04T08:35:56,3591,59.86483333333333,1656912965.416328,2022-07-04T08:36:05,3590749,59.845816666666664,20826.21912177113
1656912968,913000,6313745,15,102,-7,83,0,175,11,0,2022-07-04T08:36:08,3603,60.065216666666664,1656912975.736176,2022-07-04T08:36:15,3602772,60.0462,20889.33865962081
1656912979,947000,6324779,6,164,-4,158,0,234,11,0,2022-07-04T08:36:19,3614,60.249116666666666,1656912989.70586,2022-07-04T08:36:29,3613806,60.2301,20950.744443357933
1656912987,958000,6332791,18,122,-13,110,0,207,11,0,2022-07-04T08:36:27,3622,60.38263333333334,1656913000.0259929,2022-07-04T08:36:40,3621818,60.36363333333334,20996.272431017438
1656913004,943000,6349775,-8,127,2,120,0,168,11,0,2022-07-04T08:36:44,3639,60.66571666666667,1656913009.9768078,2022-07-04T08:36:49,3638802,60.6467,21095.805955907526
1656913016,932000,6361764,0,100,-6,90,0,255,11,0,2022-07-04T08:36:56,3651,60.86553333333333,1656913023.706585,2022-07-04T08:37:03,3650791,60.846516666666666,21157.772647338956
1656913027,897000,6372730,9,122,-9,109,0,57,11,0,2022-07-04T08:37:07,3662,61.04828333333333,1656913034.2853608,2022-07-04T08:37:14,3661757,61.02928333333333,21216.68859924058
1656913039,917000,6384750,-1,127,-6,123,0,141,11,0,2022-07-04T08:37:19,3674,61.24861666666666,1656913048.406097,2022-07-04T08:37:28,3673777,61.229616666666665,21277.940145370198
1656913063,939000,6408771,10,134,-14,134,0,50,11,0,2022-07-04T08:37:43,3698,61.648983333333334,1656913073.2656279,2022-07-04T08:37:53,3697798,61.62996666666666,21396.75814359088
1656913075,924000,6420756,-3,101,-5,85,0,137,11,0,2022-07-04T08:37:55,3710,61.848733333333335,1656913083.917757,2022-07-04T08:38:03,3709783,61.82971666666666,21456.269338824535
1656913087,959000,6432791,8,113,-9,104,0,225,11,0,2022-07-04T08:38:07,3722,62.04931666666666,1656913098.0070848,2022-07-04T08:38:18,3721818,62.030300000000004,21513.18928935893
1656913097,904000,6442736,4,132,-9,126,0,243,11,0,2022-07-04T08:38:17,3732,62.215066666666665,1656913108.7057638,2022-07-04T08:38:28,3731763,62.19605,21563.69446379478
1656913107,900000,6452732,3,115,-13,110,0,14,11,0,2022-07-04T08:38:27,3742,62.38166666666667,1656913117.987452,2022-07-04T08:38:37,3741759,62.36265,21606.42458919809
1656913124,956000,6469789,-13,53,-2,58,0,245,11,0,2022-07-04T08:38:44,3759,62.665933333333335,1656913132.436013,2022-07-04T08:38:52,3758816,62.64693333333333,21685.771052692264
1656913135,916000,6480749,-3,121,-8,124,0,46,11,0,2022-07-04T08:38:55,3770,62.848600000000005,1656913143.846364,2022-07-04T08:39:03,3769776,62.8296,21738.289426750995
1656913148,909000,6493742,-5,93,-5,73,0,148,11,0,2022-07-04T08:39:08,3783,63.06515,1656913157.065676,2022-07-04T08:39:17,3782769,63.04615,21805.32910266064
1656913160,928000,6505761,-4,124,-1,122,0,235,11,0,2022-07-04T08:39:20,3795,63.26546666666666,1656913167.736245,2022-07-04T08:39:27,3794788,63.24646666666667,21862.383487111103
1656913170,932000,6515765,11,124,-10,112,0,9,11,0,2022-07-04T08:39:30,3805,63.432199999999995,1656913177.386093,2022-07-04T08:39:37,3804792,63.413199999999996,21911.67327790492
1656913191,941000,6536774,0,133,1,121,0,87,11,0,2022-07-04T08:39:51,3826,63.782349999999994,1656913201.633313,2022-07-04T08:40:01,3825801,63.763349999999996,22022.83808457009
1656913206,906000,6551739,1,110,-44,166,0,0,11,0,2022-07-04T08:40:06,3841,64.03176666666667,1656913215.406028,2022-07-04T08:40:15,3840766,64.01276666666666,22100.331549487873
1656913228,932000,6573766,-2,123,0,116,0,117,11,0,2022-07-04T08:40:28,3863,64.39886666666666,1656913239.696197,2022-07-04T08:40:39,3862793,64.37988333333334,22222.150312628222
1656913241,909000,6586742,-2,128,-1,126,0,219,11,0,2022-07-04T08:40:41,3876,64.61515,1656913249.536032,2022-07-04T08:40:49,3875769,64.59615,22298.801702898072
1656913252,948000,6597781,12,115,-13,114,0,22,11,0,2022-07-04T08:40:52,3887,64.79913333333333,1656913260.237268,2022-07-04T08:41:00,3886808,64.78013333333334,22361.96393341007
1656913264,933000,6609766,-6,93,5,98,0,109,11,0,2022-07-04T08:41:04,3899,64.99888333333334,1656913273.596413,2022-07-04T08:41:13,3898793,64.97988333333333,22433.61147727825
1656913271,927000,6616760,11,115,-9,105,0,53,11,0,2022-07-04T08:41:11,3906,65.11545,1656913283.9976928,2022-07-04T08:41:23,3905787,65.09644999999999,22471.78888853391
1656913296,941000,6641775,5,117,-3,112,0,243,11,0,2022-07-04T08:41:36,3931,65.53235,1656913308.0077999,2022-07-04T08:41:48,3930802,65.51336666666667,22616.499006776525
1656913310,912000,6655746,10,106,-12,112,0,131,11,0,2022-07-04T08:41:50,3945,65.7652,1656913318.479333,2022-07-04T08:41:58,3944773,65.74621666666667,22690.369287301895
1656913322,916000,6667749,-5,130,1,123,0,218,11,0,2022-07-04T08:42:02,3957,65.96526666666666,1656913332.228245,2022-07-04T08:42:12,3956776,65.94626666666666,22754.180963443203
1656913334,910000,6679744,-10,101,4,94,0,40,11,0,2022-07-04T08:42:14,3969,66.16516666666666,1656913342.438653,2022-07-04T08:42:22,3968771,66.14618333333334,22815.197749190156
1656913346,899000,6691733,1,114,-4,107,0,122,11,0,2022-07-04T08:42:26,3981,66.36498333333333,1656913356.0469248,2022-07-04T08:42:36,3980760,66.346,22878.98448919839
1656913358,897000,6703731,2,132,-7,122,0,209,11,0,2022-07-04T08:42:38,3993,66.56495,1656913366.586933,2022-07-04T08:42:46,3992758,66.54596666666666,22940.50877678544
1656913369,942000,6714776,14,108,-11,102,0,12,11,0,2022-07-04T08:42:49,4004,66.74903333333333,1656913377.1970968,2022-07-04T08:42:57,4003803,66.73004999999999,22997.653283397765
1656913394,900000,6739734,-6,116,1,109,0,200,11,0,2022-07-04T08:43:14,4029,67.165,1656913401.826568,2022-07-04T08:43:21,4028761,67.14601666666667,23108.263134715435
1656913406,908000,6751742,-5,104,-10,108,0,31,11,0,2022-07-04T08:43:26,4041,67.36513333333333,1656913415.337489,2022-07-04T08:43:35,4040769,67.34615,23173.57110869299
1656913417,924000,6762758,-1,124,0,116,0,90,11,0,2022-07-04T08:43:37,4052,67.54873333333333,1656913425.476497,2022-07-04T08:43:45,4051785,67.52974999999999,23232.16788581428
1656913429,932000,6774766,-4,104,2,113,0,170,11,0,2022-07-04T08:43:49,4064,67.74886666666666,1656913435.427053,2022-07-04T08:43:55,4063793,67.72988333333333,23290.459500628902
1656913440,941000,6785775,-7,127,3,126,0,223,11,0,2022-07-04T08:44:00,4075,67.93235,1656913449.126232,2022-07-04T08:44:09,4074802,67.91336666666668,23347.311557263798
1656913449,950000,6794784,9,106,-10,111,0,224,11,0,2022-07-04T08:44:09,4084,68.0825,1656913459.636204,2022-07-04T08:44:19,4083811,68.06351666666667,23394.490953127708
1656913464,946000,6809780,-3,123,1,102,0,140,11,0,2022-07-04T08:44:24,4099,68.33243333333333,1656913473.367516,2022-07-04T08:44:33,4098807,68.31345,23475.36260834796
1656913476,918000,6821752,11,111,-6,111,0,215,11,0,2022-07-04T08:44:36,4111,68.53196666666666,1656913484.206429,2022-07-04T08:44:44,4110779,68.51298333333334,23540.72965504085
1656913488,928000,6833762,-10,112,4,99,0,44,11,0,2022-07-04T08:44:48,4123,68.73213333333334,1656913497.826781,2022-07-04T08:44:57,4122789,68.71315,23612.638476865726
1656913500,929000,6845764,-1,122,-2,114,0,131,11,0,2022-07-04T08:45:00,4135,68.93215000000001,1656913508.387584,2022-07-04T08:45:08,4134791,68.91318333333334,23670.880479383213
1656913507,918000,6852752,-1,124,-6,118,0,75,11,0,2022-07-04T08:45:07,4142,69.04863333333333,1656913518.4660249,2022-07-04T08:45:18,4141779,69.02965,23712.514137449107
1656913522,895000,6867729,-4,119,-7,123,0,240,11,0,2022-07-04T08:45:22,4157,69.29825000000001,1656913532.096117,2022-07-04T08:45:32,4156756,69.27926666666667,23791.87601181227
1656913535,917000,6880751,1,122,2,109,0,94,11,0,2022-07-04T08:45:35,4170,69.51528333333334,1656913542.396829,2022-07-04T08:45:42,4169778,69.4963,23871.102942147285
1656913546,904000,6891738,-15,104,9,100,0,152,11,0,2022-07-04T08:45:46,4181,69.6984,1656913556.147601,2022-07-04T08:45:56,4180765,69.67941666666667,23934.648146256426
1656913558,907000,6903742,2,137,-6,132,0,239,11,0,2022-07-04T08:45:58,4193,69.89845,1656913566.196049,2022-07-04T08:46:06,4192769,69.87948333333334,23994.828458595875
1656913564,920000,6909755,-11,118,5,109,0,155,11,0,2022-07-04T08:46:04,4199,69.99866666666667,1656913579.896512,2022-07-04T08:46:19,4198782,69.97970000000001,24026.055341244104
1656913582,919000,6927753,1,140,-4,140,0,144,11,0,2022-07-04T08:46:22,4217,70.29865,1656913590.6804,2022-07-04T08:46:30,4216780,70.27966666666666,24129.35975029101
1656913606,895000,6951729,-6,104,11,101,0,61,11,0,2022-07-04T08:46:46,4241,70.69825,1656913615.096057,2022-07-04T08:46:55,4240756,70.67926666666668,24258.42261460535
1656913618,917000,6963752,-5,115,0,110,0,142,11,0,2022-07-04T08:46:58,4253,70.89861666666667,1656913625.566068,2022-07-04T08:47:05,4252779,70.87965000000001,24315.499780715607
1656913630,903000,6975737,-2,127,1,127,0,222,11,0,2022-07-04T08:47:10,4265,71.09838333333333,1656913639.426293,2022-07-04T08:47:19,4264764,71.0794,24383.41375333167
1656913642,880000,6987714,-5,110,5,108,0,52,11,0,2022-07-04T08:47:22,4277,71.298,1656913649.917073,2022-07-04T08:47:29,4276741,71.27901666666666,24437.635802900666
1656913665,954000,7010788,-1,138,-4,127,0,190,11,0,2022-07-04T08:47:45,4300,71.68256666666666,1656913673.676748,2022-07-04T08:47:53,4299815,71.66358333333332,24565.462858659517
1656913677,929000,7022763,-8,117,3,117,0,15,11,0,2022-07-04T08:47:57,4312,71.88215,1656913684.625705,2022-07-04T08:48:04,4311790,71.86316666666667,24621.69604226253
1656913690,930000,7035765,-3,119,-3,112,0,130,11,0,2022-07-04T08:48:10,4325,72.09883333333333,1656913698.4668689,2022-07-04T08:48:18,4324792,72.07986666666667,24683.336960605906
1656913702,914000,7047749,-1,126,2,109,0,216,11,0,2022-07-04T08:48:22,4337,72.29856666666666,1656913708.9768639,2022-07-04T08:48:28,4336776,72.2796,24745.14179844032
1656913711,912000,7056746,-2,130,1,110,0,207,11,0,2022-07-04T08:48:31,4346,72.44853333333334,1656913722.3859,2022-07-04T08:48:42,4345773,72.42955,24765.81383903177
1656913725,940000,7070774,2,134,-9,132,0,93,11,0,2022-07-04T08:48:45,4360,72.68233333333333,1656913733.036969,2022-07-04T08:48:53,4359801,72.66335000000001,24841.255417799657
1656913732,955000,7077789,3,133,-8,132,0,37,11,0,2022-07-04T08:48:52,4367,72.79925,1656913746.6958768,2022-07-04T08:49:06,4366816,72.78026666666666,24870.433411213566
1656913748,916000,7093750,1,126,-1,109,0,233,11,0,2022-07-04T08:49:08,4383,73.06526666666667,1656913757.646097,2022-07-04T08:49:17,4382777,73.04628333333334,24947.03759580599
1656913760,939000,7105774,-5,118,-4,119,0,55,11,0,2022-07-04T08:49:20,4395,73.26565000000001,1656913768.30586,2022-07-04T08:49:28,4394801,73.24668333333334,25000.091677484324
1656913772,923000,7117758,-3,102,4,107,0,141,11,0,2022-07-04T08:49:32,4407,73.46538333333334,1656913781.517752,2022-07-04T08:49:41,4406785,73.44641666666666,25072.801688885917
1656913784,904000,7129739,-8,115,4,109,0,227,11,0,2022-07-04T08:49:44,4419,73.66506666666668,1656913792.256553,2022-07-04T08:49:52,4418766,73.64609999999999,25117.808522517214
1656913796,925000,7141759,4,128,-6,114,0,49,11,0,2022-07-04T08:49:56,4431,73.86541666666668,1656913806.087257,2022-07-04T08:50:06,4430786,73.84643333333334,25176.155139841158
1656913809,897000,7154731,-12,119,5,114,0,160,11,0,2022-07-04T08:50:09,4444,74.08161666666666,1656913816.495488,2022-07-04T08:50:16,4443758,74.06263333333332,25246.310717859822
1656913820,934000,7165769,-10,120,2,108,0,219,11,0,2022-07-04T08:50:20,4455,74.26556666666667,1656913830.566756,2022-07-04T08:50:30,4454796,74.2466,25303.658913431234
1656913832,914000,7177749,7,175,-4,165,0,49,11,0,2022-07-04T08:50:32,4467,74.46523333333333,1656913841.2285879,2022-07-04T08:50:41,4466776,74.44626666666666,25385.116354158414
1656913843,900000,7188735,-5,112,-2,117,0,97,11,0,2022-07-04T08:50:43,4478,74.64833333333333,1656913851.4653878,2022-07-04T08:50:51,4477762,74.62936666666666,25448.03238382377
1656913856,922000,7201756,1,121,-6,112,0,210,11,0,2022-07-04T08:50:56,4491,74.86536666666666,1656913865.165377,2022-07-04T08:51:05,4490783,74.84638333333334,25514.88749191502
1656913868,927000,7213762,-6,124,2,108,0,41,11,0,2022-07-04T08:51:08,4503,75.06545,1656913875.0356998,2022-07-04T08:51:15,4502789,75.04648333333333,25580.114225127487
1656913874,969000,7219804,11,195,22,151,0,213,11,0,2022-07-04T08:51:14,4509,75.16615,1656913888.595301,2022-07-04T08:51:28,4508831,75.14718333333333,25621.18758869238
1656913891,933000,7236767,-8,108,-19,109,0,174,11,0,2022-07-04T08:51:31,4526,75.44888333333333,1656913899.3853838,2022-07-04T08:51:39,4525794,75.4299,25708.111482666078
1656913903,917000,7248751,-4,112,0,110,0,4,11,0,2022-07-04T08:51:43,4538,75.64861666666667,1656913910.017961,2022-07-04T08:51:50,4537778,75.62963333333333,25774.635055251085
1656913915,905000,7260739,-13,107,5,97,0,91,11,0,2022-07-04T08:51:55,4550,75.84841666666667,1656913923.7056398,2022-07-04T08:52:03,4549766,75.82943333333333,25838.589403397218
1656913927,944000,7272778,-6,116,0,108,0,179,11,0,2022-07-04T08:52:07,4562,76.04906666666668,1656913934.367084,2022-07-04T08:52:14,4561805,76.03008333333334,25899.419923433394
1656913939,919000,7284754,0,137,-3,129,0,0,11,0,2022-07-04T08:52:19,4574,76.24865,1656913948.125552,2022-07-04T08:52:28,4573781,76.22968333333333,25956.199254897558
1656913947,929000,7292764,-13,114,1,95,0,225,11,0,2022-07-04T08:52:27,4582,76.38215,1656913958.746361,2022-07-04T08:52:38,4581791,76.36318333333334,26017.11218820039
1656913956,951000,7301785,2,102,0,104,0,227,11,0,2022-07-04T08:52:36,4591,76.53251666666667,1656913968.149333,2022-07-04T08:52:48,4590812,76.51353333333333,26051.445513835395
1656913973,939000,7318774,-1,111,-12,110,0,201,11,0,2022-07-04T08:52:53,4608,76.81565,1656913981.657048,2022-07-04T08:53:01,4607801,76.79668333333333,26135.125192637875
1656913984,957000,7329792,0,132,0,130,0,4,11,0,2022-07-04T08:53:04,4619,76.99928333333334,1656913992.4452279,2022-07-04T08:53:12,4618819,76.98031666666667,26175.478010528834
1656913996,934000,7341769,-4,136,-1,131,0,77,11,0,2022-07-04T08:53:16,4631,77.19890000000001,1656914006.2057328,2022-07-04T08:53:26,4630796,77.17993333333334,26232.369185180698
1656914020,946000,7365781,3,118,-5,108,0,251,11,0,2022-07-04T08:53:40,4655,77.59909999999999,1656914030.3765008,2022-07-04T08:53:50,4654808,77.58013333333334,26331.36255826541
1656914032,917000,7377752,-7,77,-17,85,0,77,11,0,2022-07-04T08:53:52,4667,77.79861666666667,1656914041.035184,2022-07-04T08:54:01,4666779,77.77965,26388.302240079774
1656914043,927000,7388761,-4,107,-1,108,0,127,11,0,2022-07-04T08:54:03,4678,77.98211666666666,1656914051.295909,2022-07-04T08:54:11,4677788,77.96313333333333,26423.214441606728
1656914056,933000,7401768,-8,113,1,104,0,242,11,0,2022-07-04T08:54:16,4691,78.19888333333333,1656914065.105633,2022-07-04T08:54:25,4690795,78.17991666666667,26487.513597346002
1656914068,923000,7413758,-2,117,3,100,0,72,11,0,2022-07-04T08:54:28,4703,78.39871666666666,1656914075.795929,2022-07-04T08:54:35,4702785,78.37975,26470.327046296512
1656914089,957000,7434792,2,144,2,128,0,148,11,0,2022-07-04T08:54:49,4724,78.74928333333334,1656914100.2252169,2022-07-04T08:55:00,4723819,78.73031666666667,26104.14912669043
1656914103,946000,7448780,-1,114,2,103,0,36,11,0,2022-07-04T08:55:03,4738,78.98243333333333,1656914110.247933,2022-07-04T08:55:10,4737807,78.96345,25539.96144604802
1656914115,894000,7460729,-1,112,0,97,0,122,11,0,2022-07-04T08:55:15,4750,79.18156666666667,1656914124.2554798,2022-07-04T08:55:24,4749756,79.16260000000001,25019.041441223293
1656914151,923000,7496757,-7,122,6,109,0,115,11,0,2022-07-04T08:55:51,4786,79.78205,1656914159.895412,2022-07-04T08:55:59,4785784,79.76306666666666,23478.5632999815
1656914164,952000,7509786,-4,121,-3,96,0,231,11,0,2022-07-04T08:56:04,4799,79.9992,1656914172.967301,2022-07-04T08:56:12,4798813,79.98021666666666,22827.403548351598
1656914176,945000,7521780,-11,121,6,113,0,54,11,0,2022-07-04T08:56:16,4811,80.19908333333333,1656914184.5248039,2022-07-04T08:56:24,4810807,80.18011666666666,22527.91886593904
1656914188,948000,7533783,5,142,-4,128,0,136,11,0,2022-07-04T08:56:28,4823,80.39913333333334,1656914197.695433,2022-07-04T08:56:37,4822810,80.38016666666667,22106.859128030454
1656914212,902000,7557736,8,105,-9,110,0,53,11,0,2022-07-04T08:56:52,4847,80.79836666666667,1656914218.664532,2022-07-04T08:56:58,4846763,80.77938333333333,21178.771760784228
1656914234,950000,7579784,-3,132,-8,129,0,157,11,0,2022-07-04T08:57:14,4869,81.16583333333332,1656914242.4154959,2022-07-04T08:57:22,4868811,81.14685,20598.114737597156
1656914240,922000,7585756,-11,43,-3,39,0,72,11,0,2022-07-04T08:57:20,4875,81.26536666666667,1656914256.1154559,2022-07-04T08:57:36,4874783,81.24638333333334,20417.45505751136
1656914256,955000,7601790,-1,125,2,120,0,18,11,0,2022-07-04T08:57:36,4891,81.53258333333333,1656914267.054957,2022-07-04T08:57:47,4890817,81.51361666666666,19952.959638582277
1656914269,916000,7614751,7,106,-5,93,0,129,11,0,2022-07-04T08:57:49,4904,81.7486,1656914277.205509,2022-07-04T08:57:57,4903778,81.72963333333334,19584.633872314123
1656914282,952000,7627787,-1,120,1,112,0,236,11,0,2022-07-04T08:58:02,4917,81.96586666666667,1656914291.116097,2022-07-04T08:58:11,4916814,81.9469,19226.670653809848
1656914294,944000,7639779,-2,115,-1,102,0,67,11,0,2022-07-04T08:58:14,4929,82.16573333333334,1656914301.602861,2022-07-04T08:58:21,4928806,82.14676666666666,18902.424880060793
1656914306,897000,7651732,1,113,-5,123,0,153,11,0,2022-07-04T08:58:26,4941,82.36495,1656914315.465637,2022-07-04T08:58:35,4940759,82.34598333333334,18600.168528740214
1656914318,931000,7663765,6,114,-4,99,0,236,11,0,2022-07-04T08:58:38,4953,82.56551666666665,1656914326.1368608,2022-07-04T08:58:46,4952792,82.54653333333334,18294.514105992428
1656914324,905000,7669739,-7,88,-47,133,0,145,11,0,2022-07-04T08:58:44,4959,82.66508333333333,1656914339.2062678,2022-07-04T08:58:59,4958766,82.64609999999999,18146.48513588416
1656914366,960000,7711793,0,132,-1,120,0,64,11,0,2022-07-04T08:59:26,5001,83.366,1656914374.676193,2022-07-04T08:59:34,5000820,83.347,17148.946467167425
1656914390,958000,7734791,-2,137,0,128,0,196,11,0,2022-07-04T08:59:50,5025,83.76596666666666,1656914398.887012,2022-07-04T08:59:58,5023818,83.7303,16612.122478607886
1656914398,945000,7743777,-3,135,-2,130,0,197,11,0,2022-07-04T08:59:58,5033,83.89908333333332,1656914409.557896,2022-07-04T09:00:09,5032804,83.88006666666666,16437.895741358072
1656914413,999000,7758831,12,130,-9,119,0,115,11,0,2022-07-04T09:00:13,5048,84.14998333333332,1656914423.126885,2022-07-04T09:00:23,5047858,84.13096666666667,16114.183570400288
1656914425,933000,7770765,8,167,-9,171,0,189,11,0,2022-07-04T09:00:25,5060,84.34888333333333,1656914433.866953,2022-07-04T09:00:33,5059792,84.32986666666667,15810.520216182818
1656914437,951000,7782783,7,108,-6,101,0,19,11,0,2022-07-04T09:00:37,5072,84.54918333333333,1656914447.908845,2022-07-04T09:00:47,5071810,84.53016666666667,15671.0974603309
1656914450,950000,7795782,15,135,-14,125,0,135,11,0,2022-07-04T09:00:50,5085,84.76583333333333,1656914458.4871478,2022-07-04T09:00:58,5084809,84.74681666666667,15444.206462064069
1656914473,948000,7818780,-8,99,-7,102,0,14,11,0,2022-07-04T09:01:13,5108,85.14913333333334,1656914482.358492,2022-07-04T09:01:22,5107807,85.13011666666667,15041.951687373297
1656914485,925000,7830757,16,124,-19,119,0,97,11,0,2022-07-04T09:01:25,5120,85.34875000000001,1656914493.718272,2022-07-04T09:01:33,5119784,85.32973333333332,14839.44980432415
1656914498,955000,7843787,-3,97,-4,93,0,213,11,0,2022-07-04T09:01:38,5133,85.56591666666667,1656914507.277869,2022-07-04T09:01:47,5132814,85.54690000000001,14621.575453627513
1656914508,937000,7853769,0,114,-29,160,0,243,11,0,2022-07-04T09:01:48,5143,85.73228333333333,1656914517.588136,2022-07-04T09:01:57,5142796,85.71326666666667,14455.43050518428
1656914520,954000,7865786,6,114,-6,104,0,66,11,0,2022-07-04T09:02:00,5155,85.93256666666666,1656914527.888017,2022-07-04T09:02:07,5154813,85.91355,14257.406008842818
1656914532,941000,7877773,14,142,-15,136,0,148,11,0,2022-07-04T09:02:12,5167,86.13235,1656914541.669113,2022-07-04T09:02:21,5166800,86.11333333333333,14061.28561139303
1656914545,961000,7890792,7,109,-8,99,0,8,11,0,2022-07-04T09:02:25,5180,86.34935,1656914552.238365,2022-07-04T09:02:32,5179819,86.33031666666668,13859.924993998813
1656914569,959000,7914791,8,113,-8,108,0,174,11,0,2022-07-04T09:02:49,5204,86.74931666666666,1656914577.1202168,2022-07-04T09:02:57,5203818,86.7303,13495.599113707189
1656914582,947000,7927778,-8,111,2,110,0,29,11,0,2022-07-04T09:03:02,5217,86.96578333333333,1656914591.23824,2022-07-04T09:03:11,5216805,86.94675000000001,13308.261689030265
1656914592,906000,7937737,-7,103,1,106,0,58,11,0,2022-07-04T09:03:12,5227,87.13176666666666,1656914601.699004,2022-07-04T09:03:21,5226764,87.11273333333334,13161.385608449209
1656914604,943000,7949774,7,100,-10,97,0,146,11,0,2022-07-04T09:03:24,5239,87.33238333333334,1656914615.758648,2022-07-04T09:03:35,5238801,87.31335,12986.873497322036
1656914617,925000,7962756,4,120,-6,114,0,254,11,0,2022-07-04T09:03:37,5252,87.54875,1656914625.698212,2022-07-04T09:03:45,5251783,87.52971666666667,12803.30055198301
1656914630,982000,7975813,12,112,-8,106,0,108,11,0,2022-07-04T09:03:50,5265,87.76636666666667,1656914636.6108599,2022-07-04T09:03:56,5264840,87.74733333333333,12615.884202819136
1656914640,923000,7985754,14,140,-19,132,0,137,11,0,2022-07-04T09:04:00,5275,87.93204999999999,1656914650.648948,2022-07-04T09:04:10,5274781,87.91301666666666,12475.008417745961
1656914650,961000,7995792,2,118,-2,118,0,168,11,0,2022-07-04T09:04:10,5285,88.09935,1656914660.6393049,2022-07-04T09:04:20,5284819,88.08031666666668,12328.655085771112
1656914660,955000,8005785,-1,107,-8,95,0,198,11,0,2022-07-04T09:04:20,5295,88.26591666666667,1656914670.620389,2022-07-04T09:04:30,5294812,88.24686666666666,12196.406867890631
1656914675,941000,8020771,-2,131,-7,123,0,102,11,0,2022-07-04T09:04:35,5310,88.51568333333333,1656914685.369304,2022-07-04T09:04:45,5309798,88.49663333333334,11985.217591421262
1656914688,947000,8033778,11,116,-9,109,0,217,11,0,2022-07-04T09:04:48,5323,88.73245,1656914696.168653,2022-07-04T09:04:56,5322805,88.71341666666667,11815.867893605833
1656914700,941000,8045771,-6,28,-1,31,0,48,11,0,2022-07-04T09:05:00,5335,88.93235,1656914710.629408,2022-07-04T09:05:10,5334798,88.91329999999999,11656.954569047251
1656914725,939000,8070769,5,105,-16,117,0,238,11,0,2022-07-04T09:05:25,5360,89.34898333333334,1656914735.208876,2022-07-04T09:05:35,5359796,89.32993333333334,11336.158590253539
1656914738,964000,8083794,4,96,-1,85,0,97,11,0,2022-07-04T09:05:38,5373,89.56606666666667,1656914745.8483238,2022-07-04T09:05:45,5372821,89.54701666666666,11166.068798172208
1656914750,977000,8095807,9,109,-21,87,0,184,11,0,2022-07-04T09:05:50,5385,89.76628333333333,1656914760.268661,2022-07-04T09:06:00,5384834,89.74723333333333,11018.519495462839
1656914762,968000,8107798,12,57,-27,52,0,15,11,0,2022-07-04T09:06:02,5397,89.96613333333333,1656914771.388701,2022-07-04T09:06:11,5396825,89.94708333333332,10869.745964915975
1656914774,952000,8119782,12,96,-17,91,0,89,11,0,2022-07-04T09:06:14,5409,90.16586666666667,1656914785.648965,2022-07-04T09:06:25,5408809,90.14681666666667,10724.81530957184
1656914800,930000,8145760,5,101,-2,91,0,64,11,0,2022-07-04T09:06:40,5435,90.59883333333333,1656914807.44242,2022-07-04T09:06:47,5434787,90.57978333333334,10413.741453110053
1656914813,942000,8158772,-5,113,-25,101,0,180,11,0,2022-07-04T09:06:53,5448,90.8157,1656914821.9707608,2022-07-04T09:07:01,5447799,90.79665,10262.14435554165
1656914826,946000,8171775,2,99,-5,90,0,26,11,0,2022-07-04T09:07:06,5461,91.03243333333333,1656914832.9384449,2022-07-04T09:07:12,5460802,91.01336666666666,10108.200914637424
1656914839,957000,8184787,-4,133,-19,127,0,142,11,0,2022-07-04T09:07:19,5474,91.24928333333334,1656914846.96994,2022-07-04T09:07:26,5473814,91.23023333333335,9955.944351509504
1656914851,950000,8196779,6,105,-4,93,0,229,11,0,2022-07-04T09:07:31,5486,91.44916666666667,1656914857.980937,2022-07-04T09:07:37,5485806,91.4301,9816.650958858609
1656914864,962000,8209791,8,107,-28,97,0,88,11,0,2022-07-04T09:07:44,5499,91.66603333333335,1656914872.2291958,2022-07-04T09:07:52,5498818,91.64696666666667,9668.061636989507
1656914875,969000,8220798,19,124,-20,117,0,133,11,0,2022-07-04T09:07:55,5510,91.84948333333334,1656914883.399469,2022-07-04T09:08:03,5509825,91.83041666666666,9543.305788441186
1656914887,969000,8232798,17,131,-14,122,0,220,11,0,2022-07-04T09:08:07,5522,92.04948333333333,1656914897.828305,2022-07-04T09:08:17,5521825,92.03041666666667,9405.914314389134
1656914912,939000,8257768,3,101,-4,89,0,166,11,0,2022-07-04T09:08:32,5547,92.46565000000001,1656914922.879648,2022-07-04T09:08:42,5546795,92.44658333333334,9126.853934121058
1656914926,935000,8271764,14,128,-15,121,0,41,11,0,2022-07-04T09:08:46,5561,92.69891666666668,1656914934.2482,2022-07-04T09:08:54,5560791,92.67985,8973.645489435581
1656914938,959000,8283788,7,87,-22,85,0,128,11,0,2022-07-04T09:08:58,5573,92.89931666666666,1656914948.5090408,2022-07-04T09:09:08,5572815,92.88024999999999,8842.61482764289
1656914951,952000,8296780,7,114,-22,119,0,243,11,0,2022-07-04T09:09:11,5586,93.11586666666668,1656914959.5084798,2022-07-04T09:09:19,5585807,93.09678333333333,8702.062748556384
1656914962,921000,8307749,3,100,-2,92,0,38,11,0,2022-07-04T09:09:22,5597,93.29868333333334,1656914970.5681329,2022-07-04T09:09:30,5596776,93.2796,8585.513109972648
1656914976,957000,8321785,15,130,-19,126,0,176,11,0,2022-07-04T09:09:36,5611,93.53261666666667,1656914984.838548,2022-07-04T09:09:44,5610812,93.51353333333333,8434.556759887268
1656914988,960000,8333789,5,108,-5,98,0,7,11,0,2022-07-04T09:09:48,5623,93.73266666666667,1656914995.7880678,2022-07-04T09:09:55,5622816,93.7136,8306.373485698756
1656915001,929000,8346757,0,130,-25,113,0,122,11,0,2022-07-04T09:10:01,5636,93.94881666666667,1656915010.008213,2022-07-04T09:10:10,5635784,93.92973333333333,8172.132670788137
1656915025,967000,8370795,18,125,-19,117,0,27,11,0,2022-07-04T09:10:25,5660,94.34944999999999,1656915035.088256,2022-07-04T09:10:35,5659822,94.33036666666666,7926.104556849013
1656915038,948000,8383776,19,132,-18,126,0,142,11,0,2022-07-04T09:10:38,5673,94.56580000000001,1656915046.41778,2022-07-04T09:10:46,5672803,94.54671666666667,7795.4033866886475
1656915051,940000,8396767,10,129,-24,111,0,1,11,0,2022-07-04T09:10:51,5686,94.78233333333333,1656915060.4509408,2022-07-04T09:11:00,5685794,94.76323333333333,7663.616936666914
1656915063,979000,8408807,-5,130,-15,144,0,77,11,0,2022-07-04T09:11:03,5698,94.98298333333334,1656915071.417832,2022-07-04T09:11:11,5697834,94.9639,7541.114484219431
1656915075,936000,8420764,18,117,-22,111,0,162,11,0,2022-07-04T09:11:15,5710,95.18226666666666,1656915085.358445,2022-07-04T09:11:25,5709791,95.16318333333334,7421.316682353197
1656915100,973000,8445800,14,125,-16,118,0,109,11,0,2022-07-04T09:11:40,5735,95.59955,1656915107.048621,2022-07-04T09:11:47,5734827,95.58045,7179.498904700629
1656915113,935000,8458762,2,16,-9,26,0,210,11,0,2022-07-04T09:11:53,5748,95.81558333333334,1656915121.0387208,2022-07-04T09:12:01,5747789,95.79648333333333,7051.115034402677
1656915124,966000,8469793,19,123,-17,108,0,13,11,0,2022-07-04T09:12:04,5759,95.99943333333334,1656915131.927388,2022-07-04T09:12:11,5758820,95.98033333333333,6945.436822223791
1656915137,918000,8481745,13,215,-15,218,0,99,11,0,2022-07-04T09:12:17,5772,96.2153,1656915146.060621,2022-07-04T09:12:26,5770772,96.17953333333334,6822.905129281189
1656915148,948000,8493775,3,105,-23,90,0,187,11,0,2022-07-04T09:12:28,5783,96.39913333333334,1656915157.047673,2022-07-04T09:12:37,5782802,96.38003333333333,6719.863758125882
1656915161,951000,8506778,3,105,-20,104,0,34,11,0,2022-07-04T09:12:41,5796,96.61585,1656915172.0274038,2022-07-04T09:12:52,5795805,96.59675,6596.385110876662
1656915175,935000,8520762,17,115,-14,111,0,178,11,0,2022-07-04T09:12:55,5810,96.84891666666667,1656915182.6481009,2022-07-04T09:13:02,5809789,96.82981666666666,6466.983523244977
1656915188,951000,8533778,13,129,-13,117,0,38,11,0,2022-07-04T09:13:08,5823,97.06585,1656915196.6889758,2022-07-04T09:13:16,5822805,97.04675,6341.327853377779
1656915200,944000,8545771,14,123,-14,118,0,125,11,0,2022-07-04T09:13:20,5835,97.26573333333334,1656915207.5470889,2022-07-04T09:13:27,5834798,97.24663333333334,6231.0010783741245
1656915212,933000,8557760,0,102,-18,94,0,198,11,0,2022-07-04T09:13:32,5847,97.46555,1656915221.507097,2022-07-04T09:13:41,5846787,97.44645,6122.034491452012
1656915225,914000,8570741,16,119,-13,103,0,57,11,0,2022-07-04T09:13:45,5860,97.6819,1656915232.446205,2022-07-04T09:13:52,5859768,97.6628,6006.458307533615
1656915237,962000,8582789,9,105,-29,90,0,145,11,0,2022-07-04T09:13:57,5872,97.88270000000001,1656915246.618332,2022-07-04T09:14:06,5871816,97.86359999999999,5901.2617104582
1656915249,960000,8594787,-7,99,-22,100,0,232,11,0,2022-07-04T09:14:09,5884,98.08266666666667,1656915257.768072,2022-07-04T09:14:17,5883814,98.06356666666667,5797.189467682963
1656915261,941000,8606768,12,116,-12,111,0,50,11,0,2022-07-04T09:14:21,5896,98.28235,1656915268.5624158,2022-07-04T09:14:28,5895795,98.26325,5694.407556080864
1656915274,956000,8619783,0,112,-10,113,0,166,11,0,2022-07-04T09:14:34,5909,98.49926666666667,1656915283.136689,2022-07-04T09:14:43,5908810,98.48016666666668,5580.273417989976
1656915285,931000,8630759,15,112,-11,100,0,224,11,0,2022-07-04T09:14:45,5920,98.68218333333333,1656915297.5579128,2022-07-04T09:14:57,5919786,98.6631,5487.777875677732
1656915299,926000,8644754,9,198,-11,194,0,107,11,0,2022-07-04T09:14:59,5934,98.91543333333334,1656915308.468864,2022-07-04T09:15:08,5933781,98.89635,5371.911087135966
1656915313,14000,8657842,13,124,-12,111,0,216,11,0,2022-07-04T09:15:13,5948,99.13356666666667,1656915319.626504,2022-07-04T09:15:19,5946869,99.11448333333333,5264.559806223453
1656915324,969000,8669798,6,17,-5,11,0,46,11,0,2022-07-04T09:15:24,5959,99.33281666666667,1656915333.767825,2022-07-04T09:15:33,5958825,99.31375,5164.487083795983
1656915337,953000,8682781,15,117,-10,102,0,161,11,0,2022-07-04T09:15:37,5972,99.54921666666668,1656915344.549192,2022-07-04T09:15:44,5971808,99.53013333333334,5059.329920155604
1656915343,932000,8688760,10,132,-13,123,0,76,11,0,2022-07-04T09:15:43,5978,99.64886666666666,1656915358.766352,2022-07-04T09:15:58,5977787,99.62978333333334,4993.3363766894445
1656915357,914000,8702742,1,101,-7,112,0,206,11,0,2022-07-04T09:15:57,5992,99.8819,1656915369.5780919,2022-07-04T09:16:09,5991769,99.86281666666667,4869.373628352718
1656915374,7000,8718836,-11,113,-9,101,0,153,11,0,2022-07-04T09:16:14,6009,100.15011666666666,1656915383.4373689,2022-07-04T09:16:23,6007863,100.13105,4758.84672632824
1656915386,978000,8731807,12,111,-18,108,0,12,11,0,2022-07-04T09:16:26,6021,100.3663,1656915393.8285,2022-07-04T09:16:33,6020834,100.34723333333334,4652.934407447349
1656915401,981000,8746810,6,105,-9,104,0,173,11,0,2022-07-04T09:16:41,6036,100.61635,1656915417.4570968,2022-07-04T09:16:57,6035837,100.59728333333334,4483.898096004532
1656915419,977000,8764804,12,130,-11,121,0,174,11,0,2022-07-04T09:16:59,6054,100.91628333333333,1656915427.7158399,2022-07-04T09:17:07,6053831,100.89718333333333,4377.277960641591
1656915431,951000,8776778,8,105,-9,96,0,4,11,0,2022-07-04T09:17:11,6066,101.11585,1656915438.326305,2022-07-04T09:17:18,6065805,101.09675,4278.284282819363
1656915443,914000,8788741,2,142,-3,133,0,81,11,0,2022-07-04T09:17:23,6078,101.31523333333332,1656915452.236357,2022-07-04T09:17:32,6077768,101.29613333333333,4180.5960768617415
1656915449,941000,8794768,-2,136,-1,129,0,248,11,0,2022-07-04T09:17:29,6084,101.41568333333333,1656915463.077612,2022-07-04T09:17:43,6083795,101.39658333333334,4131.331119030995
1656915468,983000,8813811,2,117,-9,97,0,24,11,0,2022-07-04T09:17:48,6103,101.73305,1656915477.015537,2022-07-04T09:17:57,6102838,101.71396666666666,3976.451505138946
1656915480,944000,8825772,16,127,-15,116,0,110,11,0,2022-07-04T09:18:00,6115,101.9324,1656915488.116261,2022-07-04T09:18:08,6114799,101.91331666666666,3868.247582410186
1656915494,127000,8838955,-2,97,-9,109,0,221,11,0,2022-07-04T09:18:14,6129,102.15211666666667,1656915502.045676,2022-07-04T09:18:22,6127982,102.13303333333333,3766.266578075417
1656915500,957000,8845785,-6,130,-2,123,0,157,11,0,2022-07-04T09:18:20,6135,102.26595,1656915512.396276,2022-07-04T09:18:32,6134812,102.24686666666666,3712.9575098624027
1656915518,996000,8863824,-3,102,-7,101,0,160,11,0,2022-07-04T09:18:38,6153,102.56660000000001,1656915526.295497,2022-07-04T09:18:46,6152851,102.54751666666667,3580.6096745971918
1656915528,967000,8873795,-7,130,0,126,0,189,11,0,2022-07-04T09:18:48,6163,102.73278333333333,1656915536.515512,2022-07-04T09:18:56,6162822,102.7137,3503.3858423329066
1656915550,959000,8895788,-7,25,38,63,0,36,11,0,2022-07-04T09:19:10,6185,103.09931666666667,1656915560.386525,2022-07-04T09:19:20,6184815,103.08024999999999,3324.7534632980633
1656915557,991000,8902839,9,118,-8,100,0,237,11,0,2022-07-04T09:19:17,6192,103.21651666666666,1656915570.9851758,2022-07-04T09:19:30,6191866,103.19776666666667,3244.3694124517683
1656915585,987000,8930836,-2,125,-3,118,0,5,11,0,2022-07-04T09:19:45,6220,103.68311666666666,1656915595.285709,2022-07-04T09:19:55,6219863,103.66438333333333,3016.1671833947244
1656915598,0,8942848,9,115,-7,98,0,86,11,0,2022-07-04T09:19:58,6233,103.88333333333334,1656915606.0363488,2022-07-04T09:20:06,6231875,103.86458333333333,2921.492339459824
1656915609,969000,8954818,-2,122,0,117,0,172,11,0,2022-07-04T09:20:09,6244,104.08281666666667,1656915619.786468,2022-07-04T09:20:19,6243845,104.06408333333334,2830.2662453615826
1656915623,984000,8968833,-3,111,-3,114,0,60,11,0,2022-07-04T09:20:23,6258,104.3164,1656915630.6057448,2022-07-04T09:20:30,6257860,104.29766666666666,2722.536674441068
1656915635,984000,8980833,-6,127,-3,117,0,135,11,0,2022-07-04T09:20:35,6270,104.5164,1656915643.705112,2022-07-04T09:20:43,6269860,104.49766666666666,2634.4181957508376
1656915647,936000,8992785,-7,114,3,114,0,220,11,0,2022-07-04T09:20:47,6282,104.7156,1656915655.1355479,2022-07-04T09:20:55,6281812,104.69686666666666,2543.2170971590535
1656915658,918000,9003767,-4,127,4,115,0,22,11,0,2022-07-04T09:20:58,6293,104.89863333333332,1656915668.235272,2022-07-04T09:21:08,6292794,104.87989999999999,2459.5559891356934
1656915668,926000,9013775,-3,138,-1,137,0,52,11,0,2022-07-04T09:21:08,6303,105.06543333333335,1656915678.866021,2022-07-04T09:21:18,6302802,105.0467,2388.2857305418725
1656915693,909000,9038758,1,120,-10,109,0,241,11,0,2022-07-04T09:21:33,6328,105.48181666666666,1656915702.7646239,2022-07-04T09:21:42,6327785,105.46308333333333,2208.7824992210594
1656915717,975000,9062824,-9,109,-10,105,0,160,11,0,2022-07-04T09:21:57,6352,105.88291666666667,1656915727.544797,2022-07-04T09:22:07,6351851,105.86418333333333,2063.519462316444
1656915741,998000,9086847,-11,109,9,101,0,64,11,0,2022-07-04T09:22:21,6376,106.2833,1656915751.765076,2022-07-04T09:22:31,6375874,106.26456666666667,1893.1680248790315
1656915753,973000,9098823,-9,107,-5,105,0,150,11,0,2022-07-04T09:22:33,6388,106.48288333333333,1656915762.395573,2022-07-04T09:22:42,6387850,106.46416666666667,1811.3723302732878
1656915766,972000,9111821,-8,105,2,97,0,8,11,0,2022-07-04T09:22:46,6401,106.69953333333333,1656915773.1253679,2022-07-04T09:22:53,6400848,106.6808,1721.5988830605916
1656915777,952000,9122802,0,136,1,123,0,54,11,0,2022-07-04T09:22:57,6412,106.88253333333334,1656915786.727905,2022-07-04T09:23:06,6411829,106.86381666666666,1646.5849333323667
1656915790,949000,9135798,-6,110,3,103,0,169,11,0,2022-07-04T09:23:10,6425,107.09915,1656915797.5546598,2022-07-04T09:23:17,6424825,107.08041666666666,1557.6640838615415
1656915802,966000,9147816,3,118,7,111,0,0,11,0,2022-07-04T09:23:22,6437,107.29943333333334,1656915811.325037,2022-07-04T09:23:31,6436843,107.28071666666666,1475.1222529438503
1656915825,965000,9170815,-10,127,3,123,0,133,11,0,2022-07-04T09:23:45,6460,107.68275,1656915835.7958128,2022-07-04T09:23:55,6459842,107.66403333333332,1307.694193164235
1656915837,938000,9182787,-5,114,0,102,0,219,11,0,2022-07-04T09:23:57,6472,107.8823,1656915846.031209,2022-07-04T09:24:06,6471814,107.86356666666667,1221.1043162700264
1656915873,933000,9218783,-3,118,2,120,0,210,11,0,2022-07-04T09:24:33,6508,108.48221666666667,1656915881.504484,2022-07-04T09:24:41,6507810,108.46350000000001,967.4852685435508
