time_s,time_us,time_steady,noise_per_ms,agc_cnt,a_status,a_power,jam_ind,seq,srcSystem,srcComponent,time_gregorian,time_s_from_launch,mins_from_launch,log_timestamp,log_timestamp_gregorian,time_steady_from_launch,mins_steady_from_launch,baro_altitude
1656909110,934000,2455751,95,4250,2,1,96,223,11,0,2022-07-04T07:31:50,-255,-4.2344333333333335,1656909119.653105,2022-07-04T07:31:59,-255222,-4.2537,96.9207342129599
1656909123,963000,2468780,119,4080,2,1,79,84,11,0,2022-07-04T07:32:03,-242,-4.017283333333333,1656909130.7857208,2022-07-04T07:32:10,-242193,-4.03655,96.64973155785795
1656909135,937000,2480754,88,4250,2,1,95,171,11,0,2022-07-04T07:32:15,-230,-3.8177166666666666,1656909144.312424,2022-07-04T07:32:24,-230219,-3.8369833333333334,97.31039306401611
1656909142,918000,2487735,107,5100,2,1,32,115,11,0,2022-07-04T07:32:22,-223,-3.7013666666666665,1656909154.791373,2022-07-04T07:32:34,-223238,-3.7206333333333332,97.41363301318653
1656909157,879000,2502696,109,4080,2,1,81,24,11,0,2022-07-04T07:32:37,-208,-3.4520166666666667,1656909168.766284,2022-07-04T07:32:48,-208277,-3.471283333333333,97.07475258875577
1656909171,896000,2516713,87,4420,2,1,111,162,11,0,2022-07-04T07:32:51,-194,-3.2184000000000004,1656909179.43958,2022-07-04T07:32:59,-194260,-3.2376666666666667,97.13382454307444
1656909183,932000,2528749,103,5100,2,1,35,250,11,0,2022-07-04T07:33:03,-182,-3.0178000000000003,1656909192.8633878,2022-07-04T07:33:12,-182224,-3.0370666666666666,96.76258096034441
1656909191,927000,2536744,100,4080,2,1,79,223,11,0,2022-07-04T07:33:11,-174,-2.88455,1656909203.546737,2022-07-04T07:33:23,-174229,-2.9038166666666667,96.36593897683167
1656909201,904000,2546721,92,4420,2,1,112,253,11,0,2022-07-04T07:33:21,-164,-2.7182666666666666,1656909212.900584,2022-07-04T07:33:32,-164252,-2.7375333333333334,96.84433625621952
1656909217,931000,2562747,97,4420,2,1,117,187,11,0,2022-07-04T07:33:37,-148,-2.4511499999999997,1656909227.323225,2022-07-04T07:33:47,-148226,-2.4704333333333333,96.59381866455078
1656909229,900000,2574717,88,4930,2,1,34,16,11,0,2022-07-04T07:33:49,-136,-2.2516666666666665,1656909237.848316,2022-07-04T07:33:57,-136256,-2.2709333333333332,96.59381866455078
1656909242,938000,2587754,110,4930,2,1,19,133,11,0,2022-07-04T07:34:02,-123,-2.0343666666666667,1656909251.740229,2022-07-04T07:34:11,-123219,-2.0536499999999998,97.61377479530033
1656909254,898000,2599714,84,4930,2,1,36,220,11,0,2022-07-04T07:34:14,-111,-1.8350333333333333,1656909262.342644,2022-07-04T07:34:22,-111259,-1.8543166666666666,97.06753445876866
1656909266,905000,2611721,112,4930,2,1,39,45,11,0,2022-07-04T07:34:26,-99,-1.6349166666666666,1656909276.057077,2022-07-04T07:34:36,-99252,-1.6542,98.10398233962997
1656909298,933000,2643749,94,4250,2,1,97,185,11,0,2022-07-04T07:34:58,-67,-1.1011166666666665,1656909309.303612,2022-07-04T07:35:09,-67224,-1.1204,97.84544167025847
1656909311,973000,2656789,88,4760,2,1,32,46,11,0,2022-07-04T07:35:11,-54,-0.8837833333333334,1656909319.664124,2022-07-04T07:35:19,-54184,-0.9030666666666666,97.82309475636653
1656909323,927000,2668743,99,4250,2,1,88,125,11,0,2022-07-04T07:35:23,-42,-0.68455,1656909330.0018408,2022-07-04T07:35:30,-42230,-0.7038333333333333,98.38342269520051
1656909334,929000,2679745,85,4420,2,1,103,177,11,0,2022-07-04T07:35:34,-31,-0.5011833333333333,1656909343.6787238,2022-07-04T07:35:43,-31228,-0.5204666666666667,98.23075172598828
1656909345,931000,2690747,88,4760,2,1,34,236,11,0,2022-07-04T07:35:45,-20,-0.31781666666666664,1656909353.790529,2022-07-04T07:35:53,-20226,-0.3371,98.55377885138208
1656909368,951000,2713766,90,4420,2,1,109,127,11,0,2022-07-04T07:36:08,3,0.06585,1656909377.5701609,2022-07-04T07:36:17,2793,0.04655,113.55394218892569
1656909379,955000,2724770,88,4420,2,1,113,177,11,0,2022-07-04T07:36:19,14,0.24925,1656909388.2853289,2022-07-04T07:36:28,13797,0.22995000000000002,175.73094936161237
1656909392,972000,2737787,105,4590,2,1,34,32,11,0,2022-07-04T07:36:32,27,0.4662,1656909401.826148,2022-07-04T07:36:41,26814,0.4469,253.04587294198242
1656909403,932000,2748747,97,4930,2,1,43,90,11,0,2022-07-04T07:36:43,38,0.6488666666666667,1656909411.81586,2022-07-04T07:36:51,37774,0.6295666666666667,323.19285580179474
1656909410,961000,2755776,83,4930,2,1,37,35,11,0,2022-07-04T07:36:50,45,0.7660166666666667,1656909428.1797159,2022-07-04T07:37:08,44803,0.7467166666666666,368.56607580488657
1656909428,942000,2773757,106,4420,2,1,121,33,11,0,2022-07-04T07:37:08,63,1.0657,1656909438.8301718,2022-07-04T07:37:18,62784,1.0464,477.2019238221245
1656909442,913000,2787728,103,4080,2,1,94,169,11,0,2022-07-04T07:37:22,77,1.2985499999999999,1656909449.614177,2022-07-04T07:37:29,76755,1.27925,559.3217925099325
1656909455,923000,2800737,87,4930,2,1,42,29,11,0,2022-07-04T07:37:35,90,1.5153833333333333,1656909463.325645,2022-07-04T07:37:43,89764,1.4960666666666667,644.2756363335593
1656909465,959000,2810774,75,4250,2,1,102,60,11,0,2022-07-04T07:37:45,100,1.68265,1656909473.8251798,2022-07-04T07:37:53,99801,1.66335,709.8974656929506
1656909479,973000,2824788,71,4930,2,1,46,204,11,0,2022-07-04T07:37:59,114,1.9162166666666667,1656909487.3856199,2022-07-04T07:38:07,113815,1.8969166666666666,794.8800239603083
1656909489,953000,2834767,74,4250,2,1,115,221,11,0,2022-07-04T07:38:09,124,2.08255,1656909497.6068158,2022-07-04T07:38:17,123794,2.0632333333333333,851.1390533830075
1656909501,887000,2846701,90,4080,2,1,100,51,11,0,2022-07-04T07:38:21,136,2.28145,1656909511.1569839,2022-07-04T07:38:31,135728,2.2621333333333333,919.4033103756573
1656909514,984000,2859798,77,4590,2,1,40,169,11,0,2022-07-04T07:38:34,149,2.4997333333333334,1656909521.8093529,2022-07-04T07:38:41,148825,2.4804166666666663,998.4026363341753
1656909525,901000,2870715,82,4080,2,1,91,226,11,0,2022-07-04T07:38:45,160,2.6816833333333334,1656909532.719781,2022-07-04T07:38:52,159742,2.6623666666666663,1063.563227005363
1656909538,954000,2883768,84,4930,2,1,41,76,11,0,2022-07-04T07:38:58,173,2.8992333333333336,1656909546.4500408,2022-07-04T07:39:06,172795,2.8799166666666665,1142.296774677522
1656909549,920000,2894734,90,4080,2,1,96,131,11,0,2022-07-04T07:39:09,184,3.082,1656909557.253069,2022-07-04T07:39:17,183761,3.062683333333333,1210.7525746848762
1656909562,918000,2907732,90,4930,2,1,34,247,11,0,2022-07-04T07:39:22,197,3.2986333333333335,1656909570.9694998,2022-07-04T07:39:30,196759,3.2793166666666664,1284.3753493844167
1656909597,890000,2942703,82,4250,2,1,112,210,11,0,2022-07-04T07:39:57,232,3.8815,1656909605.384368,2022-07-04T07:40:05,231730,3.8621666666666665,1498.5465844166645
1656909609,919000,2954733,91,4080,2,1,99,42,11,0,2022-07-04T07:40:09,244,4.0819833333333335,1656909616.0343928,2022-07-04T07:40:16,243760,4.062666666666667,1563.9314802316587
1656909620,933000,2965747,90,4080,2,1,102,101,11,0,2022-07-04T07:40:20,255,4.26555,1656909629.935752,2022-07-04T07:40:29,254774,4.2462333333333335,1633.9083785026357
1656909633,954000,2978767,89,4080,2,1,95,217,11,0,2022-07-04T07:40:33,268,4.482566666666667,1656909640.2761838,2022-07-04T07:40:40,267794,4.463233333333333,1711.852368172835
1656909643,930000,2988743,120,4760,2,1,61,234,11,0,2022-07-04T07:40:43,278,4.648833333333333,1656909653.9173958,2022-07-04T07:40:53,277770,4.629499999999999,1773.409417918508
1656909656,918000,3001732,90,4250,2,1,119,92,11,0,2022-07-04T07:40:56,291,4.8653,1656909664.647421,2022-07-04T07:41:04,290759,4.845983333333334,1849.888433735657
1656909668,908000,3013721,95,4080,2,1,104,179,11,0,2022-07-04T07:41:08,303,5.065133333333334,1656909678.1786568,2022-07-04T07:41:18,302748,5.0458,1929.6661683972943
1656909681,922000,3026735,87,4930,2,1,44,39,11,0,2022-07-04T07:41:21,316,5.282033333333334,1656909688.688809,2022-07-04T07:41:28,315762,5.2627,2013.8839254098866
1656909692,923000,3037736,110,4080,2,1,100,88,11,0,2022-07-04T07:41:32,327,5.4653833333333335,1656909699.65812,2022-07-04T07:41:39,326763,5.44605,2086.7224354904956
1656909704,961000,3049774,94,4590,2,1,39,172,11,0,2022-07-04T07:41:44,339,5.666016666666667,1656909713.6999528,2022-07-04T07:41:53,338801,5.646683333333333,2164.733727699905
1656909714,963000,3059776,91,4250,2,1,111,202,11,0,2022-07-04T07:41:54,349,5.832716666666667,1656909723.620689,2022-07-04T07:42:03,348803,5.813383333333333,2229.5349568908814
1656909739,924000,3084736,82,4420,2,1,36,141,11,0,2022-07-04T07:42:19,374,6.248733333333333,1656909747.949944,2022-07-04T07:42:27,373763,6.229383333333333,2382.787424967564
1656909763,965000,3108777,95,4250,2,1,117,53,11,0,2022-07-04T07:42:43,398,6.649416666666666,1656909771.562773,2022-07-04T07:42:51,397804,6.630066666666666,2528.0529596598376
1656909771,924000,3116737,86,4080,2,1,106,25,11,0,2022-07-04T07:42:51,406,6.782066666666666,1656909782.2728078,2022-07-04T07:43:02,405764,6.762733333333333,2573.6490983854574
1656909787,946000,3132758,85,4420,2,1,52,221,11,0,2022-07-04T07:43:07,422,7.0491,1656909795.602764,2022-07-04T07:43:15,421785,7.029750000000001,2664.701682941351
1656909798,951000,3143763,77,4250,2,1,128,15,11,0,2022-07-04T07:43:18,433,7.232516666666667,1656909806.525169,2022-07-04T07:43:26,432790,7.213166666666667,2730.397429998715
1656909822,939000,3167751,72,4250,2,1,131,189,11,0,2022-07-04T07:43:42,457,7.632316666666667,1656909830.052981,2022-07-04T07:43:50,456778,7.612966666666667,2875.711806898861
1656909829,931000,3174743,76,4250,2,1,52,133,11,0,2022-07-04T07:43:49,464,7.74885,1656909840.062276,2022-07-04T07:44:00,463770,7.7295,2916.2042204140475
1656909844,960000,3189772,107,4250,2,1,116,39,11,0,2022-07-04T07:44:04,479,7.999333333333333,1656909853.786152,2022-07-04T07:44:13,478799,7.979983333333333,3026.3819354877437
1656909867,969000,3212780,100,3910,2,1,94,183,11,0,2022-07-04T07:44:27,502,8.382816666666667,1656909878.2429159,2022-07-04T07:44:38,501807,8.36345,3135.116117856644
1656909881,939000,3226750,97,4250,2,1,50,71,11,0,2022-07-04T07:44:41,516,8.615649999999999,1656909888.6631758,2022-07-04T07:44:48,515777,8.596283333333334,3223.1851098046536
1656909887,958000,3232769,84,4250,2,1,53,243,11,0,2022-07-04T07:44:47,522,8.715966666666667,1656909899.133036,2022-07-04T07:44:59,521796,8.6966,3260.5037726625437
1656909904,959000,3249770,86,4250,2,1,120,203,11,0,2022-07-04T07:45:04,539,8.999316666666665,1656909912.217532,2022-07-04T07:45:12,538797,8.97995,3367.883726982327
1656909915,933000,3260745,78,3910,2,1,90,5,11,0,2022-07-04T07:45:15,550,9.182216666666667,1656909922.6534438,2022-07-04T07:45:22,549772,9.162866666666668,3431.870731505246
1656909926,943000,3271755,101,4250,2,1,56,64,11,0,2022-07-04T07:45:26,561,9.365716666666666,1656909935.9567409,2022-07-04T07:45:35,560782,9.346366666666666,3494.7006652322725
1656909938,920000,3283731,92,4080,2,1,121,147,11,0,2022-07-04T07:45:38,573,9.565333333333333,1656909946.655853,2022-07-04T07:45:46,572758,9.545966666666667,3563.131036287311
1656909948,922000,3293733,97,3910,2,1,103,168,11,0,2022-07-04T07:45:48,583,9.732033333333334,1656909957.104313,2022-07-04T07:45:57,582760,9.712666666666667,3626.1346231574576
1656909955,964000,3300775,83,4080,2,1,108,113,11,0,2022-07-04T07:45:55,590,9.849400000000001,1656909970.915809,2022-07-04T07:46:10,589802,9.830033333333335,3670.493944488748
1656909970,964000,3315775,100,3910,2,1,104,30,11,0,2022-07-04T07:46:10,605,10.099400000000001,1656909980.834249,2022-07-04T07:46:20,604802,10.080033333333335,3763.5666782698413
1656909983,966000,3328777,111,3910,2,1,93,146,11,0,2022-07-04T07:46:23,618,10.3161,1656909994.0443408,2022-07-04T07:46:34,617804,10.296733333333332,3841.680813220692
1656909995,961000,3340772,95,4080,2,1,120,222,11,0,2022-07-04T07:46:35,630,10.516016666666667,1656910004.326748,2022-07-04T07:46:44,629799,10.496649999999999,3909.3531797637174
1656910007,961000,3352772,107,3910,2,1,108,51,11,0,2022-07-04T07:46:47,642,10.716016666666667,1656910014.9154809,2022-07-04T07:46:54,641799,10.69665,3981.3074477586165
1656910018,934000,3363745,112,4250,2,1,62,109,11,0,2022-07-04T07:46:58,653,10.8989,1656910028.344913,2022-07-04T07:47:08,652772,10.879533333333335,4045.6079507293757
1656910054,938000,3399749,86,4250,2,1,60,101,11,0,2022-07-04T07:47:34,689,11.498966666666666,1656910062.335841,2022-07-04T07:47:42,688776,11.4796,4254.845890550355
1656910065,960000,3410771,99,3910,2,1,105,160,11,0,2022-07-04T07:47:45,700,11.682666666666668,1656910073.1662638,2022-07-04T07:47:53,699798,11.6633,4321.819636969848
1656910090,938000,3435748,96,3910,2,1,114,102,11,0,2022-07-04T07:48:10,725,12.098966666666666,1656910097.778832,2022-07-04T07:48:17,724775,12.079583333333334,4473.76545711427
1656910102,927000,3447738,94,4250,2,1,64,180,11,0,2022-07-04T07:48:22,737,12.298783333333335,1656910111.508261,2022-07-04T07:48:31,736765,12.279416666666666,4553.813327349563
1656910126,975000,3471786,103,4080,2,1,145,99,11,0,2022-07-04T07:48:46,761,12.699583333333333,1656910135.746464,2022-07-04T07:48:55,760813,12.680216666666666,4718.503127517288
1656910137,937000,3482748,84,4250,2,1,58,157,11,0,2022-07-04T07:48:57,772,12.882283333333334,1656910146.455245,2022-07-04T07:49:06,771775,12.862916666666667,4770.60252711893
1656910144,906000,3489716,85,4250,2,1,55,92,11,0,2022-07-04T07:49:04,779,12.998433333333333,1656910156.335388,2022-07-04T07:49:16,778743,12.97905,4795.73021839889
1656910162,961000,3507772,88,4250,2,1,57,91,11,0,2022-07-04T07:49:22,797,13.29935,1656910169.796097,2022-07-04T07:49:29,796799,13.279983333333332,4910.817865191095
1656910172,962000,3517772,94,3910,2,1,115,121,11,0,2022-07-04T07:49:32,807,13.466033333333334,1656910180.0174,2022-07-04T07:49:40,806799,13.44665,4972.551728840329
1656910196,938000,3541749,92,4080,2,1,138,28,11,0,2022-07-04T07:49:56,831,13.865633333333333,1656910204.165081,2022-07-04T07:50:04,830776,13.846266666666667,5120.084385510686
1656910220,944000,3565754,92,4250,2,1,54,198,11,0,2022-07-04T07:50:20,855,14.265733333333333,1656910228.485201,2022-07-04T07:50:28,854781,14.24635,5273.117619262479
1656910228,956000,3573766,92,4420,2,1,68,171,11,0,2022-07-04T07:50:28,863,14.399266666666668,1656910239.075768,2022-07-04T07:50:39,862793,14.379883333333334,5333.180265398387
1656910242,924000,3587734,93,4250,2,1,67,52,11,0,2022-07-04T07:50:42,877,14.632066666666667,1656910252.1346478,2022-07-04T07:50:52,876761,14.612683333333333,5440.273382857131
1656910255,939000,3600749,96,3910,2,1,114,161,11,0,2022-07-04T07:50:55,890,14.848983333333333,1656910262.8852198,2022-07-04T07:51:02,889776,14.8296,5506.478341440415
1656910268,898000,3613708,88,3910,2,1,121,20,11,0,2022-07-04T07:51:08,903,15.064966666666667,1656910276.5535128,2022-07-04T07:51:16,902735,15.045583333333333,5584.926011685487
1656910279,958000,3624769,97,4080,2,1,57,80,11,0,2022-07-04T07:51:19,914,15.2493,1656910287.433965,2022-07-04T07:51:27,913796,15.229933333333333,5656.127462732625
1656910292,902000,3637713,96,3910,2,1,121,189,11,0,2022-07-04T07:51:32,927,15.465033333333334,1656910298.164341,2022-07-04T07:51:38,926740,15.445666666666666,5729.509667191879
1656910304,880000,3649690,89,3910,2,1,107,12,11,0,2022-07-04T07:51:44,939,15.664666666666667,1656910311.9125478,2022-07-04T07:51:51,938717,15.645283333333333,5797.424569296135
1656910311,874000,3656684,101,3910,2,1,121,212,11,0,2022-07-04T07:51:51,946,15.781233333333335,1656910322.522449,2022-07-04T07:52:02,945711,15.76185,5836.659290806169
1656910327,881000,3672691,101,4250,2,1,52,158,11,0,2022-07-04T07:52:07,962,16.048016666666665,1656910336.5160198,2022-07-04T07:52:16,961718,16.02863333333333,5947.6440365116305
1656910338,905000,3683715,99,3910,2,1,121,217,11,0,2022-07-04T07:52:18,973,16.231749999999998,1656910346.393929,2022-07-04T07:52:26,972742,16.212366666666664,6018.274445795993
1656910350,920000,3695730,113,3740,2,1,109,37,11,0,2022-07-04T07:52:30,985,16.432,1656910356.822888,2022-07-04T07:52:36,984757,16.412616666666665,6092.692705952014
1656910353,930000,3698740,98,3910,2,1,114,121,11,0,2022-07-04T07:52:33,988,16.482166666666664,1656910369.222409,2022-07-04T07:52:49,987767,16.462783333333334,6111.024679019325
1656910371,891000,3716701,93,4080,2,1,62,123,11,0,2022-07-04T07:52:51,1006,16.781516666666665,1656910379.93164,2022-07-04T07:52:59,1005728,16.76213333333333,6221.450267209249
1656910384,902000,3729713,91,3910,2,1,114,239,11,0,2022-07-04T07:53:04,1019,16.998366666666666,1656910393.651037,2022-07-04T07:53:13,1018740,16.979,6295.276301348702
1656910395,961000,3740772,91,3910,2,1,122,37,11,0,2022-07-04T07:53:15,1030,17.182683333333333,1656910404.190852,2022-07-04T07:53:24,1029799,17.163316666666667,6360.859131762484
1656910401,941000,3746751,111,3910,2,1,135,202,11,0,2022-07-04T07:53:21,1036,17.28235,1656910414.532016,2022-07-04T07:53:34,1035778,17.262966666666667,6396.338735175196
1656910420,924000,3765735,97,3910,2,1,135,232,11,0,2022-07-04T07:53:40,1055,17.598733333333332,1656910428.1816719,2022-07-04T07:53:48,1054762,17.579366666666665,6513.12014773706
1656910427,923000,3772733,86,4080,2,1,62,176,11,0,2022-07-04T07:53:47,1062,17.71538333333333,1656910438.200312,2022-07-04T07:53:58,1061760,17.696,6560.325469473328
1656910443,928000,3788738,105,4080,2,1,60,117,11,0,2022-07-04T07:54:03,1078,17.982133333333334,1656910452.450913,2022-07-04T07:54:12,1077765,17.962750000000003,6657.729178501082
1656910454,952000,3799762,94,3910,2,1,118,167,11,0,2022-07-04T07:54:14,1089,18.165866666666666,1656910462.4498959,2022-07-04T07:54:22,1088789,18.146483333333332,6728.703900015603
1656910467,959000,3812769,92,3740,2,1,101,27,11,0,2022-07-04T07:54:27,1102,18.38265,1656910476.211292,2022-07-04T07:54:36,1101796,18.363266666666668,6808.278142058828
1656910478,933000,3823743,89,4080,2,1,63,85,11,0,2022-07-04T07:54:38,1113,18.565549999999998,1656910486.771,2022-07-04T07:54:46,1112770,18.546166666666668,6876.213414378293
1656910485,919000,3830729,88,4080,2,1,56,29,11,0,2022-07-04T07:54:45,1120,18.681983333333335,1656910497.229688,2022-07-04T07:54:57,1119756,18.6626,6920.371273970329
1656910501,918000,3846728,98,4250,2,1,80,219,11,0,2022-07-04T07:55:01,1136,18.94863333333333,1656910511.191545,2022-07-04T07:55:11,1135755,18.929250000000003,7010.775910733535
1656910513,895000,3858706,91,3740,2,1,125,48,11,0,2022-07-04T07:55:13,1148,19.14825,1656910521.789801,2022-07-04T07:55:21,1147733,19.12888333333333,7081.8194329053695
1656910524,866000,3869676,92,3740,2,1,109,106,11,0,2022-07-04T07:55:24,1159,19.3311,1656910535.7698638,2022-07-04T07:55:35,1158703,19.311716666666666,7147.731108917593
1656910534,912000,3879723,97,4080,2,1,62,137,11,0,2022-07-04T07:55:34,1169,19.498533333333334,1656910546.008425,2022-07-04T07:55:46,1168750,19.479166666666668,7207.405266484005
1656910550,918000,3895729,110,3740,2,1,126,73,11,0,2022-07-04T07:55:50,1185,19.7653,1656910559.208628,2022-07-04T07:55:59,1184756,19.745933333333333,7303.113864488204
1656910562,861000,3907672,91,4080,2,1,67,154,11,0,2022-07-04T07:56:02,1197,19.964350000000003,1656910569.770073,2022-07-04T07:56:09,1196699,19.944983333333333,7376.111545636464
1656910569,892000,3914703,90,3740,2,1,124,99,11,0,2022-07-04T07:56:09,1204,20.081533333333333,1656910584.20928,2022-07-04T07:56:24,1203730,20.062166666666666,7428.687584864438
1656910585,855000,3930666,88,3910,2,1,123,44,11,0,2022-07-04T07:56:25,1220,20.347583333333333,1656910594.0974479,2022-07-04T07:56:34,1219693,20.328216666666666,7550.697810189729
1656910597,867000,3942678,93,3740,2,1,125,128,11,0,2022-07-04T07:56:37,1232,20.54778333333333,1656910604.3012009,2022-07-04T07:56:44,1231705,20.528416666666665,7628.816601139038
1656910609,901000,3954712,106,3740,2,1,124,206,11,0,2022-07-04T07:56:49,1244,20.748350000000002,1656910618.227161,2022-07-04T07:56:58,1243739,20.728983333333336,7703.897801405537
1656910621,894000,3966705,99,3740,2,1,131,37,11,0,2022-07-04T07:57:01,1256,20.948233333333334,1656910628.80716,2022-07-04T07:57:08,1255732,20.928866666666668,7775.785372304633
1656910633,879000,3978690,107,4080,2,1,67,124,11,0,2022-07-04T07:57:13,1268,21.147983333333332,1656910642.586753,2022-07-04T07:57:22,1267717,21.12861666666667,7847.478656997629
1656910644,906000,3989717,85,3910,2,1,145,183,11,0,2022-07-04T07:57:24,1279,21.331766666666667,1656910653.4665,2022-07-04T07:57:33,1278744,21.3124,7916.7013220425615
1656910656,920000,4001731,91,3570,2,1,126,2,11,0,2022-07-04T07:57:36,1291,21.532,1656910663.128332,2022-07-04T07:57:43,1290758,21.512633333333333,7988.692229382234
1656910668,902000,4013713,90,3740,2,1,160,87,11,0,2022-07-04T07:57:48,1303,21.7317,1656910677.3163328,2022-07-04T07:57:57,1302740,21.712333333333333,8064.946476414216
1656910691,939000,4036751,95,3740,2,1,128,234,11,0,2022-07-04T07:58:11,1326,22.115650000000002,1656910700.7683718,2022-07-04T07:58:20,1325778,22.0963,8228.040350968318
1656910702,930000,4047741,95,3740,2,1,127,32,11,0,2022-07-04T07:58:22,1337,22.298833333333334,1656910711.4273238,2022-07-04T07:58:31,1336768,22.279466666666668,8297.3328692099
1656910726,898000,4071709,94,3740,2,1,136,197,11,0,2022-07-04T07:58:46,1361,22.6983,1656910735.846148,2022-07-04T07:58:55,1360736,22.678933333333337,8450.288526133188
1656910738,883000,4083694,93,3570,2,1,132,28,11,0,2022-07-04T07:58:58,1373,22.89805,1656910745.844869,2022-07-04T07:59:05,1372721,22.878683333333335,8531.12137118641
1656910758,913000,4103725,108,3910,2,1,61,80,11,0,2022-07-04T07:59:18,1393,23.231883333333332,1656910770.065301,2022-07-04T07:59:30,1392752,23.212533333333333,8667.745526648156
1656910784,916000,4129728,93,4080,2,1,72,51,11,0,2022-07-04T07:59:44,1419,23.665266666666664,1656910794.695216,2022-07-04T07:59:54,1418755,23.64591666666667,8839.932806377215
1656910797,914000,4142725,91,3740,2,1,132,167,11,0,2022-07-04T07:59:57,1432,23.881899999999998,1656910805.3062088,2022-07-04T08:00:05,1431752,23.86253333333333,8917.32723951019
1656910808,932000,4153744,102,3570,2,1,131,218,11,0,2022-07-04T08:00:08,1443,24.065533333333335,1656910818.9540439,2022-07-04T08:00:18,1442771,24.04618333333333,8981.849429887146
1656910820,912000,4165724,100,3740,2,1,138,42,11,0,2022-07-04T08:00:20,1455,24.2652,1656910829.136157,2022-07-04T08:00:29,1454751,24.24585,9064.326305559634
1656910833,910000,4178723,107,3570,2,1,132,158,11,0,2022-07-04T08:00:33,1468,24.481833333333334,1656910839.854384,2022-07-04T08:00:39,1467750,24.4625,9153.110920676567
1656910845,882000,4190694,92,3740,2,1,139,245,11,0,2022-07-04T08:00:45,1480,24.68136666666667,1656910853.653149,2022-07-04T08:00:53,1479721,24.662016666666666,9245.780371310775
1656910856,893000,4201706,90,3400,2,1,119,44,11,0,2022-07-04T08:00:56,1491,24.864883333333335,1656910864.432869,2022-07-04T08:01:04,1490733,24.84555,9295.354309364517
1656910868,924000,4213737,107,3910,2,1,58,122,11,0,2022-07-04T08:01:08,1503,25.0654,1656910878.032728,2022-07-04T08:01:18,1502764,25.046066666666665,9367.193775897236
1656910879,897000,4224709,91,3740,2,1,144,180,11,0,2022-07-04T08:01:19,1514,25.248283333333333,1656910888.653012,2022-07-04T08:01:28,1513736,25.228933333333334,9432.151507134664
1656910892,901000,4237714,126,3570,2,1,132,40,11,0,2022-07-04T08:01:32,1527,25.465016666666667,1656910901.724753,2022-07-04T08:01:41,1526741,25.44568333333333,9528.870537622663
1656910904,934000,4249747,91,4080,2,1,71,128,11,0,2022-07-04T08:01:44,1539,25.665566666666667,1656910912.452417,2022-07-04T08:01:52,1538774,25.64623333333333,9620.429847217163
1656910915,936000,4260749,95,3400,2,1,105,177,11,0,2022-07-04T08:01:55,1550,25.84893333333333,1656910923.342005,2022-07-04T08:02:03,1549776,25.829600000000003,9694.92938898982
1656910927,931000,4272744,91,3570,2,1,148,5,11,0,2022-07-04T08:02:07,1562,26.04885,1656910936.682221,2022-07-04T08:02:16,1561771,26.029516666666666,9770.005601968454
1656910939,906000,4284719,95,3570,2,1,149,92,11,0,2022-07-04T08:02:19,1574,26.24843333333333,1656910947.532801,2022-07-04T08:02:27,1573746,26.229100000000003,9848.77949236604
1656910952,915000,4297728,101,3570,2,1,197,208,11,0,2022-07-04T08:02:32,1587,26.46525,1656910961.46206,2022-07-04T08:02:41,1586755,26.44591666666667,9953.348013113802
1656910964,889000,4309703,99,3740,2,1,140,31,11,0,2022-07-04T08:02:44,1599,26.664816666666663,1656910972.441593,2022-07-04T08:02:52,1598730,26.645500000000002,10033.993007436142
1656910975,905000,4320718,96,3400,2,1,114,84,11,0,2022-07-04T08:02:55,1610,26.848416666666665,1656910986.084509,2022-07-04T08:03:06,1609745,26.829083333333333,10104.349019296204
1656910988,895000,4333709,100,4420,2,1,70,200,11,0,2022-07-04T08:03:08,1623,27.064916666666665,1656910996.611168,2022-07-04T08:03:16,1622736,27.0456,10186.417430854357
1656910994,872000,4339685,105,3570,2,1,139,115,11,0,2022-07-04T08:03:14,1629,27.164533333333335,1656911006.480556,2022-07-04T08:03:26,1628712,27.1452,10225.949350097424
1656911011,931000,4356745,109,3570,2,1,151,91,11,0,2022-07-04T08:03:31,1646,27.44885,1656911020.141433,2022-07-04T08:03:40,1645772,27.42953333333333,10382.20427124419
1656911020,935000,4365749,99,3570,2,1,151,82,11,0,2022-07-04T08:03:40,1655,27.598916666666664,1656911030.600077,2022-07-04T08:03:50,1654776,27.579600000000003,10421.58632536663
1656911034,912000,4379726,98,3400,2,1,124,222,11,0,2022-07-04T08:03:54,1669,27.831866666666667,1656911044.1801128,2022-07-04T08:04:04,1668753,27.812549999999998,10525.414795635294
1656911045,919000,4390733,90,4590,2,1,70,25,11,0,2022-07-04T08:04:05,1680,28.015316666666667,1656911054.861589,2022-07-04T08:04:14,1679760,27.996,10597.422228441217
1656911070,935000,4415750,91,3570,2,1,154,221,11,0,2022-07-04T08:04:30,1705,28.43225,1656911078.6396968,2022-07-04T08:04:38,1704777,28.412950000000002,10734.263177373607
1656911082,925000,4427740,116,3400,2,1,129,46,11,0,2022-07-04T08:04:42,1717,28.632083333333334,1656911089.210425,2022-07-04T08:04:49,1716767,28.612783333333333,10800.809998037166
1656911095,896000,4440711,93,3570,2,1,136,161,11,0,2022-07-04T08:04:55,1730,28.848266666666667,1656911103.141149,2022-07-04T08:05:03,1729738,28.828966666666666,10879.218136476768
1656911106,905000,4451720,96,3570,2,1,160,220,11,0,2022-07-04T08:05:06,1741,29.03175,1656911113.5997,2022-07-04T08:05:13,1740747,29.01245,10948.165088740348
1656911126,869000,4471684,102,3400,2,1,133,12,11,0,2022-07-04T08:05:26,1761,29.364483333333332,1656911137.2894359,2022-07-04T08:05:37,1760711,29.345183333333335,11099.872670416387
1656911137,888000,4482703,88,3570,2,1,155,69,11,0,2022-07-04T08:05:37,1772,29.548133333333332,1656911147.298585,2022-07-04T08:05:47,1771730,29.528833333333335,11154.939379923344
1656911150,892000,4495707,106,3400,2,1,134,185,11,0,2022-07-04T08:05:50,1785,29.764866666666666,1656911161.009013,2022-07-04T08:06:01,1784734,29.745566666666665,11238.487795247784
1656911162,925000,4507741,94,3400,2,1,134,17,11,0,2022-07-04T08:06:02,1797,29.965416666666666,1656911171.6977239,2022-07-04T08:06:11,1796768,29.946133333333332,11300.666881657342
1656911174,902000,4519717,114,3400,2,1,119,95,11,0,2022-07-04T08:06:14,1809,30.165033333333334,1656911182.527725,2022-07-04T08:06:22,1808744,30.145733333333332,11366.93494113617
1656911188,915000,4533731,92,4250,2,1,55,234,11,0,2022-07-04T08:06:28,1823,30.39858333333333,1656911196.307008,2022-07-04T08:06:36,1822758,30.3793,11442.997885272523
1656911212,903000,4557719,99,4250,2,1,37,152,11,0,2022-07-04T08:06:52,1847,30.798383333333334,1656911220.53686,2022-07-04T08:07:00,1846746,30.779100000000003,11583.553307361946
1656911223,898000,4568714,90,4420,2,1,67,205,11,0,2022-07-04T08:07:03,1858,30.98163333333333,1656911231.469156,2022-07-04T08:07:11,1857741,30.96235,11643.67423627428
1656911235,879000,4580695,110,3400,2,1,130,28,11,0,2022-07-04T08:07:15,1870,31.181316666666664,1656911245.42714,2022-07-04T08:07:25,1869722,31.162033333333333,11717.382198956948
1656911247,907000,4592723,100,4250,2,1,38,116,11,0,2022-07-04T08:07:27,1882,31.38178333333333,1656911255.867332,2022-07-04T08:07:35,1881750,31.3625,11799.534055680455
1656911258,912000,4603729,119,3400,2,1,132,175,11,0,2022-07-04T08:07:38,1893,31.5652,1656911266.066725,2022-07-04T08:07:46,1892756,31.545933333333334,11867.753037935901
1656911271,921000,4616738,96,4420,2,1,61,35,11,0,2022-07-04T08:07:51,1906,31.782016666666667,1656911279.895804,2022-07-04T08:07:59,1905765,31.76275,11948.182831467804
1656911283,885000,4628701,114,3400,2,1,133,109,11,0,2022-07-04T08:08:03,1918,31.981416666666668,1656911290.545393,2022-07-04T08:08:10,1917728,31.962133333333334,12024.033802892543
1656911295,868000,4640685,98,4250,2,1,47,195,11,0,2022-07-04T08:08:15,1930,32.181133333333335,1656911304.5852878,2022-07-04T08:08:24,1929712,32.16186666666667,12094.637239970989
1656911307,917000,4652734,96,4250,2,1,61,27,11,0,2022-07-04T08:08:27,1942,32.381949999999996,1656911315.686328,2022-07-04T08:08:35,1941761,32.36268333333333,12165.788229249702
1656911314,901000,4659718,95,4250,2,1,55,227,11,0,2022-07-04T08:08:34,1949,32.49835,1656911329.634825,2022-07-04T08:08:49,1948745,32.47908333333333,12203.707245790156
1656911331,915000,4676732,96,4250,2,1,68,192,11,0,2022-07-04T08:08:51,1966,32.78191666666667,1656911340.435256,2022-07-04T08:09:00,1965759,32.76265,12314.820201327919
1656911344,858000,4689676,100,3400,2,1,136,46,11,0,2022-07-04T08:09:04,1979,32.99763333333333,1656911354.3249528,2022-07-04T08:09:14,1978703,32.97838333333333,12383.824115381023
1656911352,862000,4697680,113,3400,2,1,140,19,11,0,2022-07-04T08:09:12,1987,33.131033333333335,1656911364.614848,2022-07-04T08:09:24,1986707,33.111783333333335,12426.216408270202
1656911366,873000,4711691,86,4250,2,1,52,164,11,0,2022-07-04T08:09:26,2001,33.36455,1656911375.288133,2022-07-04T08:09:35,2000718,33.3453,12527.38863249728
1656911380,883000,4725701,93,3570,2,1,143,48,11,0,2022-07-04T08:09:40,2015,33.59805,1656911389.563449,2022-07-04T08:09:49,2014728,33.5788,12611.770657817398
1656911390,879000,4735697,77,4080,2,1,38,69,11,0,2022-07-04T08:09:50,2025,33.764649999999996,1656911399.055477,2022-07-04T08:09:59,2024724,33.7454,12668.618687887762
1656911401,893000,4746712,93,3400,2,1,105,128,11,0,2022-07-04T08:10:01,2036,33.94821666666667,1656911413.683001,2022-07-04T08:10:13,2035739,33.928983333333335,12730.030843370345
1656911415,919000,4760737,90,4250,2,1,54,17,11,0,2022-07-04T08:10:15,2050,34.18198333333333,1656911424.444604,2022-07-04T08:10:24,2049764,34.162733333333335,12828.903469215826
1656911427,902000,4772721,115,3400,2,1,136,104,11,0,2022-07-04T08:10:27,2062,34.3817,1656911434.789137,2022-07-04T08:10:34,2061748,34.36246666666667,12912.010434314503
1656911439,927000,4784745,85,3570,2,1,160,179,11,0,2022-07-04T08:10:39,2074,34.58211666666667,1656911448.783433,2022-07-04T08:10:48,2073772,34.562866666666665,12980.874382863964
1656911472,948000,4817767,91,4250,2,1,57,97,11,0,2022-07-04T08:11:12,2107,35.132466666666666,1656911483.814673,2022-07-04T08:11:23,2106794,35.11323333333333,13167.476989932251
1656911488,935000,4833754,93,3570,2,1,151,32,11,0,2022-07-04T08:11:28,2123,35.398916666666665,1656911498.161777,2022-07-04T08:11:38,2122781,35.37968333333333,13243.857229128118
1656911501,937000,4846756,85,3400,2,1,129,144,11,0,2022-07-04T08:11:41,2136,35.61561666666667,1656911509.094641,2022-07-04T08:11:49,2135783,35.59638333333333,13308.20989959467
1656911512,906000,4857726,126,3400,2,1,132,202,11,0,2022-07-04T08:11:52,2147,35.798433333333335,1656911519.401356,2022-07-04T08:11:59,2146753,35.77921666666667,13370.845792306882
1656911523,897000,4868717,87,3570,2,1,150,4,11,0,2022-07-04T08:12:03,2158,35.98161666666667,1656911532.9508078,2022-07-04T08:12:12,2157744,35.9624,13436.021100468419
1656911536,906000,4881726,86,3400,2,1,135,111,11,0,2022-07-04T08:12:16,2171,36.198433333333334,1656911543.650636,2022-07-04T08:12:23,2170753,36.17921666666667,13499.26136355584
1656911559,952000,4904772,83,4250,2,1,66,253,11,0,2022-07-04T08:12:39,2194,36.58253333333334,1656911568.0616958,2022-07-04T08:12:48,2193799,36.563316666666665,13594.814681347956
1656911593,894000,4938714,85,3570,2,1,137,187,11,0,2022-07-04T08:13:13,2228,37.14823333333333,1656911602.679713,2022-07-04T08:13:22,2227741,37.129016666666665,13750.984952695942
1656911606,929000,4951749,89,3570,2,1,158,47,11,0,2022-07-04T08:13:26,2241,37.36548333333334,1656911615.8705719,2022-07-04T08:13:35,2240776,37.346266666666665,13820.453527003388
1656911618,914000,4963735,88,3570,2,1,151,134,11,0,2022-07-04T08:13:38,2253,37.56523333333334,1656911626.649569,2022-07-04T08:13:46,2252762,37.546033333333334,13897.04632057674
1656911624,923000,4969744,82,3570,2,1,139,50,11,0,2022-07-04T08:13:44,2259,37.66538333333333,1656911640.20122,2022-07-04T08:14:00,2258771,37.64618333333333,13946.131770441076
1656911641,897000,4986718,92,4250,2,1,56,11,11,0,2022-07-04T08:14:01,2276,37.94828333333333,1656911650.5185769,2022-07-04T08:14:10,2275745,37.92908333333333,14085.946803615723
1656911654,895000,4999716,83,3400,2,1,117,126,11,0,2022-07-04T08:14:14,2289,38.16491666666666,1656911661.19906,2022-07-04T08:14:21,2288743,38.145716666666665,14130.888016541332
1656911678,928000,5023749,100,3400,2,1,124,45,11,0,2022-07-04T08:14:38,2313,38.565466666666666,1656911685.258509,2022-07-04T08:14:45,2312776,38.54626666666666,14237.891478145275
1656911695,923000,5040744,89,3400,2,1,98,5,11,0,2022-07-04T08:14:55,2330,38.84871666666666,1656911709.629988,2022-07-04T08:15:09,2329771,38.82951666666667,14306.376494533764
1656911712,278000,5058099,88,3570,2,1,173,195,11,0,2022-07-04T08:15:12,2347,39.1213,1656911722.4983199,2022-07-04T08:15:22,2347126,39.11876666666667,14392.071746363255
1656911726,928000,5071749,106,3570,2,1,153,73,11,0,2022-07-04T08:15:26,2361,39.36546666666666,1656911736.457324,2022-07-04T08:15:36,2360776,39.346266666666665,14458.901622701262
1656911738,903000,5083725,85,3570,2,1,150,154,11,0,2022-07-04T08:15:38,2373,39.56505,1656911747.3675249,2022-07-04T08:15:47,2372752,39.54586666666667,14517.864892948537
1656911750,897000,5095719,117,3570,2,1,150,233,11,0,2022-07-04T08:15:50,2385,39.76495,1656911761.439349,2022-07-04T08:16:01,2384746,39.74576666666667,14580.576758947287
1656911764,928000,5109751,94,3570,2,1,143,122,11,0,2022-07-04T08:16:04,2399,39.998799999999996,1656911772.0865169,2022-07-04T08:16:12,2398778,39.97963333333333,14661.40663201874
1656911775,945000,5120767,111,3400,2,1,115,181,11,0,2022-07-04T08:16:15,2410,40.18241666666667,1656911786.097797,2022-07-04T08:16:26,2409794,40.16323333333333,14718.933999246443
1656911786,906000,5131728,81,3740,2,1,120,235,11,0,2022-07-04T08:16:26,2421,40.3651,1656911796.567317,2022-07-04T08:16:36,2420755,40.34591666666667,14779.680308062607
1656911813,940000,5158763,97,3570,2,1,135,230,11,0,2022-07-04T08:16:53,2448,40.815666666666665,1656911821.1670449,2022-07-04T08:17:01,2447790,40.7965,14919.799666970799
1656911825,936000,5170758,110,3400,2,1,119,61,11,0,2022-07-04T08:17:05,2460,41.0156,1656911831.715792,2022-07-04T08:17:11,2459785,40.99641666666666,14988.974014376148
1656911837,926000,5182749,81,3570,2,1,147,143,11,0,2022-07-04T08:17:17,2472,41.21543333333333,1656911845.5656528,2022-07-04T08:17:25,2471776,41.196266666666666,15094.191906810363
1656911848,894000,5193716,98,3400,2,1,130,192,11,0,2022-07-04T08:17:28,2483,41.39823333333333,1656911855.655201,2022-07-04T08:17:35,2482743,41.37905,15174.044462578868
1656911859,924000,5204747,102,3400,2,1,128,251,11,0,2022-07-04T08:17:39,2494,41.58206666666667,1656911869.885213,2022-07-04T08:17:49,2493774,41.5629,15233.542064667932
1656911872,943000,5217766,92,3570,2,1,145,111,11,0,2022-07-04T08:17:52,2507,41.79905,1656911880.63618,2022-07-04T08:18:00,2506793,41.77988333333334,15294.37225134541
1656911884,929000,5229752,111,3400,2,1,112,198,11,0,2022-07-04T08:18:04,2519,41.99881666666667,1656911891.1754398,2022-07-04T08:18:11,2518779,41.97965,15353.169893452296
1656911896,899000,5241722,88,3570,2,1,141,15,11,0,2022-07-04T08:18:16,2531,42.19831666666666,1656911905.0649998,2022-07-04T08:18:25,2530749,42.17915,15430.25769588887
1656911919,941000,5264764,112,4250,2,1,56,161,11,0,2022-07-04T08:18:39,2554,42.58235,1656911929.92394,2022-07-04T08:18:49,2553791,42.563183333333335,15575.37841587309
1656911932,894000,5277717,94,3570,2,1,150,20,11,0,2022-07-04T08:18:52,2567,42.79823333333333,1656911940.5135329,2022-07-04T08:19:00,2566744,42.77906666666667,15645.030457894652
1656911943,903000,5288727,114,3400,2,1,129,70,11,0,2022-07-04T08:19:03,2578,42.981716666666664,1656911953.893553,2022-07-04T08:19:13,2577754,42.96256666666667,15694.518479596149
1656911956,912000,5301736,83,3570,2,1,148,181,11,0,2022-07-04T08:19:16,2591,43.19853333333333,1656911964.500309,2022-07-04T08:19:24,2590763,43.179383333333334,15752.44958473891
1656911964,922000,5309746,88,4250,2,1,42,154,11,0,2022-07-04T08:19:24,2599,43.332033333333335,1656911974.6939368,2022-07-04T08:19:34,2598773,43.31288333333334,15794.070481820876
1656911979,917000,5324741,85,4250,2,1,43,71,11,0,2022-07-04T08:19:39,2614,43.58195,1656911988.1628048,2022-07-04T08:19:48,2613768,43.5628,15878.183658639002
1656912014,938000,5359763,93,3740,2,1,148,35,11,0,2022-07-04T08:20:14,2649,44.16563333333333,1656912023.3636038,2022-07-04T08:20:23,2648790,44.146499999999996,16044.223328182274
1656912026,927000,5371752,113,3400,2,1,127,122,11,0,2022-07-04T08:20:26,2661,44.36545,1656912033.483188,2022-07-04T08:20:33,2660779,44.34631666666667,16099.319025058629
1656912037,905000,5382730,90,3570,2,1,149,180,11,0,2022-07-04T08:20:37,2672,44.54841666666667,1656912047.314884,2022-07-04T08:20:47,2671757,44.52928333333333,16147.703350926882
1656912049,923000,5394748,93,3570,2,1,155,255,11,0,2022-07-04T08:20:49,2684,44.74871666666666,1656912058.062029,2022-07-04T08:20:58,2683775,44.72958333333334,16198.975004867665
1656912062,927000,5407752,97,3570,2,1,146,113,11,0,2022-07-04T08:21:02,2697,44.965450000000004,1656912072.19332,2022-07-04T08:21:12,2696779,44.94631666666667,16254.622677837131
1656912074,927000,5419753,89,3910,2,1,62,200,11,0,2022-07-04T08:21:14,2709,45.16545,1656912082.731056,2022-07-04T08:21:22,2708780,45.14633333333334,16310.6618178071
1656912099,922000,5444748,85,3910,2,1,60,135,11,0,2022-07-04T08:21:39,2734,45.582033333333335,1656912107.341105,2022-07-04T08:21:47,2733775,45.562916666666666,16421.947202074964
1656912112,955000,5457780,116,3570,2,1,153,249,11,0,2022-07-04T08:21:52,2747,45.79925,1656912118.160732,2022-07-04T08:21:58,2746807,45.780116666666665,16489.674889799644
1656912122,910000,5467736,98,3570,2,1,106,22,11,0,2022-07-04T08:22:02,2757,45.96516666666666,1656912131.221972,2022-07-04T08:22:11,2756763,45.94605,16536.285739640887
1656912134,933000,5479758,95,3400,2,1,116,109,11,0,2022-07-04T08:22:14,2769,46.16555,1656912142.499872,2022-07-04T08:22:22,2768785,46.14641666666667,16594.949552678514
1656912146,923000,5491749,107,3570,2,1,147,184,11,0,2022-07-04T08:22:26,2781,46.36538333333333,1656912155.6200318,2022-07-04T08:22:35,2780776,46.346266666666665,16653.469108812238
1656912170,929000,5515755,118,3570,2,1,141,101,11,0,2022-07-04T08:22:50,2805,46.765483333333336,1656912180.0507,2022-07-04T08:23:00,2804782,46.74636666666667,16811.44301798454
1656912182,903000,5527729,100,3570,2,1,143,188,11,0,2022-07-04T08:23:02,2817,46.96505,1656912190.759701,2022-07-04T08:23:10,2816756,46.94593333333333,16931.218625708523
1656912194,929000,5539755,99,3400,2,1,101,13,11,0,2022-07-04T08:23:14,2829,47.165483333333334,1656912201.51892,2022-07-04T08:23:21,2828782,47.14636666666667,17047.162992569578
1656912206,928000,5551755,88,3570,2,1,144,94,11,0,2022-07-04T08:23:26,2841,47.36546666666666,1656912215.269477,2022-07-04T08:23:35,2840782,47.34636666666667,17143.919081428714
1656912216,917000,5561744,88,3910,2,1,65,124,11,0,2022-07-04T08:23:36,2851,47.53195,1656912225.800288,2022-07-04T08:23:45,2850771,47.51285,17234.812242279844
1656912231,921000,5576748,100,3570,2,1,149,41,11,0,2022-07-04T08:23:51,2866,47.782016666666664,1656912239.5297809,2022-07-04T08:23:59,2865775,47.76291666666667,17366.78418392487
1656912240,948000,5585774,90,3570,2,1,147,43,11,0,2022-07-04T08:24:00,2875,47.93246666666666,1656912249.791697,2022-07-04T08:24:09,2874801,47.91335,17414.192657013195
1656912247,921000,5592748,96,3910,2,1,60,233,11,0,2022-07-04T08:24:07,2882,48.04868333333333,1656912263.404285,2022-07-04T08:24:23,2881775,48.029583333333335,17449.361765450023
1656912276,903000,5621730,90,3400,2,1,121,33,11,0,2022-07-04T08:24:36,2911,48.53171666666666,1656912284.5322568,2022-07-04T08:24:44,2910757,48.512616666666666,17576.828839064452
1656912289,904000,5634731,94,3910,2,1,59,149,11,0,2022-07-04T08:24:49,2924,48.7484,1656912298.492765,2022-07-04T08:24:58,2923758,48.729299999999995,17636.252409503577
1656912300,918000,5645745,79,3910,2,1,62,196,11,0,2022-07-04T08:25:00,2935,48.93196666666667,1656912308.842373,2022-07-04T08:25:08,2934772,48.912866666666666,17685.626965186402
1656912323,919000,5668746,98,3570,2,1,135,84,11,0,2022-07-04T08:25:23,2958,49.31531666666667,1656912335.972424,2022-07-04T08:25:35,2957773,49.296216666666666,17784.964128255015
1656912338,901000,5683728,85,3400,2,1,125,1,11,0,2022-07-04T08:25:38,2973,49.565016666666665,1656912346.484025,2022-07-04T08:25:46,2972755,49.54591666666667,17852.248789446483
1656912351,893000,5696721,105,3570,2,1,139,106,11,0,2022-07-04T08:25:51,2986,49.78155,1656912360.414057,2022-07-04T08:26:00,2985748,49.76246666666667,17911.36101611553
1656912357,910000,5702737,111,3400,2,1,125,19,11,0,2022-07-04T08:25:57,2992,49.88183333333333,1656912370.795269,2022-07-04T08:26:10,2991764,49.86273333333334,17938.337409200183
1656912373,885000,5718713,115,3400,2,1,110,220,11,0,2022-07-04T08:26:13,3008,50.14808333333334,1656912381.024837,2022-07-04T08:26:21,3007740,50.129,18014.02542656456
1656912386,926000,5731754,93,3740,2,1,147,80,11,0,2022-07-04T08:26:26,3021,50.365433333333335,1656912397.0662599,2022-07-04T08:26:37,3020781,50.34635,18082.185265918644
1656912435,914000,5780743,109,3570,2,1,125,188,11,0,2022-07-04T08:27:15,3070,51.181900000000006,1656912445.547349,2022-07-04T08:27:25,3069770,51.16283333333333,18333.71306457706
1656912481,920000,5826748,97,3570,2,1,138,211,11,0,2022-07-04T08:28:01,3116,51.94866666666667,1656912490.549156,2022-07-04T08:28:10,3115775,51.92958333333333,18549.083081506422
1656912495,928000,5840756,97,4080,2,1,72,100,11,0,2022-07-04T08:28:15,3130,52.18213333333333,1656912504.5089688,2022-07-04T08:28:24,3129783,52.16305,18611.398563081075
1656912507,899000,5852728,92,3740,2,1,145,176,11,0,2022-07-04T08:28:27,3142,52.38165,1656912514.9685729,2022-07-04T08:28:34,3141755,52.36258333333333,18665.556298616135
1656912519,928000,5864757,94,3740,2,1,147,5,11,0,2022-07-04T08:28:39,3154,52.58213333333333,1656912528.8293009,2022-07-04T08:28:48,3153784,52.56306666666667,18726.851129393235
1656912529,927000,5874756,94,4590,2,1,63,35,11,0,2022-07-04T08:28:49,3164,52.748783333333336,1656912538.95936,2022-07-04T08:28:58,3163783,52.72971666666667,18772.397668124144
1656912537,932000,5882762,94,3740,2,1,139,8,11,0,2022-07-04T08:28:57,3172,52.8822,1656912549.120465,2022-07-04T08:29:09,3171789,52.863150000000005,18811.81213349688
1656912552,935000,5897764,100,4420,2,1,64,176,11,0,2022-07-04T08:29:12,3187,53.13225,1656912562.730545,2022-07-04T08:29:22,3186791,53.11318333333334,18880.61296483538
1656912564,912000,5909741,84,4080,2,1,65,254,11,0,2022-07-04T08:29:24,3199,53.33186666666666,1656912573.8402479,2022-07-04T08:29:33,3198768,53.3128,18936.886536625665
1656912577,914000,5922744,89,3570,2,1,136,113,11,0,2022-07-04T08:29:37,3212,53.54856666666667,1656912587.5287008,2022-07-04T08:29:47,3211771,53.52951666666667,19000.0270455794
1656912589,942000,5934771,94,3740,2,1,145,200,11,0,2022-07-04T08:29:49,3224,53.74903333333334,1656912597.932345,2022-07-04T08:29:57,3223798,53.72996666666666,19051.092861774076
1656912601,940000,5946770,107,3400,2,1,116,21,11,0,2022-07-04T08:30:01,3236,53.949,1656912608.9007568,2022-07-04T08:30:08,3235797,53.92995,19121.177965433675
1656912614,945000,5959774,97,3740,2,1,134,133,11,0,2022-07-04T08:30:14,3249,54.16575,1656912622.710949,2022-07-04T08:30:22,3248801,54.146683333333335,19167.962281627933
1656912626,929000,5971759,115,3400,2,1,115,220,11,0,2022-07-04T08:30:26,3261,54.36548333333334,1656912633.510972,2022-07-04T08:30:33,3260786,54.34643333333334,19219.265015523666
1656912649,894000,5994724,97,4420,2,1,57,101,11,0,2022-07-04T08:30:49,3284,54.74823333333333,1656912657.9167569,2022-07-04T08:30:57,3283751,54.72918333333334,19334.432690601105
1656912661,893000,6006723,120,4420,2,1,54,182,11,0,2022-07-04T08:31:01,3296,54.94821666666667,1656912671.7034888,2022-07-04T08:31:11,3295750,54.92916666666667,19390.773700263162
1656912673,901000,6018731,91,4590,2,1,64,13,11,0,2022-07-04T08:31:13,3308,55.14835,1656912682.312564,2022-07-04T08:31:22,3307758,55.12929999999999,19449.35440979426
1656912694,877000,6039707,103,3570,2,1,127,96,11,0,2022-07-04T08:31:34,3329,55.497949999999996,1656912705.823417,2022-07-04T08:31:45,3328734,55.478899999999996,19554.588492720188
1656912709,894000,6054724,102,3740,2,1,143,4,11,0,2022-07-04T08:31:49,3344,55.74823333333333,1656912716.6932359,2022-07-04T08:31:56,3343751,55.72918333333334,19629.45040858767
1656912722,892000,6067723,94,3570,2,1,135,119,11,0,2022-07-04T08:32:02,3357,55.964866666666666,1656912730.602808,2022-07-04T08:32:10,3356750,55.94583333333333,19693.897611161927
1656912731,876000,6076706,99,3740,2,1,139,120,11,0,2022-07-04T08:32:11,3366,56.1146,1656912741.0945039,2022-07-04T08:32:21,3365733,56.09555,19742.408630816117
1656912744,876000,6089706,105,3570,2,1,122,229,11,0,2022-07-04T08:32:24,3379,56.33126666666667,1656912751.1830409,2022-07-04T08:32:31,3378733,56.31221666666667,19798.78491788396
1656912756,856000,6101687,83,3740,2,1,135,53,11,0,2022-07-04T08:32:36,3391,56.53093333333334,1656912765.2131438,2022-07-04T08:32:45,3390714,56.5119,19859.28952982461
1656912768,871000,6113702,94,3570,2,1,132,140,11,0,2022-07-04T08:32:48,3403,56.731183333333334,1656912775.745517,2022-07-04T08:32:55,3402729,56.712149999999994,19910.722632943885
1656912773,872000,6118703,102,4590,2,1,56,27,11,0,2022-07-04T08:32:53,3408,56.81453333333333,1656912788.983556,2022-07-04T08:33:08,3407730,56.7955,19932.893516716977
1656912791,836000,6136667,99,3740,2,1,145,24,11,0,2022-07-04T08:33:11,3426,57.11393333333333,1656912799.6641169,2022-07-04T08:33:19,3425694,57.0949,20015.16306447026
1656912802,869000,6147700,106,3570,2,1,141,75,11,0,2022-07-04T08:33:22,3437,57.29781666666667,1656912809.976752,2022-07-04T08:33:29,3436727,57.27878333333333,20063.025996167988
1656912827,837000,6172668,103,3570,2,1,137,21,11,0,2022-07-04T08:33:47,3462,57.71395,1656912834.0640008,2022-07-04T08:33:54,3461695,57.69491666666667,20174.096415296102
1656912851,890000,6196721,101,3740,2,1,133,183,11,0,2022-07-04T08:34:11,3486,58.11483333333333,1656912858.514204,2022-07-04T08:34:18,3485748,58.095800000000004,20288.454186274084
1656912857,864000,6202696,88,3740,2,1,138,98,11,0,2022-07-04T08:34:17,3492,58.2144,1656912868.827256,2022-07-04T08:34:28,3491723,58.19538333333333,20324.010687359165
1656912871,847000,6216678,94,3740,2,1,128,242,11,0,2022-07-04T08:34:31,3506,58.44745,1656912881.215765,2022-07-04T08:34:41,3505705,58.428416666666664,20384.73772124522
1656912883,897000,6228729,100,4590,2,1,59,74,11,0,2022-07-04T08:34:43,3518,58.64828333333333,1656912891.815665,2022-07-04T08:34:51,3517756,58.629266666666666,20442.05183480667
1656912908,859000,6253691,100,4590,2,1,59,7,11,0,2022-07-04T08:35:08,3543,59.06431666666666,1656912916.205425,2022-07-04T08:35:16,3542718,59.0453,20572.081954021265
1656912919,887000,6264719,92,3570,2,1,130,66,11,0,2022-07-04T08:35:19,3554,59.24811666666667,1656912926.0562758,2022-07-04T08:35:26,3553746,59.2291,20627.11853710506
1656912931,883000,6276715,97,4590,2,1,53,153,11,0,2022-07-04T08:35:31,3566,59.448049999999995,1656912939.965965,2022-07-04T08:35:39,3565742,59.42903333333334,20688.425818046522
1656912943,851000,6288683,96,3570,2,1,132,228,11,0,2022-07-04T08:35:43,3578,59.64751666666667,1656912950.5562,2022-07-04T08:35:50,3577710,59.6285,20751.02775662303
1656912954,852000,6299684,108,3740,2,1,123,28,11,0,2022-07-04T08:35:54,3589,59.830866666666665,1656912964.1935718,2022-07-04T08:36:04,3588711,59.81185,20813.63951957964
1656912967,892000,6312724,87,3740,2,1,134,145,11,0,2022-07-04T08:36:07,3602,60.048199999999994,1656912975.1860878,2022-07-04T08:36:15,3601751,60.029183333333336,20883.978512557307
1656912977,906000,6322738,93,3570,2,1,127,175,11,0,2022-07-04T08:36:17,3612,60.2151,1656912989.0664759,2022-07-04T08:36:29,3611765,60.196083333333334,20938.605714328896
1656912987,896000,6332728,107,3570,2,1,138,201,11,0,2022-07-04T08:36:27,3622,60.381600000000006,1656912999.3953838,2022-07-04T08:36:39,3621755,60.36258333333333,20995.889896827128
1656912998,923000,6343755,97,3740,2,1,110,251,11,0,2022-07-04T08:36:38,3633,60.56538333333333,1656913009.43624,2022-07-04T08:36:49,3632782,60.54636666666667,21063.403748200708
1656913015,913000,6360745,89,4590,2,1,52,225,11,0,2022-07-04T08:36:55,3650,60.84855,1656913023.125505,2022-07-04T08:37:03,3649772,60.82953333333333,21152.665760331347
1656913027,897000,6372730,96,3570,2,1,129,56,11,0,2022-07-04T08:37:07,3662,61.04828333333333,1656913033.7051759,2022-07-04T08:37:13,3661757,61.02928333333333,21216.68859924058
1656913038,898000,6383730,102,4080,2,1,87,111,11,0,2022-07-04T08:37:18,3673,61.231633333333335,1656913047.785912,2022-07-04T08:37:27,3672757,61.21261666666667,21272.843723931288
1656913063,889000,6408721,96,4590,2,1,59,48,11,0,2022-07-04T08:37:43,3698,61.64815,1656913072.715405,2022-07-04T08:37:52,3697748,61.629133333333336,21396.525735020856
1656913074,904000,6419737,88,3740,2,1,126,107,11,0,2022-07-04T08:37:54,3709,61.83173333333333,1656913083.3457599,2022-07-04T08:38:03,3708764,61.812733333333334,21451.886819469644
1656913086,889000,6431721,100,3570,2,1,134,194,11,0,2022-07-04T08:38:06,3721,62.031483333333334,1656913098.0070848,2022-07-04T08:38:18,3720748,62.01246666666667,21507.810205736187
1656913097,853000,6442686,93,4590,2,1,60,241,11,0,2022-07-04T08:38:17,3732,62.214216666666665,1656913108.1160848,2022-07-04T08:38:28,3731713,62.19521666666667,21563.470945408542
1656913107,900000,6452732,99,4590,2,1,57,13,11,0,2022-07-04T08:38:27,3742,62.38166666666667,1656913117.987452,2022-07-04T08:38:37,3741759,62.36265,21606.42458919809
1656913123,882000,6468715,93,4420,2,1,46,214,11,0,2022-07-04T08:38:43,3758,62.64803333333334,1656913131.8557558,2022-07-04T08:38:51,3757742,62.62903333333334,21681.597815116867
1656913134,892000,6479725,92,3740,2,1,116,16,11,0,2022-07-04T08:38:54,3769,62.83153333333333,1656913142.726045,2022-07-04T08:39:02,3768752,62.812533333333334,21732.789438268814
1656913146,862000,6491695,96,3740,2,1,136,89,11,0,2022-07-04T08:39:06,3781,63.03103333333333,1656913156.506785,2022-07-04T08:39:16,3780722,63.012033333333335,21796.76383254719
1656913158,890000,6503723,97,3740,2,1,137,176,11,0,2022-07-04T08:39:18,3793,63.2315,1656913167.096865,2022-07-04T08:39:27,3792750,63.2125,21851.873326633977
1656913169,911000,6514744,103,3570,2,1,133,235,11,0,2022-07-04T08:39:29,3804,63.41518333333333,1656913177.386093,2022-07-04T08:39:37,3803771,63.39618333333333,21906.768802800703
1656913191,891000,6536724,96,3740,2,1,136,85,11,0,2022-07-04T08:39:51,3826,63.78151666666667,1656913201.065892,2022-07-04T08:40:01,3825751,63.76251666666667,22022.562366153852
1656913205,882000,6550715,88,3740,2,1,129,226,11,0,2022-07-04T08:40:05,3840,64.0147,1656913215.406028,2022-07-04T08:40:15,3839742,63.99570000000001,22095.3578836652
1656913212,898000,6557731,116,3570,2,1,128,170,11,0,2022-07-04T08:40:12,3847,64.13163333333334,1656913224.708628,2022-07-04T08:40:24,3846758,64.11263333333333,22129.71834287992
1656913227,910000,6572744,106,3570,2,1,130,87,11,0,2022-07-04T08:40:27,3862,64.38183333333333,1656913235.396937,2022-07-04T08:40:35,3861771,64.36285000000001,22216.179064124313
1656913240,885000,6585718,99,3740,2,1,134,190,11,0,2022-07-04T08:40:40,3875,64.59808333333334,1656913248.985988,2022-07-04T08:40:48,3874745,64.57908333333333,22292.65595211937
1656913252,897000,6597731,97,3570,2,1,123,20,11,0,2022-07-04T08:40:52,3887,64.79828333333333,1656913259.6564958,2022-07-04T08:40:59,3886758,64.77929999999999,22361.686975206914
1656913264,883000,6609716,96,4250,2,1,31,107,11,0,2022-07-04T08:41:04,3899,64.99804999999999,1656913273.596413,2022-07-04T08:41:13,3898743,64.97905,22433.338547543794
1656913271,877000,6616710,127,3570,2,1,129,51,11,0,2022-07-04T08:41:11,3906,65.11461666666666,1656913283.9976928,2022-07-04T08:41:23,3905737,65.09561666666667,22471.515958799453
1656913296,891000,6641724,93,3570,2,1,128,241,11,0,2022-07-04T08:41:36,3931,65.53151666666666,1656913307.37626,2022-07-04T08:41:47,3930751,65.51251666666667,22616.234314292204
1656913309,891000,6654724,99,4590,2,1,49,101,11,0,2022-07-04T08:41:49,3944,65.74818333333333,1656913318.479333,2022-07-04T08:41:58,3943751,65.72918333333334,22685.049470001868
1656913321,891000,6666725,98,4590,2,1,48,188,11,0,2022-07-04T08:42:01,3956,65.94818333333333,1656913331.626757,2022-07-04T08:42:11,3955752,65.9292,22748.964194087064
1656913334,910000,6679744,91,4420,2,1,45,39,11,0,2022-07-04T08:42:14,3969,66.16516666666666,1656913342.438653,2022-07-04T08:42:22,3968771,66.14618333333334,22815.197749190156
1656913346,899000,6691733,103,3570,2,1,121,121,11,0,2022-07-04T08:42:26,3981,66.36498333333333,1656913356.0469248,2022-07-04T08:42:36,3980760,66.346,22878.98448919839
1656913358,897000,6703731,95,3740,2,1,131,208,11,0,2022-07-04T08:42:38,3993,66.56495,1656913366.586933,2022-07-04T08:42:46,3992758,66.54596666666666,22940.50877678544
1656913369,892000,6714726,94,3570,2,1,122,10,11,0,2022-07-04T08:42:49,4004,66.7482,1656913377.1970968,2022-07-04T08:42:57,4003753,66.72921666666667,22997.439625393756
1656913393,880000,6738713,91,3740,2,1,129,170,11,0,2022-07-04T08:43:13,4028,67.148,1656913401.826568,2022-07-04T08:43:21,4027740,67.12899999999999,23104.423037301858
1656913406,908000,6751742,92,4080,2,1,68,30,11,0,2022-07-04T08:43:26,4041,67.36513333333333,1656913414.726109,2022-07-04T08:43:34,4040769,67.34615,23173.57110869299
1656913416,904000,6761738,90,4080,2,1,67,60,11,0,2022-07-04T08:43:36,4051,67.53173333333334,1656913424.9162998,2022-07-04T08:43:44,4050765,67.51275,23228.148953519634
1656913429,881000,6774715,108,4080,2,1,71,168,11,0,2022-07-04T08:43:49,4064,67.74801666666666,1656913435.427053,2022-07-04T08:43:55,4063742,67.72903333333333,23290.197413618018
1656913440,891000,6785725,105,3740,2,1,126,221,11,0,2022-07-04T08:44:00,4075,67.93151666666667,1656913449.126232,2022-07-04T08:44:09,4074752,67.91253333333333,23347.050572241973
1656913449,899000,6794734,97,3570,2,1,121,222,11,0,2022-07-04T08:44:09,4084,68.08165,1656913459.636204,2022-07-04T08:44:19,4083761,68.06268333333334,23394.21742015514
1656913464,896000,6809730,95,4080,2,1,66,138,11,0,2022-07-04T08:44:24,4099,68.3316,1656913473.367516,2022-07-04T08:44:33,4098757,68.31261666666666,23475.089565659553
1656913475,894000,6820728,87,4080,2,1,66,186,11,0,2022-07-04T08:44:35,4110,68.5149,1656913484.206429,2022-07-04T08:44:44,4109755,68.49591666666667,23535.138894329375
1656913487,855000,6832690,100,3740,2,1,104,13,11,0,2022-07-04T08:44:47,4122,68.71424999999999,1656913497.826781,2022-07-04T08:44:57,4121717,68.69528333333332,23606.466470881925
1656913500,879000,6845713,92,3740,2,1,130,129,11,0,2022-07-04T08:45:00,4135,68.93131666666666,1656913507.836768,2022-07-04T08:45:07,4134740,68.91233333333334,23670.646178439885
1656913507,868000,6852702,91,3910,2,1,113,73,11,0,2022-07-04T08:45:07,4142,69.04780000000001,1656913518.4660249,2022-07-04T08:45:18,4141729,69.02881666666667,23712.28179295636
1656913522,895000,6867729,96,3910,2,1,111,239,11,0,2022-07-04T08:45:22,4157,69.29825000000001,1656913532.096117,2022-07-04T08:45:32,4156756,69.27926666666667,23791.87601181227
1656913535,867000,6880701,88,3740,2,1,112,92,11,0,2022-07-04T08:45:35,4170,69.51445,1656913541.806129,2022-07-04T08:45:41,4169728,69.49546666666667,23870.767474187513
1656913546,904000,6891738,94,4080,2,1,63,151,11,0,2022-07-04T08:45:46,4181,69.6984,1656913555.537272,2022-07-04T08:45:55,4180765,69.67941666666667,23934.648146256426
1656913558,857000,6903692,89,3910,2,1,134,237,11,0,2022-07-04T08:45:58,4193,69.89761666666666,1656913566.196049,2022-07-04T08:46:06,4192719,69.87865000000001,23994.548393224097
1656913564,920000,6909755,89,4080,2,1,68,154,11,0,2022-07-04T08:46:04,4199,69.99866666666667,1656913579.896512,2022-07-04T08:46:19,4198782,69.97970000000001,24026.055341244104
1656913582,869000,6927703,90,3910,2,1,142,142,11,0,2022-07-04T08:46:22,4217,70.29781666666666,1656913590.6804,2022-07-04T08:46:30,4216730,70.27883333333332,24129.210105622406
1656913607,865000,6952699,88,3740,2,1,131,88,11,0,2022-07-04T08:46:47,4242,70.71441666666666,1656913615.096057,2022-07-04T08:46:55,4241726,70.69543333333333,24262.93364995809
1656913612,912000,6957746,109,3740,2,1,132,232,11,0,2022-07-04T08:46:52,4247,70.79853333333334,1656913625.566068,2022-07-04T08:47:05,4246773,70.77955,24286.40498544806
1656913629,883000,6974717,96,3740,2,1,127,192,11,0,2022-07-04T08:47:09,4264,71.08138333333333,1656913639.426293,2022-07-04T08:47:19,4263744,71.0624,24378.656083577946
1656913641,856000,6986690,90,4080,2,1,67,22,11,0,2022-07-04T08:47:21,4276,71.28093333333332,1656913649.917073,2022-07-04T08:47:29,4275717,71.26195,24433.055426976884
1656913648,871000,6993705,90,3740,2,1,123,222,11,0,2022-07-04T08:47:28,4283,71.39785,1656913659.29612,2022-07-04T08:47:39,4282732,71.37886666666667,24476.59818602406
1656913664,881000,7009715,86,3910,2,1,126,160,11,0,2022-07-04T08:47:44,4299,71.66468333333334,1656913673.1164289,2022-07-04T08:47:53,4298742,71.6457,24560.315830223553
1656913676,905000,7021739,90,3740,2,1,120,241,11,0,2022-07-04T08:47:56,4311,71.86508333333333,1656913684.065889,2022-07-04T08:48:04,4310766,71.84609999999999,24616.600134611614
1656913689,856000,7034691,95,4080,2,1,63,99,11,0,2022-07-04T08:48:09,4324,72.08093333333333,1656913697.9365358,2022-07-04T08:48:17,4323718,72.06196666666666,24678.31751237147
1656913701,890000,7046725,106,3740,2,1,125,186,11,0,2022-07-04T08:48:21,4336,72.28150000000001,1656913708.426537,2022-07-04T08:48:28,4335752,72.26253333333334,24740.162681158465
1656913711,861000,7056696,98,3740,2,1,128,205,11,0,2022-07-04T08:48:31,4346,72.44768333333333,1656913721.836165,2022-07-04T08:48:41,4345723,72.42871666666666,24765.49308946104
1656913724,866000,7069700,85,3740,2,1,114,62,11,0,2022-07-04T08:48:44,4359,72.66443333333333,1656913732.4274158,2022-07-04T08:48:52,4358727,72.64545,24837.332604655498
1656913732,904000,7077739,87,3910,2,1,180,35,11,0,2022-07-04T08:48:52,4367,72.7984,1656913743.045773,2022-07-04T08:49:03,4366766,72.77943333333333,24870.194837398187
1656913748,865000,7093700,94,3740,2,1,128,231,11,0,2022-07-04T08:49:08,4383,73.06441666666666,1656913757.075805,2022-07-04T08:49:17,4382727,73.04545,24946.81254730182
1656913760,889000,7105723,112,3740,2,1,121,53,11,0,2022-07-04T08:49:20,4395,73.26481666666668,1656913767.775528,2022-07-04T08:49:27,4394750,73.24583333333334,24999.871041695926
1656913772,873000,7117708,95,4080,2,1,61,139,11,0,2022-07-04T08:49:32,4407,73.46454999999999,1656913781.517752,2022-07-04T08:49:41,4406735,73.44558333333333,25072.519022385583
1656913784,904000,7129739,87,3740,2,1,108,226,11,0,2022-07-04T08:49:44,4419,73.66506666666668,1656913792.256553,2022-07-04T08:49:52,4418766,73.64609999999999,25117.808522517214
1656913796,874000,7141709,93,4250,2,1,79,47,11,0,2022-07-04T08:49:56,4431,73.86456666666666,1656913806.087257,2022-07-04T08:50:06,4430736,73.8456,25175.864309758806
1656913809,897000,7154731,89,3740,2,1,124,159,11,0,2022-07-04T08:50:09,4444,74.08161666666666,1656913816.495488,2022-07-04T08:50:16,4443758,74.06263333333332,25246.310717859822
1656913832,864000,7177698,92,4080,2,1,255,47,11,0,2022-07-04T08:50:32,4467,74.4644,1656913841.2285879,2022-07-04T08:50:41,4466725,74.44541666666667,25384.70442646466
1656913843,900000,7188735,91,3740,2,1,111,96,11,0,2022-07-04T08:50:43,4478,74.64833333333333,1656913850.936281,2022-07-04T08:50:50,4477762,74.62936666666666,25448.03238382377
1656913868,927000,7213762,92,3740,2,1,118,40,11,0,2022-07-04T08:51:08,4503,75.06545,1656913875.0356998,2022-07-04T08:51:15,4502789,75.04648333333333,25580.114225127487
1656913875,892000,7220727,74,4250,2,1,63,239,11,0,2022-07-04T08:51:15,4510,75.18153333333333,1656913888.595301,2022-07-04T08:51:28,4509754,75.16256666666666,25624.97493521127
1656913891,883000,7236717,94,4420,2,1,54,172,11,0,2022-07-04T08:51:31,4526,75.44805,1656913899.3853838,2022-07-04T08:51:39,4525744,75.42906666666666,25707.772204336008
1656913902,896000,7247731,99,3740,2,1,118,230,11,0,2022-07-04T08:51:42,4537,75.63159999999999,1656913909.466764,2022-07-04T08:51:49,4536758,75.61263333333333,25769.75639687073
1656913914,885000,7259720,100,3910,2,1,128,61,11,0,2022-07-04T08:51:54,4549,75.83141666666667,1656913923.7056398,2022-07-04T08:52:03,4548747,75.81245,25832.345753903548
1656913921,875000,7266710,100,3910,2,1,142,5,11,0,2022-07-04T08:52:01,4556,75.94791666666667,1656913933.76608,2022-07-04T08:52:13,4555737,75.92895,25873.675881702417
1656913932,881000,7277716,102,4420,2,1,55,60,11,0,2022-07-04T08:52:12,4567,76.13135000000001,1656913947.036645,2022-07-04T08:52:27,4566743,76.11238333333334,25923.45204606761
1656913947,879000,7292713,94,4420,2,1,50,223,11,0,2022-07-04T08:52:27,4582,76.38131666666666,1656913957.6157,2022-07-04T08:52:37,4581740,76.36233333333332,26016.930105008254
1656913955,881000,7300716,108,3910,2,1,130,196,11,0,2022-07-04T08:52:35,4590,76.51468333333334,1656913968.149333,2022-07-04T08:52:48,4589743,76.49571666666667,26046.688934145113
1656913973,889000,7318724,100,4590,2,1,51,199,11,0,2022-07-04T08:52:53,4608,76.81481666666667,1656913981.657048,2022-07-04T08:53:01,4607751,76.79585,26134.95484329232
1656913984,895000,7329729,82,3910,2,1,124,254,11,0,2022-07-04T08:53:04,4619,76.99825000000001,1656913992.4452279,2022-07-04T08:53:12,4618756,76.97926666666667,26175.12813633102
1656913995,865000,7340700,100,3740,2,1,107,46,11,0,2022-07-04T08:53:15,4630,77.18108333333333,1656914005.655597,2022-07-04T08:53:25,4629727,77.16211666666666,26227.921943468737
1656914020,896000,7365730,101,4590,2,1,38,249,11,0,2022-07-04T08:53:40,4655,77.59826666666666,1656914026.625352,2022-07-04T08:53:46,4654757,77.57928333333332,26331.169713289608
1656914032,917000,7377752,98,4590,2,1,30,76,11,0,2022-07-04T08:53:52,4667,77.79861666666667,1656914040.377048,2022-07-04T08:54:00,4666779,77.77965,26388.302240079774
1656914043,876000,7388711,101,3740,2,1,111,125,11,0,2022-07-04T08:54:03,4678,77.98126666666667,1656914051.295909,2022-07-04T08:54:11,4677738,77.9623,26422.98919075721
1656914056,883000,7401717,93,3740,2,1,127,240,11,0,2022-07-04T08:54:16,4691,78.19805,1656914065.105633,2022-07-04T08:54:25,4690744,78.17906666666666,26487.42167548053
1656914068,873000,7413707,86,3740,2,1,124,70,11,0,2022-07-04T08:54:28,4703,78.39788333333333,1656914075.795929,2022-07-04T08:54:35,4702734,78.3789,26470.526571916143
1656914089,907000,7434742,98,3910,2,1,139,146,11,0,2022-07-04T08:54:49,4724,78.74845,1656914100.2252169,2022-07-04T08:55:00,4723769,78.72948333333333,26106.152259347113
1656914103,896000,7448730,117,3740,2,1,113,34,11,0,2022-07-04T08:55:03,4738,78.9816,1656914110.247933,2022-07-04T08:55:10,4737757,78.96261666666666,25542.080982414685
1656914115,894000,7460729,93,4420,2,1,59,121,11,0,2022-07-04T08:55:15,4750,79.18156666666667,1656914124.2554798,2022-07-04T08:55:24,4749756,79.16260000000001,25019.041441223293
1656914151,872000,7496707,90,3740,2,1,126,113,11,0,2022-07-04T08:55:51,4786,79.7812,1656914159.365669,2022-07-04T08:55:59,4785734,79.76223333333334,23480.757174998314
1656914164,901000,7509736,95,4590,2,1,68,229,11,0,2022-07-04T08:56:04,4799,79.99835,1656914172.967301,2022-07-04T08:56:12,4798763,79.97938333333333,22828.5557060116
1656914176,895000,7521730,88,3740,2,1,130,52,11,0,2022-07-04T08:56:16,4811,80.19825,1656914183.865052,2022-07-04T08:56:23,4810757,80.17928333333333,22529.708201656194
1656914188,948000,7533783,109,3910,2,1,141,135,11,0,2022-07-04T08:56:28,4823,80.39913333333334,1656914197.695433,2022-07-04T08:56:37,4822810,80.38016666666667,22106.859128030454
1656914233,928000,7578763,97,3910,2,1,130,127,11,0,2022-07-04T08:57:13,4868,81.1488,1656914242.4154959,2022-07-04T08:57:22,4867790,81.12983333333334,20629.127005978964
1656914240,922000,7585756,90,4250,2,1,37,71,11,0,2022-07-04T08:57:20,4875,81.26536666666667,1656914252.4070408,2022-07-04T08:57:32,4874783,81.24638333333334,20417.45505751136
1656914256,905000,7601740,102,3740,2,1,130,16,11,0,2022-07-04T08:57:36,4891,81.53175,1656914266.394832,2022-07-04T08:57:46,4890767,81.51278333333333,19954.317478557434
1656914269,866000,7614700,94,3570,2,1,123,127,11,0,2022-07-04T08:57:49,4904,81.74776666666666,1656914277.205509,2022-07-04T08:57:57,4903727,81.72878333333333,19586.007052932448
1656914282,902000,7627737,93,3740,2,1,133,234,11,0,2022-07-04T08:58:02,4917,81.96503333333334,1656914291.116097,2022-07-04T08:58:11,4916764,81.94606666666667,19228.043301460395
1656914294,894000,7639728,105,3740,2,1,107,65,11,0,2022-07-04T08:58:14,4929,82.1649,1656914301.602861,2022-07-04T08:58:21,4928755,82.14591666666666,18903.69429842149
1656914306,897000,7651732,91,4590,2,1,79,152,11,0,2022-07-04T08:58:26,4941,82.36495,1656914315.465637,2022-07-04T08:58:35,4940759,82.34598333333334,18600.168528740214
1656914318,880000,7663715,83,3570,2,1,125,234,11,0,2022-07-04T08:58:38,4953,82.56466666666667,1656914326.1368608,2022-07-04T08:58:46,4952742,82.5457,18295.780700545973
1656914324,854000,7669689,95,4590,2,1,68,143,11,0,2022-07-04T08:58:44,4959,82.66423333333334,1656914339.2062678,2022-07-04T08:58:59,4958716,82.64526666666667,18147.724042221744
1656914365,942000,7710775,86,3740,2,1,119,34,11,0,2022-07-04T08:59:25,5000,83.34903333333334,1656914374.676193,2022-07-04T08:59:34,4999802,83.33003333333333,17171.715084746065
1656914390,908000,7734741,106,3740,2,1,149,194,11,0,2022-07-04T08:59:50,5025,83.76513333333334,1656914398.2781289,2022-07-04T08:59:58,5023768,83.72946666666667,16613.215257224994
1656914398,894000,7743727,85,3740,2,1,143,195,11,0,2022-07-04T08:59:58,5033,83.89823333333334,1656914409.016921,2022-07-04T09:00:09,5032754,83.87923333333333,16439.00256513427
1656914413,999000,7758831,116,3570,2,1,154,114,11,0,2022-07-04T09:00:13,5048,84.14998333333332,1656914423.126885,2022-07-04T09:00:23,5047858,84.13096666666667,16114.183570400288
1656914425,883000,7770715,83,4080,2,1,163,187,11,0,2022-07-04T09:00:25,5060,84.34805,1656914433.227413,2022-07-04T09:00:33,5059742,84.32903333333334,15811.073524049423
1656914437,901000,7782733,106,3400,2,1,130,17,11,0,2022-07-04T09:00:37,5072,84.54835,1656914447.908845,2022-07-04T09:00:47,5071760,84.52933333333334,15671.986241276672
1656914449,928000,7794760,96,4250,2,1,60,105,11,0,2022-07-04T09:00:49,5084,84.7488,1656914457.9193249,2022-07-04T09:00:57,5083787,84.72978333333334,15462.200793065615
1656914461,916000,7806748,117,3400,2,1,134,192,11,0,2022-07-04T09:01:01,5096,84.9486,1656914468.6372209,2022-07-04T09:01:08,5095775,84.92958333333333,15251.730546861001
1656914473,897000,7818729,116,4250,2,1,87,12,11,0,2022-07-04T09:01:13,5108,85.14828333333334,1656914482.358492,2022-07-04T09:01:22,5107756,85.12926666666667,15042.847006283539
1656914485,925000,7830757,97,3570,2,1,135,96,11,0,2022-07-04T09:01:25,5120,85.34875000000001,1656914493.167765,2022-07-04T09:01:33,5119784,85.32973333333332,14839.44980432415
1656914497,885000,7842717,125,4250,2,1,81,182,11,0,2022-07-04T09:01:37,5132,85.54808333333334,1656914506.728549,2022-07-04T09:01:46,5131744,85.52906666666667,14639.239189587215
1656914520,904000,7865736,126,3400,2,1,143,64,11,0,2022-07-04T09:02:00,5155,85.93173333333334,1656914527.888017,2022-07-04T09:02:07,5154763,85.91271666666667,14258.21164596913
1656914531,922000,7876754,123,4080,2,1,75,118,11,0,2022-07-04T09:02:11,5166,86.11536666666666,1656914541.1181479,2022-07-04T09:02:21,5165781,86.09635,14077.835269533307
1656914544,888000,7889719,104,3400,2,1,121,233,11,0,2022-07-04T09:02:24,5179,86.33146666666667,1656914552.238365,2022-07-04T09:02:32,5178746,86.31243333333333,13876.711336657125
1656914557,907000,7902738,108,3570,2,1,163,93,11,0,2022-07-04T09:02:37,5192,86.54845,1656914565.739121,2022-07-04T09:02:45,5191765,86.52941666666668,13676.431091937156
1656914568,885000,7913717,99,4080,2,1,64,144,11,0,2022-07-04T09:02:48,5203,86.73141666666668,1656914576.558184,2022-07-04T09:02:56,5202744,86.71239999999999,13511.24040360418
1656914580,903000,7925734,129,3400,2,1,137,226,11,0,2022-07-04T09:03:00,5215,86.93171666666667,1656914590.670141,2022-07-04T09:03:10,5214761,86.91268333333333,13338.793395734801
1656914592,906000,7937737,102,4080,2,1,70,57,11,0,2022-07-04T09:03:12,5227,87.13176666666666,1656914601.149324,2022-07-04T09:03:21,5226764,87.11273333333334,13161.385608449209
1656914604,892000,7949723,106,3400,2,1,109,144,11,0,2022-07-04T09:03:24,5239,87.33153333333333,1656914611.390425,2022-07-04T09:03:31,5238750,87.3125,12987.594666649748
1656914650,911000,7995742,92,4250,2,1,82,166,11,0,2022-07-04T09:04:10,5285,88.09851666666667,1656914660.1092038,2022-07-04T09:04:20,5284769,88.07948333333334,12329.292959132248
1656914660,904000,8005735,95,4080,2,1,72,196,11,0,2022-07-04T09:04:20,5295,88.26506666666667,1656914670.0703368,2022-07-04T09:04:30,5294762,88.24603333333333,12197.156479153424
1656914675,891000,8020721,90,4250,2,1,87,100,11,0,2022-07-04T09:04:35,5310,88.51485,1656914684.208469,2022-07-04T09:04:44,5309748,88.49579999999999,11985.867232232413
1656914687,928000,8032759,95,3400,2,1,145,187,11,0,2022-07-04T09:04:47,5322,88.71546666666667,1656914695.0277438,2022-07-04T09:04:55,5321786,88.69643333333333,11829.179885445179
1656914699,920000,8044751,119,4760,2,1,97,18,11,0,2022-07-04T09:04:59,5334,88.91533333333334,1656914709.398496,2022-07-04T09:05:09,5333778,88.89630000000001,11670.297592620116
1656914712,940000,8057771,114,3400,2,1,151,134,11,0,2022-07-04T09:05:12,5347,89.13233333333332,1656914720.079149,2022-07-04T09:05:20,5346798,89.1133,11502.902330333789
1656914724,920000,8069750,120,3740,2,1,95,209,11,0,2022-07-04T09:05:24,5359,89.33200000000001,1656914734.630121,2022-07-04T09:05:34,5358777,89.31295,11349.362019936669
1656914748,938000,8093768,124,3400,2,1,146,125,11,0,2022-07-04T09:05:48,5383,89.7323,1656914755.7889118,2022-07-04T09:05:55,5382795,89.71325,11044.208662966606
1656914761,945000,8106775,115,4760,2,1,99,241,11,0,2022-07-04T09:06:01,5396,89.94908333333333,1656914770.818589,2022-07-04T09:06:10,5395802,89.93003333333333,10881.97363946604
1656914773,933000,8118762,113,3230,2,1,127,60,11,0,2022-07-04T09:06:13,5408,90.14888333333333,1656914781.7885768,2022-07-04T09:06:21,5407789,90.12981666666666,10737.169149556164
1656914786,895000,8131725,99,3400,2,1,151,174,11,0,2022-07-04T09:06:26,5421,90.36491666666667,1656914797.2872648,2022-07-04T09:06:37,5420752,90.34586666666668,10581.59269852668
1656914812,922000,8157752,113,3400,2,1,150,150,11,0,2022-07-04T09:06:52,5447,90.7987,1656914820.7994878,2022-07-04T09:07:00,5446779,90.77965,10274.162387147093
1656914824,955000,8169784,104,3570,2,1,122,224,11,0,2022-07-04T09:07:04,5459,90.99925,1656914831.748708,2022-07-04T09:07:11,5458811,90.98018333333333,10131.621710624404
1656914837,921000,8182751,115,3400,2,1,145,83,11,0,2022-07-04T09:07:17,5472,91.21535,1656914845.7590609,2022-07-04T09:07:25,5471778,91.19630000000001,9980.176751888634
1656914849,911000,8194740,106,3230,2,1,120,170,11,0,2022-07-04T09:07:29,5484,91.41518333333333,1656914856.840833,2022-07-04T09:07:36,5483767,91.39611666666666,9839.631194554318
1656914874,928000,8218757,116,3740,2,1,227,76,11,0,2022-07-04T09:07:54,5509,91.83213333333333,1656914882.1784048,2022-07-04T09:08:02,5507784,91.79639999999999,9555.04039520933
1656914886,897000,8231726,103,3230,2,1,125,189,11,0,2022-07-04T09:08:06,5521,92.03161666666666,1656914893.198472,2022-07-04T09:08:13,5520753,92.01254999999999,9418.156213944421
1656914910,896000,8255725,115,3230,2,1,129,107,11,0,2022-07-04T09:08:30,5545,92.43159999999999,1656914918.3384168,2022-07-04T09:08:38,5544752,92.41253333333334,9149.498360424466
1656914923,920000,8268749,113,3570,2,1,157,210,11,0,2022-07-04T09:08:43,5558,92.64866666666667,1656914932.439209,2022-07-04T09:08:52,5557776,92.6296,9006.50219000037
1656914935,889000,8280717,99,3230,2,1,104,40,11,0,2022-07-04T09:08:55,5570,92.84815,1656914943.3881888,2022-07-04T09:09:03,5569744,92.82906666666666,8875.827278649904
1656914947,915000,8292743,120,3400,2,1,165,127,11,0,2022-07-04T09:09:07,5582,93.04858333333333,1656914957.739009,2022-07-04T09:09:17,5581770,93.02950000000001,8745.511519489579
1656914960,881000,8305710,111,3400,2,1,150,237,11,0,2022-07-04T09:09:20,5595,93.26468333333334,1656914969.4008958,2022-07-04T09:09:29,5594737,93.24561666666666,8607.246702432747
1656914973,898000,8318727,122,3400,2,1,157,88,11,0,2022-07-04T09:09:33,5608,93.48163333333333,1656914983.6988409,2022-07-04T09:09:43,5607754,93.46256666666666,8467.574696535748
1656914985,892000,8330721,91,4420,2,1,244,175,11,0,2022-07-04T09:09:45,5620,93.68153333333333,1656914994.5481238,2022-07-04T09:09:54,5619748,93.66246666666666,8338.27507909289
1656914999,884000,8344712,125,3400,2,1,163,63,11,0,2022-07-04T09:09:59,5634,93.91473333333333,1656915008.869693,2022-07-04T09:10:08,5633739,93.89564999999999,8193.264312683139
1656915023,925000,8368753,118,3230,2,1,112,224,11,0,2022-07-04T09:10:23,5658,94.31541666666666,1656915030.6196449,2022-07-04T09:10:30,5657780,94.29633333333332,7946.793491370073
1656915047,901000,8392729,118,3230,2,1,122,141,11,0,2022-07-04T09:10:47,5682,94.71501666666667,1656915055.47944,2022-07-04T09:10:55,5681756,94.69593333333334,7704.887881563985
1656915060,967000,8405795,101,4930,2,1,114,249,11,0,2022-07-04T09:11:00,5695,94.93278333333333,1656915069.5989518,2022-07-04T09:11:09,5694822,94.9137,7571.291868113483
1656915073,895000,8418723,119,3400,2,1,99,103,11,0,2022-07-04T09:11:13,5708,95.14825,1656915080.2978358,2022-07-04T09:11:20,5707750,95.12916666666666,7441.765566990557
1656915085,914000,8430742,100,3570,2,1,147,190,11,0,2022-07-04T09:11:25,5720,95.34856666666666,1656915094.665624,2022-07-04T09:11:34,5719769,95.32948333333334,7325.258466671051
1656915097,917000,8442744,100,5100,2,1,111,21,11,0,2022-07-04T09:11:37,5732,95.54861666666667,1656915105.887589,2022-07-04T09:11:45,5731771,95.52951666666667,7209.303637510515
1656915109,952000,8454779,127,3230,2,1,124,98,11,0,2022-07-04T09:11:49,5744,95.7492,1656915119.818677,2022-07-04T09:11:59,5743806,95.7301,7089.294493909004
1656915122,926000,8467753,99,3400,2,1,150,210,11,0,2022-07-04T09:12:02,5757,95.96543333333334,1656915130.7077448,2022-07-04T09:12:10,5756780,95.94633333333333,6964.983195699771
1656915134,925000,8479752,121,3400,2,1,126,41,11,0,2022-07-04T09:12:14,5769,96.16541666666667,1656915144.960613,2022-07-04T09:12:24,5768779,96.14631666666668,6850.830413756493
1656915147,930000,8492757,106,4420,2,1,255,157,11,0,2022-07-04T09:12:27,5782,96.38216666666668,1656915155.8874888,2022-07-04T09:12:35,5781784,96.36306666666665,6729.375564875235
1656915172,920000,8517747,106,4930,2,1,86,91,11,0,2022-07-04T09:12:52,5807,96.79866666666666,1656915181.027169,2022-07-04T09:13:01,5806774,96.77956666666667,6494.99394353586
1656915185,890000,8530717,103,3400,2,1,125,206,11,0,2022-07-04T09:13:05,5820,97.01483333333334,1656915191.618028,2022-07-04T09:13:11,5819744,96.99573333333333,6370.427774740502
1656915198,904000,8543730,102,4930,2,1,78,66,11,0,2022-07-04T09:13:18,5833,97.23173333333334,1656915205.828052,2022-07-04T09:13:25,5832757,97.21261666666666,6249.615776100392
1656915209,920000,8554747,122,3400,2,1,147,113,11,0,2022-07-04T09:13:29,5844,97.41533333333334,1656915217.128156,2022-07-04T09:13:37,5843774,97.39623333333334,6150.177952160695
1656915222,950000,8567777,115,3400,2,1,145,227,11,0,2022-07-04T09:13:42,5857,97.6325,1656915231.20748,2022-07-04T09:13:51,5856804,97.6134,6032.450246483174
1656915234,901000,8579728,103,3400,2,1,122,57,11,0,2022-07-04T09:13:54,5869,97.83168333333333,1656915242.258729,2022-07-04T09:14:02,5868755,97.81258333333334,5927.553974252532
1656915247,915000,8592742,92,3570,2,1,164,173,11,0,2022-07-04T09:14:07,5882,98.04858333333333,1656915256.58688,2022-07-04T09:14:16,5881769,98.02948333333333,5814.988735288506
1656915259,902000,8604729,97,3400,2,1,148,247,11,0,2022-07-04T09:14:19,5894,98.24836666666667,1656915267.418964,2022-07-04T09:14:27,5893756,98.22926666666667,5711.572647958228
1656915271,896000,8616723,120,3570,2,1,169,78,11,0,2022-07-04T09:14:31,5906,98.44826666666667,1656915281.318161,2022-07-04T09:14:41,5905750,98.42916666666666,5607.55550482231
1656915296,921000,8641748,112,4420,2,1,255,25,11,0,2022-07-04T09:14:56,5931,98.86535,1656915306.666553,2022-07-04T09:15:06,5930775,98.84625,5396.516618821914
1656915309,947000,8654775,93,4930,2,1,85,128,11,0,2022-07-04T09:15:09,5944,99.08245000000001,1656915317.6673958,2022-07-04T09:15:17,5943802,99.06336666666667,5290.1932794091035
1656915321,902000,8666730,104,3400,2,1,136,214,11,0,2022-07-04T09:15:21,5956,99.2817,1656915332.047129,2022-07-04T09:15:32,5955757,99.26261666666666,5190.104374520428
1656915334,935000,8679763,89,3740,2,1,159,74,11,0,2022-07-04T09:15:34,5969,99.49891666666667,1656915342.676509,2022-07-04T09:15:42,5968790,99.47983333333333,5083.909385746215
1656915342,959000,8687787,99,3570,2,1,148,47,11,0,2022-07-04T09:15:42,5977,99.63265,1656915353.6682959,2022-07-04T09:15:53,5976814,99.61356666666667,5006.2328613804275
1656915357,914000,8702742,109,4250,2,1,73,205,11,0,2022-07-04T09:15:57,5992,99.8819,1656915367.6368089,2022-07-04T09:16:07,5991769,99.86281666666667,4869.373628352718
1656915382,897000,8727725,118,3740,2,1,155,151,11,0,2022-07-04T09:16:22,6017,100.29828333333333,1656915392.1475408,2022-07-04T09:16:32,6016752,100.2792,4686.47436366333
1656915391,10000,8735839,109,3570,2,1,151,126,11,0,2022-07-04T09:16:31,6026,100.43350000000001,1656915402.625892,2022-07-04T09:16:42,6024866,100.41443333333333,4619.062247753213
1656915400,958000,8745787,105,3570,2,1,152,144,11,0,2022-07-04T09:16:40,6035,100.5993,1656915413.1289408,2022-07-04T09:16:53,6034814,100.58023333333334,4492.416899353781
1656915418,953000,8763780,95,4250,2,1,44,144,11,0,2022-07-04T09:16:58,6053,100.89921666666667,1656915427.1262999,2022-07-04T09:17:07,6052807,100.88011666666667,4385.812382860284
1656915430,878000,8775705,122,3400,2,1,118,229,11,0,2022-07-04T09:17:10,6065,101.09796666666666,1656915437.7860239,2022-07-04T09:17:17,6064732,101.07886666666667,4287.021197377821
1656915449,891000,8794718,96,3740,2,1,142,246,11,0,2022-07-04T09:17:29,6084,101.41484999999999,1656915462.486052,2022-07-04T09:17:42,6083745,101.39574999999999,4131.739821186553
1656915466,895000,8811722,102,3740,2,1,147,220,11,0,2022-07-04T09:17:46,6101,101.69825,1656915476.4359848,2022-07-04T09:17:56,6100749,101.67914999999999,3993.5873222017713
1656915479,921000,8824748,101,3740,2,1,98,80,11,0,2022-07-04T09:17:59,6114,101.91535,1656915487.535632,2022-07-04T09:18:07,6113775,101.89625,3877.7912438301723
1656915493,107000,8837935,100,3740,2,1,151,192,11,0,2022-07-04T09:18:13,6128,102.13511666666666,1656915501.4865808,2022-07-04T09:18:21,6126962,102.11603333333333,3773.5025399629103
1656915500,957000,8845785,102,3740,2,1,139,156,11,0,2022-07-04T09:18:20,6135,102.26595,1656915511.8155198,2022-07-04T09:18:31,6134812,102.24686666666666,3712.9575098624027
1656915517,923000,8862751,108,3740,2,1,132,129,11,0,2022-07-04T09:18:37,6152,102.54871666666666,1656915525.7567759,2022-07-04T09:18:45,6151778,102.52963333333334,3588.820291750091
1656915528,916000,8873744,94,3740,2,1,139,187,11,0,2022-07-04T09:18:48,6163,102.73193333333333,1656915536.515512,2022-07-04T09:18:56,6162771,102.71284999999999,3503.7804368592233
1656915550,909000,8895737,86,3740,2,1,133,34,11,0,2022-07-04T09:19:10,6185,103.09848333333333,1656915560.386525,2022-07-04T09:19:20,6184764,103.0794,3325.3250222489064
1656915557,941000,8902789,100,3570,2,1,131,235,11,0,2022-07-04T09:19:17,6192,103.21568333333333,1656915570.9851758,2022-07-04T09:19:30,6191816,103.19693333333333,3244.9409714026115
1656915586,910000,8931759,79,4420,2,1,66,30,11,0,2022-07-04T09:19:46,6221,103.6985,1656915595.285709,2022-07-04T09:19:55,6220786,103.67976666666667,3008.7194292060035
1656915598,919000,8943768,103,3570,2,1,128,112,11,0,2022-07-04T09:19:58,6233,103.89865,1656915606.0363488,2022-07-04T09:20:06,6232795,103.87991666666667,2914.4190330485244
1656915609,919000,8954767,90,3740,2,1,132,170,11,0,2022-07-04T09:20:09,6244,104.08198333333333,1656915619.786468,2022-07-04T09:20:19,6243794,104.06323333333333,2830.646895165664
1656915622,960000,8967809,97,3740,2,1,127,30,11,0,2022-07-04T09:20:22,6257,104.29933333333334,1656915629.946344,2022-07-04T09:20:29,6256836,104.2806,2730.520784069575
1656915635,934000,8980783,78,4590,2,1,73,133,11,0,2022-07-04T09:20:35,6270,104.51556666666667,1656915643.705112,2022-07-04T09:20:43,6269810,104.49683333333334,2634.793900065457
1656915647,886000,8992735,96,3740,2,1,128,218,11,0,2022-07-04T09:20:47,6282,104.71476666666668,1656915654.6060278,2022-07-04T09:20:54,6281762,104.69603333333333,2543.6039675060997
1656915658,918000,9003767,89,3740,2,1,117,21,11,0,2022-07-04T09:20:58,6293,104.89863333333332,1656915668.235272,2022-07-04T09:21:08,6292794,104.87989999999999,2459.5559891356934
1656915668,926000,9013775,95,3910,2,1,141,51,11,0,2022-07-04T09:21:08,6303,105.06543333333335,1656915678.866021,2022-07-04T09:21:18,6302802,105.0467,2388.2857305418725
1656915693,909000,9038758,103,4590,2,1,77,240,11,0,2022-07-04T09:21:33,6328,105.48181666666666,1656915702.7646239,2022-07-04T09:21:42,6327785,105.46308333333333,2208.7824992210594
1656915717,925000,9062774,114,4420,2,1,73,158,11,0,2022-07-04T09:21:57,6352,105.88208333333334,1656915727.544797,2022-07-04T09:22:07,6351801,105.86335000000001,2063.8821990695164
1656915741,948000,9086797,118,3740,2,1,116,62,11,0,2022-07-04T09:22:21,6376,106.28246666666668,1656915751.765076,2022-07-04T09:22:31,6375824,106.26373333333332,1893.5051487658532
1656915753,923000,9098772,92,4420,2,1,60,148,11,0,2022-07-04T09:22:33,6388,106.48205,1656915762.395573,2022-07-04T09:22:42,6387799,106.46331666666667,1811.7176451444934
1656915766,972000,9111821,105,3740,2,1,111,7,11,0,2022-07-04T09:22:46,6401,106.69953333333333,1656915773.1253679,2022-07-04T09:22:53,6400848,106.6808,1721.5988830605916
1656915777,902000,9122751,91,3910,2,1,127,52,11,0,2022-07-04T09:22:57,6412,106.8817,1656915786.727905,2022-07-04T09:23:06,6411778,106.86296666666667,1646.9258907228968
1656915790,949000,9135798,111,3740,2,1,113,168,11,0,2022-07-04T09:23:10,6425,107.09915,1656915797.5546598,2022-07-04T09:23:17,6424825,107.08041666666666,1557.6640838615415
1656915801,892000,9146741,103,3910,2,1,130,225,11,0,2022-07-04T09:23:21,6436,107.28153333333333,1656915810.7492719,2022-07-04T09:23:30,6435768,107.2628,1482.3603267603528
1656915813,893000,9158742,96,3910,2,1,131,51,11,0,2022-07-04T09:23:33,6448,107.48155,1656915821.7251809,2022-07-04T09:23:41,6447769,107.46281666666667,1397.0018946386704
1656915825,915000,9170764,94,3910,2,1,124,131,11,0,2022-07-04T09:23:45,6460,107.68191666666667,1656915831.9545848,2022-07-04T09:23:51,6459791,107.66318333333334,1308.0640998348658
1656915837,887000,9182737,100,4420,2,1,64,217,11,0,2022-07-04T09:23:57,6472,107.88145,1656915846.031209,2022-07-04T09:24:06,6471764,107.86273333333334,1221.4165837418552
1656915849,912000,9194761,91,3910,2,1,126,48,11,0,2022-07-04T09:24:09,6484,108.08186666666667,1656915856.445957,2022-07-04T09:24:16,6483788,108.06313333333333,1140.0238094539136
1656915873,933000,9218783,77,3910,2,1,115,209,11,0,2022-07-04T09:24:33,6508,108.48221666666667,1656915880.964957,2022-07-04T09:24:40,6507810,108.46350000000001,967.4852685435508
