time_s,time_us,time_steady,temperature,seq,srcSystem,srcComponent,time_gregorian,time_s_from_launch,mins_from_launch,log_timestamp,log_timestamp_gregorian,time_steady_from_launch,mins_steady_from_launch,baro_altitude
1656909120,788000,2455069,31.375,56,12,2,2022-07-04T07:32:00,-245,-4.0702,1656909129.693812,2022-07-04T07:32:09,-255904,-4.265066666666667,96.41848180651219
1656909136,385000,2470069,31.375,123,12,2,2022-07-04T07:32:16,-229,-3.8102500000000004,1656909145.371917,2022-07-04T07:32:25,-240904,-4.015066666666667,97.32042723149861
1656909151,157000,2485069,31.375,219,12,2,2022-07-04T07:32:31,-214,-3.56405,1656909162.25844,2022-07-04T07:32:42,-225904,-3.765066666666667,97.30000562653755
1656909168,339000,2502069,31.4375,145,12,2,2022-07-04T07:32:48,-197,-3.2776833333333335,1656909178.810984,2022-07-04T07:32:58,-208904,-3.481733333333333,97.0637202491803
1656909199,451000,2533069,31.4375,57,12,2,2022-07-04T07:33:19,-166,-2.75915,1656909209.8316798,2022-07-04T07:33:29,-177904,-2.9650666666666665,96.73190777043146
1656909209,891000,2548113,31.5,14,12,2,2022-07-04T07:33:29,-156,-2.58515,1656909226.032521,2022-07-04T07:33:46,-162860,-2.7143333333333337,96.65837016497937
1656909231,70000,2563069,31.5,122,12,2,2022-07-04T07:33:51,-134,-2.2321666666666666,1656909239.016077,2022-07-04T07:33:59,-147904,-2.4650666666666665,96.59381866455078
1656909247,752000,2580693,31.5625,46,12,2,2022-07-04T07:34:07,-118,-1.9541333333333335,1656909255.2001529,2022-07-04T07:34:15,-130280,-2.1713333333333336,97.05039031116675
1656909263,831000,2596130,31.5625,21,12,2,2022-07-04T07:34:23,-102,-1.68615,1656909271.16466,2022-07-04T07:34:31,-114843,-1.91405,97.79963627297657
1656909292,773000,2625069,31.625,191,12,2,2022-07-04T07:34:52,-73,-1.2037833333333334,1656909302.7319279,2022-07-04T07:35:02,-85904,-1.4317333333333333,97.6801079886093
1656909309,286000,2641069,31.625,138,12,2,2022-07-04T07:35:09,-56,-0.9285666666666667,1656909318.6533358,2022-07-04T07:35:18,-69904,-1.1650666666666667,97.89999168557922
1656909325,0,2657069,31.6875,120,12,2,2022-07-04T07:35:25,-40,-0.6666666666666666,1656909334.236572,2022-07-04T07:35:34,-53904,-0.8984000000000001,98.4486310465312
1656909340,529000,2672069,31.6875,254,12,2,2022-07-04T07:35:40,-25,-0.40785,1656909347.258029,2022-07-04T07:35:47,-38904,-0.6484000000000001,98.45005876663232
1656909384,712000,2716069,31.75,94,12,2,2022-07-04T07:36:24,19,0.32853333333333334,1656909394.195068,2022-07-04T07:36:34,5096,0.08493333333333333,203.61731386493346
1656909400,421000,2732069,31.75,28,12,2,2022-07-04T07:36:40,35,0.59035,1656909410.647073,2022-07-04T07:36:50,21096,0.3516,299.39892333975064
1656909410,517000,2742069,31.6875,72,12,2,2022-07-04T07:36:50,45,0.7586166666666667,1656909428.1797159,2022-07-04T07:37:08,31096,0.5182666666666667,365.99576631776847
1656909433,768000,2765069,31.5625,98,12,2,2022-07-04T07:37:13,68,1.1461333333333334,1656909441.2505999,2022-07-04T07:37:21,54096,0.9016,505.78624651945114
1656909451,170000,2782069,31.4375,213,12,2,2022-07-04T07:37:31,86,1.4361666666666666,1656909457.2733128,2022-07-04T07:37:37,71096,1.1849333333333334,613.1367701367988
1656909465,952000,2797069,31.375,4,12,2,2022-07-04T07:37:45,100,1.6825333333333332,1656909473.245424,2022-07-04T07:37:53,86096,1.4349333333333334,709.853876255604
1656909481,979000,2813069,31.3125,48,12,2,2022-07-04T07:38:01,116,1.9496499999999999,1656909489.075233,2022-07-04T07:38:09,102096,1.7016,806.5174194469574
1656909496,938000,2828103,31.25,144,12,2,2022-07-04T07:38:16,131,2.1989666666666663,1656909505.3797529,2022-07-04T07:38:25,117130,1.9521666666666666,889.8895045141784
1656909513,772000,2845069,31.25,39,12,2,2022-07-04T07:38:33,148,2.4795333333333334,1656909521.8093529,2022-07-04T07:38:41,134096,2.234933333333333,990.2805750076387
1656909528,459000,2859069,31.1875,109,12,2,2022-07-04T07:38:48,163,2.7243166666666667,1656909537.482169,2022-07-04T07:38:57,148096,2.4682666666666666,1077.779964056779
1656909544,328000,2875069,31.1875,253,12,2,2022-07-04T07:39:04,179,2.9888,1656909553.6515088,2022-07-04T07:39:13,164096,2.734933333333333,1175.3360159581966
1656909576,758000,2907069,31.125,113,12,2,2022-07-04T07:39:36,211,3.5293,1656909586.502128,2022-07-04T07:39:46,196096,3.268266666666667,1366.6529268948577
1656909586,927000,2923069,31.0625,90,12,2,2022-07-04T07:39:46,221,3.698783333333333,1656909599.473569,2022-07-04T07:39:59,212096,3.5349333333333335,1461.0351394612726
1656909609,845000,2940069,31.0625,230,12,2,2022-07-04T07:40:09,244,4.08075,1656909616.0343928,2022-07-04T07:40:16,229096,3.8182666666666667,1563.4206165636156
1656909641,31000,2971069,30.875,156,12,2,2022-07-04T07:40:41,276,4.600516666666667,1656909647.876065,2022-07-04T07:40:47,260096,4.334933333333334,1754.3923837444272
1656909656,880000,2987069,30.75,113,12,2,2022-07-04T07:40:56,291,4.8646666666666665,1656909664.647421,2022-07-04T07:41:04,276096,4.6016,1849.6216397502149
1656909672,989000,3003092,30.625,141,12,2,2022-07-04T07:41:12,307,5.13315,1656909679.898104,2022-07-04T07:41:19,292119,4.868650000000001,1955.7920362814114
1656909687,217000,3017069,30.5625,220,12,2,2022-07-04T07:41:27,322,5.370283333333333,1656909695.298156,2022-07-04T07:41:35,306096,5.1016,2050.0602622690076
1656909704,310000,3034085,30.375,158,12,2,2022-07-04T07:41:44,339,5.655166666666667,1656909713.0387928,2022-07-04T07:41:53,323112,5.3852,2160.538769567972
1656909714,465000,3044069,30.3125,66,12,2,2022-07-04T07:41:54,349,5.824416666666666,1656909728.3905249,2022-07-04T07:42:08,333096,5.5516,2226.456445786655
1656909730,204000,3060095,30.1875,198,12,2,2022-07-04T07:42:10,365,6.086733333333333,1656909741.270561,2022-07-04T07:42:21,349122,5.818700000000001,2325.588416824849
1656909750,441000,3080069,29.9375,186,12,2,2022-07-04T07:42:30,385,6.424016666666666,1656909757.8911998,2022-07-04T07:42:37,369096,6.1516,2444.695517153305
1656909766,322000,3096069,29.8125,253,12,2,2022-07-04T07:42:46,401,6.6887,1656909773.531632,2022-07-04T07:42:53,385096,6.418266666666667,2542.764122075505
1656909780,66000,3110069,29.75,5,12,2,2022-07-04T07:43:00,415,6.917766666666666,1656909788.731444,2022-07-04T07:43:08,399096,6.6516,2619.0484009166316
1656909796,517000,3126069,29.625,102,12,2,2022-07-04T07:43:16,431,7.19195,1656909804.71482,2022-07-04T07:43:24,415096,6.918266666666667,2715.6196049605137
1656909827,291000,3157069,29.3125,40,12,2,2022-07-04T07:43:47,462,7.7048499999999995,1656909836.522137,2022-07-04T07:43:56,446096,7.434933333333333,2900.142622478805
1656909836,989000,3172069,29.1875,174,12,2,2022-07-04T07:43:56,471,7.866483333333333,1656909849.5923169,2022-07-04T07:44:09,461096,7.684933333333333,2986.943675702368
1656909858,282000,3187069,29.0,29,12,2,2022-07-04T07:44:18,493,8.221366666666666,1656909865.642741,2022-07-04T07:44:25,476096,7.934933333333333,3083.3027514601413
1656909872,21000,3201069,28.875,46,12,2,2022-07-04T07:44:32,507,8.45035,1656909881.613597,2022-07-04T07:44:41,490096,8.168266666666666,3161.8179369027043
1656909888,33000,3217072,28.6875,68,12,2,2022-07-04T07:44:48,523,8.717216666666667,1656909897.835733,2022-07-04T07:44:57,506099,8.434983333333333,3260.9774798900003
1656909906,72000,3235069,28.5,126,12,2,2022-07-04T07:45:06,541,9.017866666666666,1656909914.0443199,2022-07-04T07:45:14,524096,8.734933333333334,3374.9135422377785
1656909919,127000,3248069,28.375,133,12,2,2022-07-04T07:45:19,554,9.235449999999998,1656909928.975188,2022-07-04T07:45:28,537096,8.951600000000001,3449.1161582687982
1656909929,411000,3258069,28.25,242,12,2,2022-07-04T07:45:29,564,9.406849999999999,1656909944.24364,2022-07-04T07:45:44,547096,9.118266666666667,3508.844710378833
1656909950,517000,3279069,28.0625,105,12,2,2022-07-04T07:45:50,585,9.758616666666667,1656909960.68408,2022-07-04T07:46:00,568096,9.468266666666667,3636.1819275487396
1656909981,275000,3310069,27.6875,149,12,2,2022-07-04T07:46:21,616,10.27125,1656909989.32586,2022-07-04T07:46:29,599096,9.984933333333334,3825.6547347809687
1656909996,793000,3325069,27.5,10,12,2,2022-07-04T07:46:36,631,10.529883333333334,1656910004.8845558,2022-07-04T07:46:44,614096,10.234933333333334,3914.102127593943
1656910012,681000,3341069,27.3125,69,12,2,2022-07-04T07:46:52,647,10.794683333333333,1656910020.87536,2022-07-04T07:47:00,630096,10.5016,4008.6103149412456
1656910026,530000,3355069,27.125,24,12,2,2022-07-04T07:47:06,661,11.0255,1656910036.675837,2022-07-04T07:47:16,644096,10.734933333333334,4093.1586462320565
1656910043,610000,3372069,26.9375,37,12,2,2022-07-04T07:47:23,678,11.310166666666667,1656910052.086045,2022-07-04T07:47:32,661096,11.018266666666667,4193.126178227631
1656910073,853000,3402069,26.5,63,12,2,2022-07-04T07:47:53,708,11.814216666666665,1656910081.375113,2022-07-04T07:48:01,691096,11.518266666666667,4369.661860919871
1656910089,891000,3418069,26.25,197,12,2,2022-07-04T07:48:09,724,12.081516666666666,1656910097.778832,2022-07-04T07:48:17,707096,11.784933333333333,4466.970809520342
1656910121,982000,3450069,25.875,225,12,2,2022-07-04T07:48:41,756,12.616366666666666,1656910129.90554,2022-07-04T07:48:49,739096,12.318266666666666,4674.665732300848
1656910136,786000,3466069,25.75,71,12,2,2022-07-04T07:48:56,771,12.8631,1656910146.455245,2022-07-04T07:49:06,755096,12.584933333333334,4767.039076317071
1656910168,504000,3496145,25.3125,59,12,2,2022-07-04T07:49:28,803,13.391733333333333,1656910177.146613,2022-07-04T07:49:37,785172,13.0862,4944.899257291749
1656910199,648000,3527069,24.875,251,12,2,2022-07-04T07:49:59,834,13.9108,1656910206.7152328,2022-07-04T07:50:06,816096,13.6016,5136.133022415101
1656910215,436000,3543069,24.6875,17,12,2,2022-07-04T07:50:15,850,14.173933333333334,1656910222.445333,2022-07-04T07:50:22,832096,13.868266666666667,5239.181863000388
1656910228,624000,3556069,24.5,121,12,2,2022-07-04T07:50:28,863,14.393733333333333,1656910239.075768,2022-07-04T07:50:39,845096,14.084933333333334,5327.592945709439
1656910246,496000,3575069,24.3125,106,12,2,2022-07-04T07:50:46,881,14.6916,1656910254.4049928,2022-07-04T07:50:54,864096,14.4016,5458.0885396741705
1656910262,611000,3591069,24.0625,45,12,2,2022-07-04T07:51:02,897,14.960183333333333,1656910270.694108,2022-07-04T07:51:10,880096,14.668266666666666,5545.704004348583
1656910278,884000,3607069,23.875,2,12,2,2022-07-04T07:51:18,913,15.2314,1656910287.433965,2022-07-04T07:51:27,896096,14.934933333333333,5650.019494266623
1656910293,949000,3622069,23.6875,129,12,2,2022-07-04T07:51:33,928,15.482483333333333,1656910303.682785,2022-07-04T07:51:43,911096,15.184933333333333,5735.432459368543
1656910309,988000,3638069,23.4375,101,12,2,2022-07-04T07:51:49,944,15.7498,1656910319.112836,2022-07-04T07:51:59,927096,15.451600000000001,5825.506862303808
1656910326,157000,3654069,23.1875,189,12,2,2022-07-04T07:52:06,961,16.019283333333334,1656910335.9027128,2022-07-04T07:52:15,943096,15.718266666666667,5936.381557666385
1656910352,683000,3681069,22.6875,5,12,2,2022-07-04T07:52:32,987,16.461383333333334,1656910363.774173,2022-07-04T07:52:43,970096,16.168266666666668,6103.547664988889
1656910371,378000,3699069,22.375,40,12,2,2022-07-04T07:52:51,1006,16.77296666666667,1656910379.93164,2022-07-04T07:52:59,988096,16.46826666666667,6218.676695003842
1656910387,200000,3715069,22.125,222,12,2,2022-07-04T07:53:07,1022,17.03666666666667,1656910395.9140608,2022-07-04T07:53:15,1004096,16.734933333333334,6308.957386330411
1656910400,294000,3728081,21.875,147,12,2,2022-07-04T07:53:20,1035,17.254900000000003,1656910411.662292,2022-07-04T07:53:31,1017108,16.9518,6386.577666222041
1656910419,68000,3747069,21.5625,90,12,2,2022-07-04T07:53:39,1054,17.5678,1656910427.5617008,2022-07-04T07:53:47,1036096,17.268266666666666,6500.30942980579
1656910434,102000,3762069,21.25,76,12,2,2022-07-04T07:53:54,1069,17.81836666666667,1656910443.520681,2022-07-04T07:54:03,1051096,17.518266666666666,6598.573819980332
1656910449,600000,3777069,21.0,187,12,2,2022-07-04T07:54:09,1084,18.076666666666664,1656910459.7199368,2022-07-04T07:54:19,1066096,17.768266666666666,6696.449070524269
1656910466,305000,3794069,20.6875,51,12,2,2022-07-04T07:54:26,1101,18.355083333333333,1656910476.211292,2022-07-04T07:54:36,1083096,18.0516,6798.528839476874
1656910479,730000,3807069,20.4375,57,12,2,2022-07-04T07:54:39,1114,18.578833333333332,1656910488.4503438,2022-07-04T07:54:48,1096096,18.268266666666666,6881.3904396484495
1656910494,449000,3822175,20.125,228,12,2,2022-07-04T07:54:54,1129,18.82415,1656910504.49178,2022-07-04T07:55:04,1111202,18.520033333333334,6965.933749569292
1656910509,683000,3837069,19.875,111,12,2,2022-07-04T07:55:09,1144,19.07805,1656910520.099725,2022-07-04T07:55:20,1126096,18.768266666666666,7057.039767699684
1656910541,499000,3869069,19.3125,180,12,2,2022-07-04T07:55:41,1176,19.608316666666667,1656910552.538513,2022-07-04T07:55:52,1158096,19.3016,7245.161697040137
1656910558,837000,3886069,18.9375,201,12,2,2022-07-04T07:55:58,1193,19.897283333333334,1656910568.60986,2022-07-04T07:56:08,1175096,19.584933333333332,7351.953127772204
1656910575,994000,3903069,18.625,88,12,2,2022-07-04T07:56:15,1210,20.18323333333333,1656910584.75914,2022-07-04T07:56:24,1192096,19.868266666666667,7476.407714035566
1656910590,789000,3918069,18.25,127,12,2,2022-07-04T07:56:30,1225,20.429816666666667,1656910600.7813969,2022-07-04T07:56:40,1207096,20.118266666666667,7583.324947050304
1656910607,319000,3934068,17.875,70,12,2,2022-07-04T07:56:47,1242,20.705316666666665,1656910617.647208,2022-07-04T07:56:57,1223095,20.384916666666665,7687.986722905585
1656910622,422000,3949069,17.5625,178,12,2,2022-07-04T07:57:02,1257,20.957033333333335,1656910630.0673769,2022-07-04T07:57:10,1238096,20.634933333333333,7778.9218297526195
1656910637,109000,3964069,17.25,177,12,2,2022-07-04T07:57:17,1272,21.201816666666666,1656910646.2080438,2022-07-04T07:57:26,1253096,20.884933333333333,7868.4395678495375
1656910650,28000,3977069,17.0,76,12,2,2022-07-04T07:57:30,1285,21.417133333333332,1656910661.4864368,2022-07-04T07:57:41,1266096,21.1016,7947.31746038596
1656910667,938000,3995069,16.6875,123,12,2,2022-07-04T07:57:47,1302,21.715633333333336,1656910677.877925,2022-07-04T07:57:57,1284096,21.4016,8057.939192559684
1656910699,106000,4026797,16.0,253,12,2,2022-07-04T07:58:19,1334,22.2351,1656910710.315721,2022-07-04T07:58:30,1315824,21.930400000000002,8272.929396576612
1656910732,199000,4058070,15.375,32,12,2,2022-07-04T07:58:52,1367,22.78665,1656910742.41986,2022-07-04T07:59:02,1347097,22.451616666666666,8486.982229905208
1656910749,482000,4075069,15.0625,45,12,2,2022-07-04T07:59:09,1384,23.0747,1656910755.444568,2022-07-04T07:59:15,1364096,22.734933333333334,8600.472335562645
1656910765,101000,4091069,14.6875,62,12,2,2022-07-04T07:59:25,1400,23.335016666666668,1656910771.2569408,2022-07-04T07:59:31,1380096,23.0016,8707.339744868621
1656910794,194000,4120069,14.125,41,12,2,2022-07-04T07:59:54,1429,23.8199,1656910803.524545,2022-07-04T08:00:03,1409096,23.484933333333334,8895.17711708715
1656910810,614000,4136069,13.75,131,12,2,2022-07-04T08:00:10,1445,24.093566666666668,1656910820.0537078,2022-07-04T08:00:20,1425096,23.7516,8991.691232178895
1656910837,964000,4163069,13.1875,70,12,2,2022-07-04T08:00:37,1472,24.5494,1656910848.253432,2022-07-04T08:00:48,1452096,24.2016,9189.271094959955
1656910857,223000,4182069,12.75,189,12,2,2022-07-04T08:00:57,1492,24.870383333333333,1656910864.986153,2022-07-04T08:01:04,1471096,24.518266666666666,9297.417638967932
1656910869,94000,4194069,12.5,246,12,2,2022-07-04T08:01:09,1504,25.068233333333335,1656910880.372925,2022-07-04T08:01:20,1483096,24.71826666666667,9368.19661226136
1656910887,884000,4213069,12.125,175,12,2,2022-07-04T08:01:27,1522,25.3814,1656910895.84384,2022-07-04T08:01:35,1502096,25.034933333333335,9489.050058650333
1656910903,126000,4228069,11.8125,139,12,2,2022-07-04T08:01:43,1538,25.63543333333333,1656910912.452417,2022-07-04T08:01:52,1517096,25.284933333333335,9606.78240943531
1656910919,160000,4244069,11.4375,101,12,2,2022-07-04T08:01:59,1554,25.90266666666667,1656910928.905264,2022-07-04T08:02:08,1533096,25.5516,9714.891326812069
1656910952,183000,4277069,10.75,138,12,2,2022-07-04T08:02:32,1587,26.45305,1656910961.46206,2022-07-04T08:02:41,1566096,26.1016,9948.110888181947
1656910968,410000,4293069,10.375,61,12,2,2022-07-04T08:02:48,1603,26.7235,1656910977.7913089,2022-07-04T08:02:57,1582096,26.368266666666667,10056.52530180267
1656910984,520000,4309069,10.0625,59,12,2,2022-07-04T08:03:04,1619,26.992,1656910990.852409,2022-07-04T08:03:10,1598096,26.634933333333333,10157.434247903704
1656910994,587000,4319069,9.8125,202,12,2,2022-07-04T08:03:14,1629,27.159783333333333,1656911006.480556,2022-07-04T08:03:26,1608096,26.8016,10224.0976884966
1656911014,646000,4339069,9.375,67,12,2,2022-07-04T08:03:34,1649,27.4941,1656911022.482693,2022-07-04T08:03:42,1628096,27.134933333333333,10394.079246471027
1656911029,14000,4354069,9.0625,181,12,2,2022-07-04T08:03:49,1664,27.733566666666665,1656911038.272197,2022-07-04T08:03:58,1643096,27.384933333333333,10480.965705560136
1656911045,283000,4370069,8.6875,224,12,2,2022-07-04T08:04:05,1680,28.004716666666663,1656911054.861589,2022-07-04T08:04:14,1659096,27.6516,10593.386818543957
1656911060,922000,4386070,8.3125,7,12,2,2022-07-04T08:04:20,1695,28.26536666666667,1656911070.16978,2022-07-04T08:04:30,1675097,27.91828333333333,10684.244816395125
1656911075,408000,4402069,8.0,24,12,2,2022-07-04T08:04:35,1710,28.5068,1656911086.461292,2022-07-04T08:04:46,1691096,28.184933333333333,10757.49049562102
1656911094,754000,4419069,7.6875,97,12,2,2022-07-04T08:04:54,1729,28.82923333333333,1656911102.58306,2022-07-04T08:05:02,1708096,28.46826666666667,10872.388823064872
1656911137,813000,4462069,6.9375,188,12,2,2022-07-04T08:05:37,1772,29.546883333333334,1656911146.7183008,2022-07-04T08:05:46,1751096,29.184933333333333,11154.438757794102
1656911152,753000,4478068,6.625,123,12,2,2022-07-04T08:05:52,1787,29.795883333333332,1656911162.748385,2022-07-04T08:06:02,1767095,29.451583333333335,11249.670101270356
1656911168,941000,4493068,6.375,12,12,2,2022-07-04T08:06:08,1803,30.065683333333332,1656911179.058456,2022-07-04T08:06:19,1782095,29.701583333333335,11333.45196821828
1656911218,46000,4543104,5.5,43,12,2,2022-07-04T08:06:58,1853,30.8841,1656911224.728116,2022-07-04T08:07:04,1832131,30.53551666666667,11610.223661502347
1656911234,941000,4559104,5.1875,74,12,2,2022-07-04T08:07:14,1869,31.165683333333334,1656911241.066344,2022-07-04T08:07:21,1848131,30.802183333333335,11711.299014320637
1656911248,50000,4572068,5.0,184,12,2,2022-07-04T08:07:28,1883,31.384166666666665,1656911257.1266289,2022-07-04T08:07:37,1861095,31.018250000000002,11800.420499520756
1656911263,41000,4588068,4.75,17,12,2,2022-07-04T08:07:43,1898,31.634016666666664,1656911272.685917,2022-07-04T08:07:52,1877095,31.284916666666668,11892.861718545368
1656911281,185000,4605117,4.4375,53,12,2,2022-07-04T08:08:01,1916,31.936416666666666,1656911289.2864158,2022-07-04T08:08:09,1894144,31.569066666666668,12006.915980855867
1656911296,335000,4620068,4.0625,127,12,2,2022-07-04T08:08:16,1931,32.188916666666664,1656911305.705828,2022-07-04T08:08:25,1909095,31.81825,12097.074324958909
1656911311,412000,4635068,3.8125,75,12,2,2022-07-04T08:08:31,1946,32.4402,1656911321.9552078,2022-07-04T08:08:41,1924095,32.06825,12184.764025757275
1656911360,268000,4685068,3.1875,110,12,2,2022-07-04T08:09:20,1995,33.254466666666666,1656911367.614809,2022-07-04T08:09:27,1974095,32.901583333333335,12482.634743186454
1656911376,382000,4700086,3.0,202,12,2,2022-07-04T08:09:36,2011,33.52303333333334,1656911387.7640479,2022-07-04T08:09:47,1989113,33.15188333333334,12585.093722913814
1656911394,601000,4718068,2.75,16,12,2,2022-07-04T08:09:54,2029,33.826683333333335,1656911401.005497,2022-07-04T08:10:01,2007095,33.45158333333333,12689.150978990172
1656911405,591000,4729069,2.5625,157,12,2,2022-07-04T08:10:05,2040,34.00985,1656911417.2033439,2022-07-04T08:10:17,2018096,33.634933333333336,12755.694404900896
1656911423,334000,4747068,2.3125,117,12,2,2022-07-04T08:10:23,2058,34.305566666666664,1656911433.553993,2022-07-04T08:10:33,2036095,33.934916666666666,12881.464004836971
1656911441,419000,4765069,2.125,202,12,2,2022-07-04T08:10:41,2076,34.60698333333333,1656911449.942344,2022-07-04T08:10:49,2054096,34.23493333333333,12989.908096583598
1656911458,564000,4782069,1.9375,119,12,2,2022-07-04T08:10:58,2093,34.89273333333333,1656911465.992045,2022-07-04T08:11:05,2071096,34.51826666666667,13099.215705848208
1656911473,732000,4797068,1.8125,9,12,2,2022-07-04T08:11:13,2108,35.14553333333333,1656911482.552269,2022-07-04T08:11:22,2086095,34.768249999999995,13171.182283292721
1656911489,627000,4814069,1.6875,82,12,2,2022-07-04T08:11:29,2124,35.41045,1656911498.79216,2022-07-04T08:11:38,2103096,35.0516,13247.264899377446
1656911506,611000,4830069,1.5625,95,12,2,2022-07-04T08:11:46,2141,35.69351666666667,1656911515.201249,2022-07-04T08:11:55,2119096,35.318266666666666,13334.555295482342
1656911521,871000,4845069,1.4375,155,12,2,2022-07-04T08:12:01,2156,35.94785,1656911531.761412,2022-07-04T08:12:11,2134096,35.568266666666666,13423.888945481105
1656911537,675000,4861069,1.375,98,12,2,2022-07-04T08:12:17,2172,36.21125,1656911544.761405,2022-07-04T08:12:24,2150096,35.83493333333333,13502.585414009354
1656911552,391000,4876069,1.25,115,12,2,2022-07-04T08:12:32,2187,36.456516666666666,1656911560.1915638,2022-07-04T08:12:40,2165096,36.08493333333333,13568.311724645344
1656911568,553000,4892069,1.1875,67,12,2,2022-07-04T08:12:48,2203,36.72588333333333,1656911576.420897,2022-07-04T08:12:56,2181096,36.3516,13632.426585037858
1656911585,799000,4909069,1.125,95,12,2,2022-07-04T08:13:05,2220,37.01331666666667,1656911593.250613,2022-07-04T08:13:13,2198096,36.634933333333336,13712.527958853983
1656911599,670000,4923069,1.0,175,12,2,2022-07-04T08:13:19,2234,37.2445,1656911608.652153,2022-07-04T08:13:28,2212096,36.86826666666666,13779.125405615287
1656911615,702000,4939088,0.9375,67,12,2,2022-07-04T08:13:35,2250,37.511700000000005,1656911624.89012,2022-07-04T08:13:44,2228115,37.13525,13877.342879940143
1656911630,682000,4954438,0.8125,54,12,2,2022-07-04T08:13:50,2265,37.76136666666666,1656911640.20122,2022-07-04T08:14:00,2243465,37.391083333333334,14027.241834159955
1656911646,111000,4969069,0.6875,4,12,2,2022-07-04T08:14:06,2281,38.01851666666666,1656911653.429473,2022-07-04T08:14:13,2258096,37.634933333333336,14099.665674827138
1656911678,963000,5002069,0.375,249,12,2,2022-07-04T08:14:38,2313,38.566050000000004,1656911685.8679838,2022-07-04T08:14:45,2291096,38.18493333333333,14238.044094463943
1656911725,257000,5049069,0.1875,111,12,2,2022-07-04T08:15:25,2360,39.33761666666667,1656911735.85984,2022-07-04T08:15:35,2338096,38.968266666666665,14451.0904789192
1656911741,382000,5065069,0.125,15,12,2,2022-07-04T08:15:41,2376,39.606366666666666,1656911752.2774599,2022-07-04T08:15:52,2354096,39.23493333333333,14530.561831953515
1656911756,127000,5080069,0.0625,106,12,2,2022-07-04T08:15:56,2391,39.85211666666667,1656911765.5896358,2022-07-04T08:16:05,2369096,39.48493333333333,14609.019355429966
1656911774,209000,5098069,0.0,131,12,2,2022-07-04T08:16:14,2409,40.153483333333334,1656911782.3271239,2022-07-04T08:16:22,2387096,39.784933333333335,14709.23203929894
1656911786,411000,5110069,-0.0625,58,12,2,2022-07-04T08:16:26,2421,40.35685,1656911797.806136,2022-07-04T08:16:37,2399096,39.98493333333333,14777.111848212437
1656911802,303000,5126069,-0.0625,189,12,2,2022-07-04T08:16:42,2437,40.621716666666664,1656911813.945885,2022-07-04T08:16:53,2415096,40.2516,14859.568142205466
1656911823,375000,5147069,-0.1875,114,12,2,2022-07-04T08:17:03,2458,40.97291666666667,1656911830.637589,2022-07-04T08:17:10,2436096,40.6016,14974.149976600034
1656911837,204000,5161069,-0.25,37,12,2,2022-07-04T08:17:17,2472,41.2034,1656911846.1356359,2022-07-04T08:17:26,2450096,40.83493333333333,15087.453425104413
1656911852,514000,5176069,-0.3125,28,12,2,2022-07-04T08:17:32,2487,41.45856666666667,1656911862.484989,2022-07-04T08:17:42,2465096,41.08493333333333,15194.470210860616
1656911883,346000,5207069,-0.4375,198,12,2,2022-07-04T08:18:03,2518,41.972433333333335,1656911894.9048,2022-07-04T08:18:14,2496096,41.6016,15345.223052665006
1656911895,364000,5219069,-0.4375,55,12,2,2022-07-04T08:18:15,2530,42.17273333333333,1656911908.084609,2022-07-04T08:18:28,2508096,41.8016,15419.643076968521
1656911911,647000,5235069,-0.5625,240,12,2,2022-07-04T08:18:31,2546,42.444116666666666,1656911924.293789,2022-07-04T08:18:44,2524096,42.068266666666666,15523.408325076458
1656911931,607000,5255079,-0.625,138,12,2,2022-07-04T08:18:51,2566,42.776783333333334,1656911940.5135329,2022-07-04T08:19:00,2544106,42.40176666666667,15638.660464574892
1656911947,619000,5271069,-0.6875,200,12,2,2022-07-04T08:19:07,2582,43.04365,1656911956.713289,2022-07-04T08:19:16,2560096,42.66826666666667,15711.222765965735
1656911994,412000,5318069,-0.75,21,12,2,2022-07-04T08:19:54,2629,43.82353333333333,1656912004.798024,2022-07-04T08:20:04,2607096,43.4516,15951.834337742017
1656912006,616000,5329069,-0.8125,200,12,2,2022-07-04T08:20:06,2641,44.02693333333333,1656912021.6546159,2022-07-04T08:20:21,2618096,43.634933333333336,16008.415858000468
1656912027,593000,5350069,-0.875,99,12,2,2022-07-04T08:20:27,2662,44.376549999999995,1656912037.71218,2022-07-04T08:20:37,2639096,43.98493333333333,16102.339317934979
1656912041,519000,5364069,-0.875,105,12,2,2022-07-04T08:20:41,2676,44.60865,1656912050.27294,2022-07-04T08:20:50,2653096,44.218266666666665,16163.115406893894
1656912057,578000,5380069,-0.875,241,12,2,2022-07-04T08:20:57,2692,44.8763,1656912066.514436,2022-07-04T08:21:06,2669096,44.48493333333333,16231.64608113154
1656912074,611000,5397069,-0.9375,38,12,2,2022-07-04T08:21:14,2709,45.16018333333333,1656912082.731056,2022-07-04T08:21:22,2686096,44.76826666666667,16309.260950760046
1656912090,464000,5413069,-0.9375,3,12,2,2022-07-04T08:21:30,2725,45.4244,1656912099.680693,2022-07-04T08:21:39,2702096,45.034933333333335,16379.539258661758
1656912107,776000,5430069,-0.9375,82,12,2,2022-07-04T08:21:47,2742,45.71293333333333,1656912115.170357,2022-07-04T08:21:55,2719096,45.318266666666666,16462.522786773585
1656912123,890000,5446069,-0.9375,136,12,2,2022-07-04T08:22:03,2758,45.9815,1656912131.790477,2022-07-04T08:22:11,2735096,45.58493333333333,16541.054783840355
1656912137,707000,5460069,-0.9375,245,12,2,2022-07-04T08:22:17,2772,46.21178333333333,1656912147.3421168,2022-07-04T08:22:27,2749096,45.818266666666666,16608.922819695334
1656912153,862000,5476069,-0.9375,201,12,2,2022-07-04T08:22:33,2788,46.481033333333336,1656912163.3619769,2022-07-04T08:22:43,2765096,46.08493333333333,16690.34878673716
1656912169,616000,5492069,-0.9375,43,12,2,2022-07-04T08:22:49,2804,46.7436,1656912180.0507,2022-07-04T08:23:00,2781096,46.3516,16800.92296652051
1656912183,926000,5506069,-1.0,55,12,2,2022-07-04T08:23:03,2818,46.982099999999996,1656912191.901568,2022-07-04T08:23:11,2795096,46.58493333333333,16941.97118582907
1656912199,980000,5522069,-1.0625,217,12,2,2022-07-04T08:23:19,2834,47.24966666666667,1656912208.6601799,2022-07-04T08:23:28,2811096,46.8516,17088.613557146902
1656912216,168000,5538069,-1.125,191,12,2,2022-07-04T08:23:36,2851,47.519466666666666,1656912225.2594728,2022-07-04T08:23:45,2827096,47.11826666666666,17228.159651156515
1656912232,71000,5554069,-1.25,229,12,2,2022-07-04T08:23:52,2867,47.78451666666667,1656912240.7599368,2022-07-04T08:24:00,2843096,47.384933333333336,17367.571961809354
1656912247,82000,5569069,-1.25,14,12,2,2022-07-04T08:24:07,2882,48.0347,1656912256.910097,2022-07-04T08:24:16,2858096,47.634933333333336,17445.295012951156
1656912257,934000,5580069,-1.3125,24,12,2,2022-07-04T08:24:17,2892,48.21556666666667,1656912271.791872,2022-07-04T08:24:31,2869096,47.818266666666666,17498.647243684492
1656912309,902000,5632069,-1.25,178,12,2,2022-07-04T08:25:09,2944,49.0817,1656912317.692488,2022-07-04T08:25:17,2921096,48.68493333333333,17723.425947335294
1656912323,254000,5645082,-1.25,241,12,2,2022-07-04T08:25:23,2958,49.30423333333333,1656912336.5138838,2022-07-04T08:25:36,2934109,48.90181666666667,17782.03536821661
1656912344,306000,5666069,-1.25,75,12,2,2022-07-04T08:25:44,2979,49.6551,1656912353.185149,2022-07-04T08:25:53,2955096,49.2516,17876.982219574926
1656912358,611000,5680069,-1.25,86,12,2,2022-07-04T08:25:58,2993,49.89351666666666,1656912369.064605,2022-07-04T08:26:09,2969096,49.48493333333333,17941.48024642012
1656912375,447000,5697069,-1.1875,33,12,2,2022-07-04T08:26:15,3010,50.17411666666667,1656912387.5058239,2022-07-04T08:26:27,2986096,49.76826666666667,18022.047546198894
1656912393,564000,5715069,-1.1875,134,12,2,2022-07-04T08:26:33,3028,50.47606666666666,1656912403.5456839,2022-07-04T08:26:43,3004096,50.068266666666666,18116.788813129104
1656912405,416000,5727069,-1.1875,242,12,2,2022-07-04T08:26:45,3040,50.6736,1656912416.4196,2022-07-04T08:26:56,3016096,50.26826666666667,18178.141651880433
1656912439,333000,5761137,-1.0625,162,12,2,2022-07-04T08:27:19,3074,51.238883333333334,1656912448.3776438,2022-07-04T08:27:28,3050164,50.83606666666667,18351.46871595807
1656912454,502000,5776931,-1.0625,138,12,2,2022-07-04T08:27:34,3089,51.4917,1656912464.4883919,2022-07-04T08:27:44,3065958,51.0993,18422.6526115287
1656912472,370000,5794069,-1.0625,211,12,2,2022-07-04T08:27:52,3107,51.7895,1656912480.729853,2022-07-04T08:28:00,3083096,51.384933333333336,18506.965264441566
1656912486,851000,5808069,-1.0625,19,12,2,2022-07-04T08:28:06,3121,52.03085,1656912496.608217,2022-07-04T08:28:16,3097096,51.61826666666666,18570.060832027513
1656912502,854000,5824069,-1.0,170,12,2,2022-07-04T08:28:22,3137,52.29756666666666,1656912513.349557,2022-07-04T08:28:33,3113096,51.884933333333336,18644.429194852888
1656912520,862000,5842069,-1.0,106,12,2,2022-07-04T08:28:40,3155,52.5977,1656912529.55918,2022-07-04T08:28:49,3131096,52.18493333333333,18728.60760527188
1656912535,742000,5857069,-0.9375,231,12,2,2022-07-04T08:28:55,3170,52.8457,1656912545.462801,2022-07-04T08:29:05,3146096,52.43493333333333,18801.02916295768
1656912565,991000,5887115,-0.875,170,12,2,2022-07-04T08:29:25,3200,53.349849999999996,1656912575.6102169,2022-07-04T08:29:35,3176142,52.9357,18941.97099199698
1656912578,896000,5900069,-0.875,107,12,2,2022-07-04T08:29:38,3213,53.564933333333336,1656912590.3003678,2022-07-04T08:29:50,3189096,53.1516,19004.616674158613
1656912596,920000,5919069,-0.8125,130,12,2,2022-07-04T08:29:56,3231,53.86533333333333,1656912606.5507798,2022-07-04T08:30:06,3208096,53.468266666666665,19085.167833336778
1656912614,76000,5935069,-0.75,65,12,2,2022-07-04T08:30:14,3249,54.151266666666665,1656912623.3513799,2022-07-04T08:30:23,3224096,53.73493333333333,19164.44364282525
1656912630,272000,5951069,-0.6875,3,12,2,2022-07-04T08:30:30,3265,54.4212,1656912639.571333,2022-07-04T08:30:39,3240096,54.0016,19234.45620649962
1656912639,404000,5966069,-0.625,76,12,2,2022-07-04T08:30:39,3274,54.5734,1656912655.131525,2022-07-04T08:30:55,3255096,54.2516,19304.724981974465
1656912661,360000,5983069,-0.5625,65,12,2,2022-07-04T08:31:01,3296,54.93933333333334,1656912671.7034888,2022-07-04T08:31:11,3272096,54.534933333333335,19388.162607009024
1656912672,324000,5994069,-0.5,245,12,2,2022-07-04T08:31:12,3307,55.12206666666667,1656912684.1243,2022-07-04T08:31:24,3283096,54.718266666666665,19441.497063565
1656912692,175000,6014069,-0.4375,174,12,2,2022-07-04T08:31:32,3327,55.45291666666667,1656912700.032445,2022-07-04T08:31:40,3303096,55.0516,19541.032881923762
1656912708,413000,6030069,-0.375,210,12,2,2022-07-04T08:31:48,3343,55.72355,1656912716.6932359,2022-07-04T08:31:56,3319096,55.318266666666666,19622.107255255425
1656912723,510000,6045069,-0.375,191,12,2,2022-07-04T08:32:03,3358,55.975166666666674,1656912732.262809,2022-07-04T08:32:12,3334096,55.568266666666666,19696.961803436963
1656912739,202000,6061069,-0.3125,32,12,2,2022-07-04T08:32:19,3374,56.236700000000006,1656912748.4128158,2022-07-04T08:32:28,3350096,55.83493333333333,19773.87522421159
1656912755,546000,6077069,-0.25,29,12,2,2022-07-04T08:32:35,3390,56.5091,1656912765.2131438,2022-07-04T08:32:45,3366096,56.1016,19852.149474980994
1656912784,688000,6106069,-0.1875,158,12,2,2022-07-04T08:33:04,3419,56.994800000000005,1656912792.973516,2022-07-04T08:33:12,3395096,56.58493333333333,19982.11711152885
1656912800,534000,6122069,-0.125,11,12,2,2022-07-04T08:33:20,3435,57.258900000000004,1656912809.976752,2022-07-04T08:33:29,3411096,56.8516,20053.12038539912
1656912817,351000,6138069,-0.0625,153,12,2,2022-07-04T08:33:37,3452,57.539183333333334,1656912825.2840278,2022-07-04T08:33:45,3427096,57.11826666666666,20130.027021185942
1656912830,168000,6151069,0.0,144,12,2,2022-07-04T08:33:50,3465,57.7528,1656912841.309952,2022-07-04T08:34:01,3440096,57.33493333333333,20191.24452220051
1656912841,550000,6168176,0.125,186,12,2,2022-07-04T08:34:01,3476,57.9425,1656912856.674453,2022-07-04T08:34:16,3457203,57.62005,20258.78173447673
1656912856,613000,6177069,0.125,58,12,2,2022-07-04T08:34:16,3491,58.193549999999995,1656912872.495436,2022-07-04T08:34:32,3466096,57.76826666666667,20318.360005868177
1656912871,907000,6193109,0.1875,211,12,2,2022-07-04T08:34:31,3506,58.44845,1656912885.365176,2022-07-04T08:34:45,3482136,58.0356,20384.98181154689
1656912892,810000,6213069,0.25,127,12,2,2022-07-04T08:34:52,3527,58.79683333333333,1656912901.285236,2022-07-04T08:35:01,3502096,58.36826666666666,20487.163239305195
1656912909,854000,6230069,0.3125,100,12,2,2022-07-04T08:35:09,3544,59.0809,1656912917.305013,2022-07-04T08:35:17,3519096,58.6516,20576.6638112268
1656912925,918000,6246069,0.4375,191,12,2,2022-07-04T08:35:25,3560,59.34863333333333,1656912933.345425,2022-07-04T08:35:33,3535096,58.91826666666667,20657.974615620828
1656912940,956000,6261069,0.5,144,12,2,2022-07-04T08:35:40,3575,59.59926666666667,1656912949.995513,2022-07-04T08:35:49,3550096,59.16826666666667,20735.88465734337
1656912957,27000,6277069,0.5625,36,12,2,2022-07-04T08:35:57,3592,59.86711666666667,1656912966.0356119,2022-07-04T08:36:06,3566096,59.43493333333333,20826.938357958887
1656912972,953000,6293069,0.5625,50,12,2,2022-07-04T08:36:12,3607,60.13255,1656912982.3855329,2022-07-04T08:36:22,3582096,59.7016,20911.3156664905
1656913005,833000,6326069,0.75,250,12,2,2022-07-04T08:36:45,3640,60.680550000000004,1656913014.345273,2022-07-04T08:36:54,3615096,60.2516,21100.596315518666
1656913035,946000,6356069,0.875,26,12,2,2022-07-04T08:37:15,3670,61.18243333333333,1656913043.406669,2022-07-04T08:37:23,3645096,60.7516,21258.079606082745
1656913051,257000,6371069,0.9375,81,12,2,2022-07-04T08:37:31,3686,61.43761666666667,1656913059.815973,2022-07-04T08:37:39,3660096,61.0016,21337.810033889346
1656913067,41000,6387069,1.0,90,12,2,2022-07-04T08:37:47,3702,61.70068333333334,1656913075.5368688,2022-07-04T08:37:55,3676096,61.26826666666667,21411.880416824257
1656913083,245000,6403069,1.125,78,12,2,2022-07-04T08:38:03,3718,61.970749999999995,1656913091.9468598,2022-07-04T08:38:11,3692096,61.534933333333335,21489.491158333116
1656913097,105000,6417069,1.1875,71,12,2,2022-07-04T08:38:17,3732,62.20175,1656913108.7057638,2022-07-04T08:38:28,3706096,61.76826666666667,21559.75365886137
1656913114,760000,6435069,1.3125,49,12,2,2022-07-04T08:38:34,3749,62.496,1656913124.188616,2022-07-04T08:38:44,3724096,62.068266666666666,21638.000597010305
1656913130,281000,6450069,1.375,171,12,2,2022-07-04T08:38:50,3765,62.75468333333333,1656913139.745709,2022-07-04T08:38:59,3739096,62.318266666666666,21708.023376851488
1656913147,299000,6467069,1.5,203,12,2,2022-07-04T08:39:07,3782,63.03831666666667,1656913156.506785,2022-07-04T08:39:16,3756096,62.6016,21798.592373357926
1656913161,581000,6481069,1.5625,142,12,2,2022-07-04T08:39:21,3796,63.27635,1656913168.90692,2022-07-04T08:39:28,3770096,62.83493333333333,21865.751070423943
1656913191,530000,6511069,1.75,14,12,2,2022-07-04T08:39:51,3826,63.7755,1656913201.633313,2022-07-04T08:40:01,3800096,63.33493333333333,22020.601607061006
1656913222,168000,6542068,1.9375,157,12,2,2022-07-04T08:40:22,3857,64.28613333333334,1656913232.4667518,2022-07-04T08:40:32,3831095,63.85158333333333,22182.630229574956
1656913240,315000,6560069,2.0625,231,12,2,2022-07-04T08:40:40,3875,64.58858333333333,1656913248.985988,2022-07-04T08:40:48,3849096,64.1516,22289.23497756482
1656913254,560000,6574068,2.125,155,12,2,2022-07-04T08:40:54,3889,64.826,1656913265.1161568,2022-07-04T08:41:05,3863095,64.38491666666667,22370.717984850977
1656913270,852000,6590068,2.1875,227,12,2,2022-07-04T08:41:10,3905,65.09753333333333,1656913277.846761,2022-07-04T08:41:17,3879095,64.65158333333333,22465.920899243112
1656913316,864000,6636068,2.375,103,12,2,2022-07-04T08:41:56,3951,65.8644,1656913325.686101,2022-07-04T08:42:05,3925095,65.41825,22721.516135224112
1656913333,646000,6653069,2.4375,65,12,2,2022-07-04T08:42:13,3968,66.14410000000001,1656913341.838424,2022-07-04T08:42:21,3942096,65.7016,22808.76743259985
1656913347,607000,6667068,2.5,247,12,2,2022-07-04T08:42:27,3982,66.37678333333334,1656913357.796937,2022-07-04T08:42:37,3956095,65.93491666666667,22882.752819768735
1656913364,898000,6684068,2.5625,114,12,2,2022-07-04T08:42:44,3999,66.66496666666667,1656913373.77616,2022-07-04T08:42:53,3973095,66.21825,22975.632922805915
1656913381,994000,6701068,2.625,100,12,2,2022-07-04T08:43:01,4016,66.9499,1656913390.546092,2022-07-04T08:43:10,3990095,66.50158333333333,23052.38006904009
1656913397,208000,6716068,2.75,226,12,2,2022-07-04T08:43:17,4032,67.20346666666667,1656913406.696128,2022-07-04T08:43:26,4005095,66.75158333333333,23118.83830397296
1656913407,122000,6726068,2.8125,206,12,2,2022-07-04T08:43:27,4042,67.3687,1656913418.301616,2022-07-04T08:43:38,4015095,66.91825,23174.955884652252
1656913428,20000,6747068,2.9375,93,12,2,2022-07-04T08:43:48,4063,67.717,1656913434.8461008,2022-07-04T08:43:54,4036095,67.26825,23280.633807201244
1656913442,902000,6762069,3.0,229,12,2,2022-07-04T08:44:02,4077,67.96503333333334,1656913450.956936,2022-07-04T08:44:10,4051096,67.51826666666666,23357.547389819767
1656913458,732000,6778069,3.125,225,12,2,2022-07-04T08:44:18,4093,68.22886666666666,1656913466.776136,2022-07-04T08:44:26,4067096,67.78493333333333,23441.59225832575
1656913474,82000,6793068,3.25,69,12,2,2022-07-04T08:44:34,4109,68.4847,1656913483.646705,2022-07-04T08:44:43,4082095,68.03491666666666,23525.245868539147
1656913520,355000,6839068,3.5625,195,12,2,2022-07-04T08:45:20,4155,69.25591666666666,1656913530.316241,2022-07-04T08:45:30,4128095,68.80158333333334,23776.977989832238
1656913536,330000,6855068,3.6875,62,12,2,2022-07-04T08:45:36,4171,69.52216666666666,1656913543.005837,2022-07-04T08:45:43,4144095,69.06825,23873.873907495
1656913551,515000,6870069,3.75,219,12,2,2022-07-04T08:45:51,4186,69.77525,1656913558.9979608,2022-07-04T08:45:58,4159096,69.31826666666666,23956.061040911176
1656913564,497000,6883069,3.875,234,12,2,2022-07-04T08:46:04,4199,69.99161666666667,1656913574.956393,2022-07-04T08:46:14,4172096,69.53493333333333,24024.050705336085
1656913583,694000,6902068,4.0,66,12,2,2022-07-04T08:46:23,4218,70.31156666666668,1656913591.23668,2022-07-04T08:46:31,4191095,69.85158333333334,24131.67924265436
1656913611,522000,6930069,4.1875,210,12,2,2022-07-04T08:46:51,4246,70.77536666666667,1656913623.2164,2022-07-04T08:47:03,4219096,70.31826666666666,24279.940718293106
1656913630,860000,6949068,4.3125,20,12,2,2022-07-04T08:47:10,4265,71.09766666666665,1656913640.016893,2022-07-04T08:47:20,4238095,70.63491666666667,24383.213184900873
1656913646,8000,6964069,4.375,233,12,2,2022-07-04T08:47:26,4281,71.35013333333333,1656913655.14748,2022-07-04T08:47:35,4253096,70.88493333333332,24458.609678819445
1656913678,158000,6996068,4.625,49,12,2,2022-07-04T08:47:58,4313,71.88596666666668,1656913684.625705,2022-07-04T08:48:04,4285095,71.41825,24622.835654422746
1656913693,953000,7012068,4.75,164,12,2,2022-07-04T08:48:13,4328,72.14921666666667,1656913700.7563238,2022-07-04T08:48:20,4301095,71.68491666666667,24699.413375185777
1656913725,198000,7043068,5.0625,18,12,2,2022-07-04T08:48:45,4360,72.66996666666667,1656913733.036969,2022-07-04T08:48:53,4332095,72.20158333333333,24838.545243355555
1656913734,327000,7058068,5.125,51,12,2,2022-07-04T08:48:54,4369,72.82211666666667,1656913748.6259,2022-07-04T08:49:08,4347095,72.45158333333333,24876.851514639136
1656913755,891000,7074068,5.25,208,12,2,2022-07-04T08:49:15,4390,73.18151666666667,1656913764.836777,2022-07-04T08:49:24,4363095,72.71825,24977.816288287595
1656913772,1000,7090069,5.375,237,12,2,2022-07-04T08:49:32,4407,73.45001666666667,1656913781.517752,2022-07-04T08:49:41,4379096,72.98493333333333,25067.05548125406
1656913788,135000,7106068,5.5,118,12,2,2022-07-04T08:49:48,4423,73.71891666666667,1656913797.735792,2022-07-04T08:49:57,4395095,73.25158333333334,25131.865903248978
1656913803,251000,7121068,5.625,159,12,2,2022-07-04T08:50:03,4438,73.97085,1656913813.746397,2022-07-04T08:50:13,4410095,73.50158333333334,25211.21344597625
1656913819,445000,7137069,5.75,95,12,2,2022-07-04T08:50:19,4454,74.24074999999999,1656913826.2067928,2022-07-04T08:50:26,4426096,73.76826666666666,25294.145531393835
1656913832,359000,7150068,5.8125,221,12,2,2022-07-04T08:50:32,4467,74.45598333333334,1656913842.3863158,2022-07-04T08:50:42,4439095,73.98491666666668,25380.5439567578
1656913867,507000,7185068,6.125,65,12,2,2022-07-04T08:51:07,4502,75.04178333333333,1656913875.0356998,2022-07-04T08:51:15,4474095,74.56825,25569.623749404
1656913883,231000,7201068,6.25,61,12,2,2022-07-04T08:51:23,4518,75.30385,1656913890.356561,2022-07-04T08:51:30,4490095,74.83491666666667,25655.7446997323
1656913898,690000,7216068,nan,215,12,2,2022-07-04T08:51:38,4533,75.5615,1656913906.5161169,2022-07-04T08:51:46,4505095,75.08491666666667,25749.658809066845
1656913914,729000,7232069,6.4375,234,12,2,2022-07-04T08:51:54,4549,75.82881666666667,1656913923.115432,2022-07-04T08:52:03,4521096,75.35159999999999,25831.390842804518
1656913929,453000,7247068,6.5625,221,12,2,2022-07-04T08:52:09,4564,76.07421666666667,1656913939.076344,2022-07-04T08:52:19,4536095,75.60158333333334,25906.391896213543
1656913943,673000,7261068,6.6875,154,12,2,2022-07-04T08:52:23,4578,76.31121666666667,1656913951.458401,2022-07-04T08:52:31,4550095,75.83491666666667,25973.666294105806
1656913955,528000,7273069,6.75,80,12,2,2022-07-04T08:52:35,4590,76.50880000000001,1656913967.5253448,2022-07-04T08:52:47,4562096,76.03493333333333,26045.119707387476
1656913973,887000,7291069,6.875,81,12,2,2022-07-04T08:52:53,4608,76.81478333333332,1656913983.4563448,2022-07-04T08:53:03,4580096,76.33493333333332,26134.948029318493
1656913990,699000,7308069,7.0625,121,12,2,2022-07-04T08:53:10,4625,77.09498333333333,1656913999.5955799,2022-07-04T08:53:19,4597096,76.61826666666666,26206.430408684835
1656914007,922000,7325069,7.1875,171,12,2,2022-07-04T08:53:27,4642,77.38203333333333,1656914015.5465648,2022-07-04T08:53:35,4614096,76.90159999999999,26271.815850050672
1656914023,736000,7341068,7.3125,164,12,2,2022-07-04T08:53:43,4658,77.6456,1656914032.0350878,2022-07-04T08:53:52,4630095,77.16825,26344.238071048407
1656914038,892000,7356095,7.4375,187,12,2,2022-07-04T08:53:58,4673,77.8982,1656914048.386957,2022-07-04T08:54:08,4645122,77.4187,26400.976441070823
1656914054,935000,7372069,7.5625,198,12,2,2022-07-04T08:54:14,4689,78.16558333333334,1656914064.5258439,2022-07-04T08:54:24,4661096,77.68493333333332,26483.04979385114
1656914087,126000,7404095,7.75,139,12,2,2022-07-04T08:54:47,4722,78.7021,1656914093.415333,2022-07-04T08:54:53,4693122,78.2187,26190.370655197887
1656914101,119000,7418091,7.75,47,12,2,2022-07-04T08:55:01,4736,78.93531666666667,1656914109.1654239,2022-07-04T08:55:09,4707118,78.45196666666668,25656.969792414413
1656914116,905000,7434070,7.75,84,12,2,2022-07-04T08:55:16,4751,79.19841666666666,1656914126.196285,2022-07-04T08:55:26,4723097,78.71828333333333,24974.87153424819
1656914131,323000,7448068,nan,179,12,2,2022-07-04T08:55:31,4766,79.43871666666668,1656914142.016573,2022-07-04T08:55:42,4737095,78.95158333333333,24355.686322654787
1656914150,82000,7467103,7.625,28,12,2,2022-07-04T08:55:50,4785,79.75136666666667,1656914158.22534,2022-07-04T08:55:58,4756130,79.26883333333333,23557.75788637358
1656914164,807000,7482069,7.5,14,12,2,2022-07-04T08:56:04,4799,79.99678333333333,1656914173.5753958,2022-07-04T08:56:13,4771096,79.51826666666666,22830.67929071826
1656914181,449000,7498069,7.375,172,12,2,2022-07-04T08:56:21,4816,80.27414999999999,1656914190.586232,2022-07-04T08:56:30,4787096,79.78493333333333,22366.735504535394
1656914197,586000,7514069,7.25,145,12,2,2022-07-04T08:56:37,4832,80.54310000000001,1656914206.6460998,2022-07-04T08:56:46,4803096,80.0516,21808.474607994922
1656914212,344000,7530068,7.125,249,12,2,2022-07-04T08:56:52,4847,80.78906666666667,1656914219.255328,2022-07-04T08:56:59,4819095,80.31825,21204.716840335215
1656914223,216000,7542069,7.0,135,12,2,2022-07-04T08:57:03,4858,80.97026666666667,1656914235.015364,2022-07-04T08:57:15,4831096,80.51826666666666,20954.179274967162
1656914241,678000,7558068,6.875,189,12,2,2022-07-04T08:57:21,4876,81.27796666666667,1656914251.276669,2022-07-04T08:57:31,4847095,80.78491666666667,20395.211567995808
1656914256,669000,7573068,6.6875,81,12,2,2022-07-04T08:57:36,4891,81.52781666666667,1656914267.054957,2022-07-04T08:57:47,4862095,81.03491666666667,19960.726483240156
1656914274,736000,7591069,6.4375,208,12,2,2022-07-04T08:57:54,4909,81.82893333333332,1656914282.744628,2022-07-04T08:58:02,4880096,81.33493333333332,19452.259260708182
1656914305,762000,7623068,5.9375,197,12,2,2022-07-04T08:58:25,4940,82.34603333333332,1656914315.465637,2022-07-04T08:58:35,4912095,81.86825,18628.722007053624
1656914335,458000,7652068,5.3125,67,12,2,2022-07-04T08:58:55,4970,82.84096666666666,1656914343.396952,2022-07-04T08:59:03,4941095,82.35158333333334,17889.21216755488
1656914385,64000,7701068,4.125,97,12,2,2022-07-04T08:59:45,5020,83.66773333333335,1656914392.2276208,2022-07-04T08:59:52,4990095,83.16825,16743.434652017564
1656914398,115000,7714068,3.8125,38,12,2,2022-07-04T08:59:58,5033,83.88525,1656914409.016921,2022-07-04T09:00:09,5003095,83.38491666666667,16455.908755755212
1656914412,965000,7730069,3.375,207,12,2,2022-07-04T09:00:12,5047,84.13275,1656914423.736925,2022-07-04T09:00:23,5019096,83.65159999999999,16135.970870703033
1656914426,430000,7747118,2.9375,66,12,2,2022-07-04T09:00:26,5061,84.35716666666667,1656914439.91734,2022-07-04T09:00:39,5036145,83.93575000000001,15805.020335988784
1656914447,47000,7763148,2.5,129,12,2,2022-07-04T09:00:47,5082,84.70078333333332,1656914456.847069,2022-07-04T09:00:56,5052175,84.20291666666667,15511.592049562269
1656914462,722000,7779068,2.0625,20,12,2,2022-07-04T09:01:02,5097,84.96203333333332,1656914472.877692,2022-07-04T09:01:12,5068095,84.46825,15237.963934336378
1656914479,296000,7795068,1.5625,106,12,2,2022-07-04T09:01:19,5114,85.23826666666668,1656914485.918172,2022-07-04T09:01:25,5084095,84.73491666666668,14950.560554907495
1656914496,325000,7812068,1.125,165,12,2,2022-07-04T09:01:36,5131,85.52208333333333,1656914502.940105,2022-07-04T09:01:42,5101095,85.01825000000001,14664.99192612661
1656914508,222000,7824069,0.8125,87,12,2,2022-07-04T09:01:48,5143,85.72036666666666,1656914518.1498048,2022-07-04T09:01:58,5113096,85.21826666666666,14467.361555284737
1656914526,151000,7842069,0.375,20,12,2,2022-07-04T09:02:06,5161,86.01918333333333,1656914534.558785,2022-07-04T09:02:14,5131096,85.51826666666666,14172.833874195603
1656914543,292000,7859069,-0.0625,45,12,2,2022-07-04T09:02:23,5178,86.30486666666667,1656914550.608721,2022-07-04T09:02:30,5148096,85.8016,13901.679652484383
1656914573,520000,7889069,-0.5625,242,12,2,2022-07-04T09:02:53,5208,86.80866666666667,1656914582.6683118,2022-07-04T09:03:02,5178096,86.3016,13444.085596413828
1656914589,614000,7905069,-0.875,67,12,2,2022-07-04T09:03:09,5224,87.0769,1656914598.968865,2022-07-04T09:03:18,5194096,86.56826666666666,13207.33171439726
1656914605,439000,7921069,-1.1875,165,12,2,2022-07-04T09:03:25,5240,87.34065000000001,1656914612.019197,2022-07-04T09:03:32,5210096,86.83493333333332,12979.85977209571
1656914621,677000,7937069,-1.5,131,12,2,2022-07-04T09:03:41,5256,87.61128333333333,1656914628.008889,2022-07-04T09:03:48,5226096,87.10159999999999,12750.12772892049
1656914636,115000,7952296,-1.8125,29,12,2,2022-07-04T09:03:56,5271,87.85191666666667,1656914643.718353,2022-07-04T09:04:03,5241323,87.35538333333334,12545.170723028334
1656914650,459000,7966069,-2.25,7,12,2,2022-07-04T09:04:10,5285,88.09098333333333,1656914660.6393049,2022-07-04T09:04:20,5255096,87.58493333333332,12335.059334316913
1656914665,860000,7982356,-2.6875,192,12,2,2022-07-04T09:04:25,5300,88.34766666666665,1656914675.639308,2022-07-04T09:04:35,5271383,87.85638333333333,12124.311902321355
1656914682,440000,7998069,-3.1875,117,12,2,2022-07-04T09:04:42,5317,88.624,1656914692.648036,2022-07-04T09:04:52,5287096,88.11826666666666,11900.777278788299
1656914700,471000,8016069,-3.75,88,12,2,2022-07-04T09:05:00,5335,88.92451666666666,1656914710.038589,2022-07-04T09:05:10,5305096,88.41826666666665,11662.925344172234
1656914715,341000,8031147,-4.1875,84,12,2,2022-07-04T09:05:15,5350,89.17235000000001,1656914726.128572,2022-07-04T09:05:26,5320174,88.66956666666667,11471.652904121825
1656914732,394000,8048069,-4.6875,95,12,2,2022-07-04T09:05:32,5367,89.45656666666667,1656914742.4402199,2022-07-04T09:05:42,5337096,88.9516,11251.176729726374
1656914749,461000,8065069,-5.125,82,12,2,2022-07-04T09:05:49,5384,89.74101666666667,1656914759.629972,2022-07-04T09:05:59,5354096,89.23493333333333,11037.78464493151
1656914764,575000,8080069,-5.5,173,12,2,2022-07-04T09:06:04,5399,89.99291666666666,1656914773.108489,2022-07-04T09:06:13,5369096,89.48493333333333,10850.537877915047
1656914781,564000,8097069,-5.8125,217,12,2,2022-07-04T09:06:21,5416,90.27606666666667,1656914789.720757,2022-07-04T09:06:29,5386096,89.76826666666666,10645.506083515738
1656914799,581000,8115069,-6.125,150,12,2,2022-07-04T09:06:39,5434,90.57635,1656914807.44242,2022-07-04T09:06:47,5404096,90.06826666666666,10429.500182681404
1656914815,810000,8131069,-6.5,92,12,2,2022-07-04T09:06:55,5450,90.84683333333334,1656914823.2087839,2022-07-04T09:07:03,5420096,90.33493333333332,10240.134862366194
1656914832,926000,8148069,-6.875,165,12,2,2022-07-04T09:07:12,5467,91.13210000000001,1656914839.549525,2022-07-04T09:07:19,5437096,90.61826666666666,10039.159020509154
1656914849,993000,8165069,-7.3125,173,12,2,2022-07-04T09:07:29,5484,91.41655,1656914856.840833,2022-07-04T09:07:36,5454096,90.90159999999999,9838.677762812746
1656914864,805000,8180069,-7.6875,39,12,2,2022-07-04T09:07:44,5499,91.66341666666668,1656914873.389557,2022-07-04T09:07:53,5469096,91.15159999999999,9669.888093598745
1656914880,907000,8196069,-8.125,212,12,2,2022-07-04T09:08:00,5515,91.93178333333334,1656914890.209161,2022-07-04T09:08:10,5485096,91.41826666666665,9486.702196147418
1656914915,99000,8230069,-8.9375,175,12,2,2022-07-04T09:08:35,5550,92.50165,1656914923.998236,2022-07-04T09:08:43,5519096,91.98493333333333,9102.912690452265
1656914930,935000,8246070,-9.3125,9,12,2,2022-07-04T09:08:50,5565,92.76558333333334,1656914941.1108608,2022-07-04T09:09:01,5535097,92.25161666666666,8929.804241994107
1656914948,964000,8264069,-9.75,35,12,2,2022-07-04T09:09:08,5583,93.06606666666667,1656914958.409108,2022-07-04T09:09:18,5553096,92.5516,8734.127351536183
1656914964,85000,8279069,-10.0,169,12,2,2022-07-04T09:09:24,5599,93.31808333333333,1656914974.459401,2022-07-04T09:09:34,5568096,92.8016,8573.112177804242
1656914981,182000,8296069,-10.3125,235,12,2,2022-07-04T09:09:41,5616,93.60303333333333,1656914991.610328,2022-07-04T09:09:51,5585096,93.08493333333332,8388.737451190535
1656914999,260000,8314069,-10.5,178,12,2,2022-07-04T09:09:59,5634,93.90433333333334,1656915008.869693,2022-07-04T09:10:08,5603096,93.38493333333332,8199.712157117443
1656915014,162000,8329069,-10.5625,12,12,2,2022-07-04T09:10:14,5649,94.15270000000001,1656915021.92834,2022-07-04T09:10:21,5618096,93.63493333333332,8046.118201889495
1656915031,232000,8346069,-10.625,229,12,2,2022-07-04T09:10:31,5666,94.4372,1656915038.528728,2022-07-04T09:10:38,5635096,93.91826666666665,7873.17187593691
1656915048,48000,8363069,-10.625,249,12,2,2022-07-04T09:10:48,5683,94.71746666666667,1656915056.202509,2022-07-04T09:10:56,5652096,94.2016,7703.399935522696
1656915064,233000,8379069,-10.625,100,12,2,2022-07-04T09:11:04,5699,94.98721666666667,1656915071.9784448,2022-07-04T09:11:11,5668096,94.46826666666666,7538.569645072988
1656915081,300000,8396069,-10.625,154,12,2,2022-07-04T09:11:21,5716,95.27166666666668,1656915088.957744,2022-07-04T09:11:28,5685096,94.7516,7369.422336841756
1656915099,354000,8414070,-10.6875,170,12,2,2022-07-04T09:11:39,5734,95.57256666666667,1656915105.887589,2022-07-04T09:11:45,5703097,95.05161666666666,7195.2887811467035
1656915115,448000,8430069,-10.75,24,12,2,2022-07-04T09:11:55,5750,95.8408,1656915122.1647959,2022-07-04T09:12:02,5719096,95.31826666666666,7036.612016016269
1656915130,313000,8445069,-10.8125,8,12,2,2022-07-04T09:12:10,5765,96.08855,1656915138.718541,2022-07-04T09:12:18,5734096,95.56826666666666,6894.1299164322245
1656915147,421000,8462069,-10.875,76,12,2,2022-07-04T09:12:27,5782,96.37368333333333,1656915155.8874888,2022-07-04T09:12:35,5751096,95.85159999999999,6734.131468249911
1656915163,521000,8478069,-10.875,1,12,2,2022-07-04T09:12:43,5798,96.64201666666666,1656915172.569656,2022-07-04T09:12:52,5767096,96.11826666666666,6581.696068319163
1656915181,574000,8496069,-10.9375,144,12,2,2022-07-04T09:13:01,5816,96.9429,1656915189.457484,2022-07-04T09:13:09,5785096,96.41826666666665,6411.622056879184
1656915198,385000,8513069,-10.9375,6,12,2,2022-07-04T09:13:18,5833,97.22308333333334,1656915206.458205,2022-07-04T09:13:26,5802096,96.7016,6254.351574198401
1656915215,422000,8530070,-10.875,22,12,2,2022-07-04T09:13:35,5850,97.50703333333333,1656915222.667465,2022-07-04T09:13:42,5819097,96.98495,6098.78554564919
1656915231,553000,8546069,-10.8125,217,12,2,2022-07-04T09:13:51,5866,97.77588333333333,1656915239.2382889,2022-07-04T09:13:59,5835096,97.2516,5956.676637463074
1656915248,699000,8563069,-10.6875,99,12,2,2022-07-04T09:14:08,5883,98.06165,1656915256.58688,2022-07-04T09:14:16,5852096,97.53493333333333,5808.164957389857
1656915279,726000,8594069,-10.3125,151,12,2,2022-07-04T09:14:39,5914,98.57876666666667,1656915289.3569078,2022-07-04T09:14:49,5883096,98.0516,5540.155149902347
1656915297,777000,8612069,-10.0625,123,12,2,2022-07-04T09:14:57,5932,98.87961666666666,1656915307.226717,2022-07-04T09:15:07,5901096,98.35159999999999,5389.507522275104
1656915312,598000,8627069,-9.875,116,12,2,2022-07-04T09:15:12,5947,99.12663333333333,1656915323.556757,2022-07-04T09:15:23,5916096,98.60159999999999,5268.036664666634
1656915329,629000,8644069,-9.5625,127,12,2,2022-07-04T09:15:29,5964,99.41048333333333,1656915340.5153768,2022-07-04T09:15:40,5933096,98.88493333333332,5126.899912756504
1656915342,810000,8657069,-9.3125,220,12,2,2022-07-04T09:15:42,5977,99.63016666666667,1656915357.6649249,2022-07-04T09:15:57,5946096,99.10159999999999,5008.207759858278
1656915363,725000,8678069,-8.9375,35,12,2,2022-07-04T09:16:03,5998,99.97875,1656915370.8011289,2022-07-04T09:16:10,5967096,99.4516,4841.723360703955
1656915405,760000,8725106,-8.125,43,12,2,2022-07-04T09:16:45,6040,100.67933333333333,1656915418.60634,2022-07-04T09:16:58,6014133,100.23555,4452.429319995919
1656915425,802000,8740069,-7.8125,38,12,2,2022-07-04T09:17:05,6060,101.01336666666666,1656915434.916168,2022-07-04T09:17:14,6029096,100.48493333333333,4328.730099876047
1656915442,944000,8757069,-7.4375,18,12,2,2022-07-04T09:17:22,6077,101.29906666666668,1656915451.695948,2022-07-04T09:17:31,6046096,100.76826666666666,4188.524898679527
1656915458,674000,8773069,-7.125,237,12,2,2022-07-04T09:17:38,6093,101.56123333333333,1656915467.9955769,2022-07-04T09:17:47,6062096,101.03493333333333,4059.947200541545
1656915475,78000,8789069,-6.8125,169,12,2,2022-07-04T09:17:55,6110,101.83463333333334,1656915484.645521,2022-07-04T09:18:04,6078096,101.3016,3921.9959592484847
1656915493,61000,8807069,-6.5,169,12,2,2022-07-04T09:18:13,6128,102.13435,1656915501.4865808,2022-07-04T09:18:21,6096096,101.60159999999999,3773.8288676558773
1656915508,770000,8823069,-6.1875,107,12,2,2022-07-04T09:18:28,6143,102.39616666666667,1656915517.235849,2022-07-04T09:18:37,6112096,101.86826666666666,3657.5326977444774
1656915525,201000,8838069,-5.875,217,12,2,2022-07-04T09:18:45,6160,102.67001666666667,1656915530.5066688,2022-07-04T09:18:50,6127096,102.11826666666666,3532.536233168234
1656915564,830000,8883069,-4.8125,250,12,2,2022-07-04T09:19:24,6199,103.3305,1656915578.8259048,2022-07-04T09:19:38,6172096,102.86826666666666,3181.469241811931
1656915582,156000,8900087,-4.375,184,12,2,2022-07-04T09:19:42,6217,103.61926666666666,1656915595.285709,2022-07-04T09:19:55,6189114,103.1519,3046.407338016735
1656915612,913000,8931260,-3.6875,58,12,2,2022-07-04T09:20:12,6247,104.13188333333332,1656915627.0565999,2022-07-04T09:20:27,6220287,103.67145000000001,2807.853584897375
1656915631,479000,8949071,-3.25,48,12,2,2022-07-04T09:20:31,6266,104.44131666666667,1656915643.705112,2022-07-04T09:20:43,6238098,103.9683,2668.0909776091485
1656915646,345000,8964069,-2.875,1,12,2,2022-07-04T09:20:46,6281,104.68908333333334,1656915656.295377,2022-07-04T09:20:56,6253096,104.21826666666666,2555.5273116022504
1656915691,320000,9009069,-1.75,232,12,2,2022-07-04T09:21:31,6326,105.43866666666666,1656915704.414752,2022-07-04T09:21:44,6298096,104.96826666666666,2226.839316236073
1656915712,254000,9026069,-1.3125,26,12,2,2022-07-04T09:21:52,6347,105.78756666666666,1656915720.8557959,2022-07-04T09:22:00,6315096,105.2516,2104.840856434019
1656915725,258000,9039069,-1.0,142,12,2,2022-07-04T09:22:05,6360,106.0043,1656915737.385728,2022-07-04T09:22:17,6328096,105.46826666666666,2010.6832268641065
1656915743,203000,9057069,-0.4375,178,12,2,2022-07-04T09:22:23,6378,106.30338333333334,1656915753.4499278,2022-07-04T09:22:33,6346096,105.76826666666666,1885.0433392065017
1656915759,377000,9073069,0.0625,55,12,2,2022-07-04T09:22:39,6394,106.57295,1656915768.967556,2022-07-04T09:22:48,6362096,106.03493333333333,1774.0506989935218
1656915775,149000,9089069,0.5,60,12,2,2022-07-04T09:22:55,6410,106.83581666666667,1656915784.956393,2022-07-04T09:23:04,6378096,106.3016,1665.5163291035167
1656915807,562000,9121068,1.3125,232,12,2,2022-07-04T09:23:27,6442,107.37603333333333,1656915814.2848768,2022-07-04T09:23:34,6410095,106.83491666666667,1443.054958610495
1656915822,447000,9136068,1.6875,199,12,2,2022-07-04T09:23:42,6457,107.62411666666667,1656915830.3745408,2022-07-04T09:23:50,6425095,107.08491666666667,1333.720826509725
1656915838,798000,9152068,2.1875,191,12,2,2022-07-04T09:23:58,6473,107.89663333333333,1656915846.686677,2022-07-04T09:24:06,6441095,107.35158333333334,1215.8386294902102
1656915854,621000,9168068,2.6875,136,12,2,2022-07-04T09:24:14,6489,108.16035000000001,1656915863.035801,2022-07-04T09:24:23,6457095,107.61825,1105.7137766979406
1656915869,777000,9183068,3.0625,16,12,2,2022-07-04T09:24:29,6504,108.41295,1656915879.215664,2022-07-04T09:24:39,6472095,107.86825,998.9693905655865
1656915885,807000,9199068,3.5625,240,12,2,2022-07-04T09:24:45,6520,108.68011666666666,1656915895.1387799,2022-07-04T09:24:55,6488095,108.13491666666667,948.4970703125
